Name,Gene(s),Protein change,Condition(s),Accession,GRCh37Chromosome,GRCh37Location,GRCh38Chromosome,GRCh38Location,VariationID,AlleleID(s),dbSNP ID,Canonical SPDI,Variant type,Molecular consequence,Germline classification,Germline date last evaluated,Germline review status,Somatic clinical impact,Somatic clinical impact date last evaluated,Somatic clinical impact review status,Oncogenicity classification,Oncogenicity date last evaluated,Oncogenicity review status,Unnamed: 24
NM_032588.4(TRIM63):c.956T>C (p.Leu319Pro),TRIM63,L319P,"Cardiomyopathy, familial hypertrophic, 31",VCV004057303,1,26383717,1,26057226,4057303,4171235,,NC_000001.11:26057225:A:G,single nucleotide variant,missense variant,Pathogenic,"Jul 18, 2025",no assertion criteria provided,,,,,,,
NM_015506.3(MMACHC):c.394C>T (p.Arg132Ter),MMACHC,"R132*, R75*",cblC type of combined methylmalonic aciduria and homocystinuria|not provided|Methylmalonic aciduria and homocystinuria type cblD|Cobalamin C disease|Abnormality of metabolism/homeostasis,VCV000001423,1,45974001,1,45508329,1423,16462,rs121918241,NC_000001.11:45508328:C:T,single nucleotide variant,nonsense,Pathogenic,"Jan 20, 2026","criteria provided, multiple submitters, no conflicts",,,,,,,
NM_144573.4(NEXN):c.265A>T (p.Lys89Ter),LOC126805765|NEXN,"K25*, K89*",Hypertrophic cardiomyopathy 20|Dilated cardiomyopathy 1CC,VCV004786625,1,78383690,1,77918005,4786625,4900203,,NC_000001.11:77918004:A:T,single nucleotide variant,nonsense,Pathogenic,"Jan 15, 2026","criteria provided, single submitter",,,,,,,
NM_144573.4(NEXN):c.298G>T (p.Gly100Ter),NEXN|LOC126805765,"G100*, G36*",Dilated cardiomyopathy 1CC|Hypertrophic cardiomyopathy 20|not provided,VCV002936967,1,78383723,1,77918038,2936967,3099329,rs1361285566,NC_000001.11:77918037:G:T,single nucleotide variant,nonsense,Pathogenic,"Jan 15, 2026","criteria provided, multiple submitters, no conflicts",,,,,,,
NM_144573.4(NEXN):c.391C>G (p.Gln131Glu),LOC126805765|NEXN,"Q131E, Q67E",Hypertrophic cardiomyopathy 20,VCV000030993,1,78383902,1,77918217,30993,39950,rs387907079,NC_000001.11:77918216:C:G,single nucleotide variant,missense variant,Pathogenic,"Nov 12, 2010",no assertion criteria provided,,,,,,,
NM_144573.4(NEXN):c.1084A>T (p.Lys362Ter),NEXN,"K298*, K362*",Hypertrophic cardiomyopathy 20|Dilated cardiomyopathy 1CC,VCV002132590,1,78398997,1,77933312,2132590,2186591,rs779386334,NC_000001.11:77933311:A:T,single nucleotide variant,nonsense,Pathogenic,"Jan 15, 2026","criteria provided, single submitter",,,,,,,
NM_144573.4(NEXN):c.1501A>T (p.Arg501Ter),NEXN,"R437*, R501*",Hypertrophic cardiomyopathy 20|Dilated cardiomyopathy 1CC,VCV002123226,1,78407735,1,77942050,2123226,2181119,rs2523301351,NC_000001.11:77942049:A:T,single nucleotide variant,nonsense,Pathogenic,"Jan 15, 2026","criteria provided, single submitter",,,,,,,
NM_002524.5(NRAS):c.182A>C (p.Gln61Pro),NRAS,Q61P,not provided,VCV000280409,1,115256529,1,114713908,280409,263939,rs11554290,NC_000001.11:114713907:T:G,single nucleotide variant,missense variant,Pathogenic,"Mar 22, 2016","criteria provided, single submitter",,,,,,,
NM_002524.5(NRAS):c.182A>G (p.Gln61Arg),NRAS,Q61R,Vascular malformation|Colorectal cancer|not provided|Noonan syndrome 6|Non-small cell lung carcinoma|Melanoma|Follicular thyroid carcinoma|Embryonal rhabdomyosarcoma|Germinoma|Neoplasm,VCV000013900,1,115256529,1,114713908,13900,28939,rs11554290,NC_000001.11:114713907:T:C,single nucleotide variant,missense variant,Pathogenic,"Nov 26, 2025","criteria provided, multiple submitters, no conflicts",Tier I - Strong,"Mar 5, 2025","criteria provided, single submitter",Oncogenic,"Mar 4, 2025","criteria provided, single submitter",
NM_002524.5(NRAS):c.179G>A (p.Gly60Glu),NRAS,G60E,RASopathy,VCV000013903,1,115256532,1,114713911,13903,28942,rs267606920,NC_000001.11:114713910:C:T,single nucleotide variant,missense variant,Pathogenic,"Dec 3, 2024",reviewed by expert panel,,,,,,,
NM_002524.5(NRAS):c.173C>T (p.Thr58Ile),NRAS,T58I,Noonan syndrome,VCV001070042,1,115256538,1,114713917,1070042,1058378,rs2101742052,NC_000001.11:114713916:G:A,single nucleotide variant,missense variant,Pathogenic,"Dec 3, 2024",reviewed by expert panel,,,,,,,
NM_002524.5(NRAS):c.149C>T (p.Thr50Ile),NRAS,T50I,RASopathy,VCV000013902,1,115256562,1,114713941,13902,28941,rs267606921,NC_000001.11:114713940:G:A,single nucleotide variant,missense variant,Pathogenic,"Sep 17, 2024",reviewed by expert panel,,,,,,,
NM_002524.5(NRAS):c.101C>T (p.Pro34Leu),NRAS,P34L,Epidermal nevus|Acute myeloid leukemia,VCV000039647,1,115258681,1,114716060,39647,48246,rs397514553,NC_000001.11:114716059:G:A,single nucleotide variant,missense variant,Pathogenic,"Apr 1, 2012",no assertion criteria provided,,,,Oncogenic,"Oct 12, 2025","criteria provided, single submitter",
NM_002524.5(NRAS):c.34G>A (p.Gly12Ser),NRAS,G12S,RASopathy|Neoplasm,VCV000177778,1,115258748,1,114716127,177778,172332,rs121913250,NC_000001.11:114716126:C:T,single nucleotide variant,missense variant,Pathogenic,"Dec 3, 2024",reviewed by expert panel,,,,Oncogenic,"Mar 4, 2025","criteria provided, single submitter",
NM_002524.5(NRAS):c.34G>C (p.Gly12Arg),NRAS,G12R,not provided|Noonan syndrome 6|Increased nuchal translucency,VCV000040469,1,115258748,1,114716127,40469,48939,rs121913250,NC_000001.11:114716126:C:G,single nucleotide variant,missense variant,Pathogenic,"Jan 2, 2024","criteria provided, multiple submitters, no conflicts",,,,,,,
NM_025207.5(FLAD1):c.745C>T (p.Arg249Ter),FLAD1,"R150*, R152*, R249*",not provided|Myopathy with abnormal lipid metabolism|Multiple acyl-CoA dehydrogenase deficiency,VCV000801554,1,154960953,1,154988477,801554,789852,rs199979286,NC_000001.11:154988476:C:T,single nucleotide variant,nonsense,Pathogenic,"Jul 9, 2025","criteria provided, multiple submitters, no conflicts",,,,,,,
NM_006912.6(RIT1):c.284G>C (p.Gly95Ala),RIT1,"G95A, G112A, G59A",Cardiovascular phenotype|not provided|Noonan syndrome|Noonan syndrome and Noonan-related syndrome|Noonan syndrome 8|RASopathy,VCV000060509,1,155874247,1,155904456,60509,75096,rs672601335,NC_000001.11:155904455:C:G,single nucleotide variant,missense variant,Pathogenic,"Dec 11, 2025","criteria provided, multiple submitters, no conflicts",,,,,,,
NM_006912.6(RIT1):c.270G>T (p.Met90Ile),RIT1,"M90I, M107I, M54I",Inborn genetic diseases|not provided|Noonan syndrome 8|RASopathy,VCV000265328,1,155874261,1,155904470,265328,259632,rs483352822,NC_000001.11:155904469:C:A,single nucleotide variant,missense variant,Pathogenic,"Feb 10, 2025","criteria provided, multiple submitters, no conflicts",,,,,,,
NM_006912.6(RIT1):c.268A>G (p.Met90Val),RIT1,"M90V, M107V, M54V",RASopathy,VCV000561681,1,155874263,1,155904472,561681,552492,rs1557960039,NC_000001.11:155904471:T:C,single nucleotide variant,missense variant,Pathogenic,"Sep 17, 2024",reviewed by expert panel,,,,,,,
NM_006912.6(RIT1):c.265T>C (p.Tyr89His),RIT1,"Y89H, Y53H, Y106H",Noonan syndrome and Noonan-related syndrome|Noonan syndrome 8|not provided,VCV000183411,1,155874266,1,155904475,183411,181505,rs869025197,NC_000001.11:155904474:A:G,single nucleotide variant,missense variant,Pathogenic,"Feb 2, 2025","criteria provided, multiple submitters, no conflicts",,,,,,,
NM_006912.6(RIT1):c.247A>C (p.Thr83Pro),RIT1,"T83P, T100P, T47P",Inborn genetic diseases|not provided|Noonan syndrome 8|Noonan syndrome 1|RASopathy,VCV000183409,1,155874284,1,155904493,183409,181507,rs869025195,NC_000001.11:155904492:T:G,single nucleotide variant,missense variant,Pathogenic,"Oct 11, 2024","criteria provided, multiple submitters, no conflicts",,,,,,,
NM_006912.6(RIT1):c.246T>A (p.Phe82Leu),RIT1,"F82L, F99L, F46L",Cardiovascular phenotype|Noonan syndrome|Noonan syndrome 8|not provided|Noonan syndrome 1,VCV000370035,1,155874285,1,155904494,370035,354275,rs730881014,NC_000001.11:155904493:A:T,single nucleotide variant,missense variant,Pathogenic,"Jan 12, 2026","criteria provided, multiple submitters, no conflicts",,,,,,,
NM_006912.6(RIT1):c.245T>C (p.Phe82Ser),RIT1,"F46S, F82S, F99S",Noonan syndrome 1,VCV000694696,1,155874286,1,155904495,694696,682796,rs868208063,NC_000001.11:155904494:A:G,single nucleotide variant,missense variant,Pathogenic,,"criteria provided, single submitter",,,,,,,
NM_006912.6(RIT1):c.245T>G (p.Phe82Cys),RIT1,"F82C, F99C, F46C",RIT1-related disorder|Noonan syndrome 8|RASopathy|not provided,VCV000372863,1,155874286,1,155904495,372863,359228,rs868208063,NC_000001.11:155904494:A:C,single nucleotide variant,missense variant,Pathogenic,"Jul 8, 2024","criteria provided, multiple submitters, no conflicts",,,,,,,
NM_006912.6(RIT1):c.244T>G (p.Phe82Val),RIT1,"F82V, F99V, F46V",Noonan syndrome and Noonan-related syndrome|Cardiovascular phenotype|Noonan syndrome 8|not provided|RASopathy,VCV000183408,1,155874287,1,155904496,183408,181508,rs869025194,NC_000001.11:155904495:A:C,single nucleotide variant,missense variant,Pathogenic,"Oct 29, 2025","criteria provided, multiple submitters, no conflicts",,,,,,,
NM_006912.6(RIT1):c.244T>C (p.Phe82Leu),RIT1,"F82L, F99L, F46L",Noonan syndrome and Noonan-related syndrome|Noonan syndrome 8|not provided|RASopathy,VCV000183407,1,155874287,1,155904496,183407,181509,rs869025194,NC_000001.11:155904495:A:G,single nucleotide variant,missense variant,Pathogenic,"Aug 12, 2025","criteria provided, multiple submitters, no conflicts",,,,,,,
NM_006912.6(RIT1):c.244T>A (p.Phe82Ile),RIT1,"F82I, F99I, F46I",Noonan syndrome 8|not provided,VCV000183406,1,155874287,1,155904496,183406,181510,rs869025194,NC_000001.11:155904495:A:T,single nucleotide variant,missense variant,Pathogenic,"Aug 5, 2024","criteria provided, multiple submitters, no conflicts",,,,,,,
NM_006912.6(RIT1):c.229G>T (p.Ala77Ser),RIT1,"A77S, A41S, A94S",Noonan syndrome 8|not provided,VCV000561621,1,155874530,1,155904739,561621,552494,rs869025191,NC_000001.11:155904738:C:A,single nucleotide variant,missense variant,Pathogenic,"Apr 11, 2023","criteria provided, multiple submitters, no conflicts",,,,,,,
NM_006912.6(RIT1):c.111G>C (p.Met37Ile),RIT1,"M1I, M37I, M54I",Noonan syndrome 8,VCV002431215,1,155880293,1,155910502,2431215,2404721,,NC_000001.11:155910501:C:G,single nucleotide variant,missense variant|initiator_codon_variant,Pathogenic,"Jan 1, 2022","criteria provided, single submitter",,,,,,,
NM_006912.6(RIT1):c.104G>C (p.Ser35Thr),RIT1,"S35T, S52T",Noonan syndrome 8|not provided|RASopathy|Noonan syndrome,VCV000183401,1,155880449,1,155910658,183401,181515,rs869025189,NC_000001.11:155910657:C:G,single nucleotide variant,missense variant|intron variant,Pathogenic,"Jan 11, 2024","criteria provided, multiple submitters, no conflicts",,,,,,,
NM_006912.6(RIT1):c.69A>C (p.Lys23Asn),RIT1,"K23N, K40N",Noonan syndrome 8|not provided|Noonan syndrome 1,VCV000581105,1,155880484,1,155910693,581105,556612,rs1557962794,NC_000001.11:155910692:T:G,single nucleotide variant,missense variant|intron variant,Pathogenic,"Oct 4, 2024","criteria provided, multiple submitters, no conflicts",,,,,,,
NM_006912.6(RIT1):c.67A>G (p.Lys23Glu),RIT1,"K23E, K40E",Noonan syndrome 8,VCV001695891,1,155880486,1,155910695,1695891,1688300,rs869312687,NC_000001.11:155910694:T:C,single nucleotide variant,missense variant|intron variant,Pathogenic,,"criteria provided, single submitter",,,,,,,
NM_170707.4(LMNA):c.398G>T (p.Arg133Leu),LOC126805877|LMNA,"R133L, R21L, R52L",Charcot-Marie-Tooth disease type 2,VCV000014488,1,156100449,1,156130658,14488,29527,rs60864230,NC_000001.11:156130657:G:T,single nucleotide variant,missense variant,Pathogenic,"Jul 5, 2020","criteria provided, single submitter",,,,,,,
NM_170707.4(LMNA):c.1398T>G (p.Asn466Lys),LMNA,"N258K, N280K, N354K, N367K, N385K, N466K",LMNA-related disorder,VCV003895533,1,156106729,1,156136938,3895533,4011407,,NC_000001.11:156136937:T:G,single nucleotide variant,missense variant,Pathogenic,"May 2, 2025","criteria provided, single submitter",,,,,,,
NM_001377299.1(NDUFS2):c.686C>A (p.Pro229Gln),NDUFS2,P229Q,"Mitochondrial complex I deficiency, nuclear type 6",VCV000006710,1,161179705,1,161209915,6710,21749,rs121434428,NC_000001.11:161209914:C:A,single nucleotide variant,missense variant|non-coding transcript variant,Pathogenic,"Feb 1, 2001",no assertion criteria provided,,,,,,,
NM_001276345.2(TNNT2):c.847A>G (p.Lys283Glu),TNNT2,"K273E, K280E, K283E, K240E, K267E, K270E",not provided,VCV000431937,1,201328755,1,201359627,431937,425329,rs1553279294,NC_000001.11:201359626:T:C,single nucleotide variant,missense variant,Pathogenic,"Sep 28, 2017","criteria provided, single submitter",,,,,,,
NM_001276345.2(TNNT2):c.547C>T (p.Arg183Trp),TNNT2,"R173W, R183W, R143W, R168W","Cardiovascular phenotype|Hypertrophic cardiomyopathy 2|Dilated cardiomyopathy 1D|Cardiomyopathy, familial restrictive, 3|Cardiomyopathy|Cardiomyopathy, familial restrictive, 3|Dilated cardiomyopathy 1D|Hypertrophic cardiomyopathy 2|Primary dilated cardiomyopathy|not provided",VCV000228409,1,201332477,1,201363349,228409,228285,rs727503512,NC_000001.11:201363348:G:A,single nucleotide variant,missense variant,Pathogenic,"Jan 12, 2026","criteria provided, multiple submitters, no conflicts",,,,,,,
NM_001276345.2(TNNT2):c.422G>A (p.Arg141Gln),TNNT2,"R131Q, R141Q, R101Q, R126Q","not provided|Hypertrophic cardiomyopathy 2|Cardiomyopathy, familial restrictive, 3|Dilated cardiomyopathy 1D|Hypertrophic cardiomyopathy 2|Cardiomyopathy, familial restrictive, 3|Primary dilated cardiomyopathy|Dilated cardiomyopathy 1D",VCV000043637,1,201333493,1,201364365,43637,52806,rs397516464,NC_000001.11:201364364:C:T,single nucleotide variant,missense variant,Pathogenic,"Mar 27, 2025","criteria provided, multiple submitters, no conflicts",,,,,,,
NM_001276345.2(TNNT2):c.358T>A (p.Phe120Ile),TNNT2,"F110I, F120I, F105I","Cardiomyopathy|Dilated cardiomyopathy 1D|Hypertrophic cardiomyopathy 2|Cardiomyopathy, familial restrictive, 3|Hypertrophic cardiomyopathy",VCV000012412,1,201334372,1,201365244,12412,27451,rs121964858,NC_000001.11:201365243:A:T,single nucleotide variant,missense variant|intron variant,Pathogenic,"Apr 25, 2024","criteria provided, multiple submitters, no conflicts",,,,,,,
NM_001276345.2(TNNT2):c.321G>C (p.Lys107Asn),TNNT2,"K96N, K97N, K107N, K92N","Hypertrophic cardiomyopathy 2|Cardiomyopathy, familial restrictive, 3|Dilated cardiomyopathy 1D",VCV002100789,1,201334409,1,201365281,2100789,2154803,rs397516459,NC_000001.11:201365280:C:G,single nucleotide variant,missense variant|intron variant,Pathogenic,"Feb 21, 2022","criteria provided, single submitter",,,,,,,
NM_001276345.2(TNNT2):c.310C>A (p.Arg104Ser),TNNT2,"R104S, R89S, R93S, R94S",Hypertrophic cardiomyopathy 2,VCV002500774,1,201334420,1,201365292,2500774,2523672,rs727503513,NC_000001.11:201365291:G:T,single nucleotide variant,missense variant|intron variant,Pathogenic,"Oct 19, 2020","criteria provided, single submitter",,,,,,,
NM_001276345.2(TNNT2):c.291T>G (p.Phe97Leu),TNNT2,"F87L, F97L, F82L, F96L","Dilated cardiomyopathy 1D|Hypertrophic cardiomyopathy 2|Cardiomyopathy, familial restrictive, 3",VCV003753583,1,201334741,1,201365613,3753583,178950,rs730881098,NC_000001.11:201365612:A:C,single nucleotide variant,missense variant,Pathogenic,"Aug 28, 2024","criteria provided, single submitter",,,,,,,
NM_001276345.2(TNNT2):c.266T>A (p.Ile89Asn),TNNT2,"I79N, I89N, I74N, I88N","Cardiovascular phenotype|not provided|Cardiomyopathy|Hypertrophic cardiomyopathy 2|Dilated cardiomyopathy 1D|Cardiomyopathy, familial restrictive, 3|Dilated cardiomyopathy 1D|Hypertrophic cardiomyopathy 2|Cardiomyopathy, familial restrictive, 3|Hypertrophic cardiomyopathy",VCV000012408,1,201334766,1,201365638,12408,27447,rs121964855,NC_000001.11:201365637:A:T,single nucleotide variant,missense variant,Pathogenic,"Dec 10, 2025","criteria provided, multiple submitters, no conflicts",,,,,,,
NM_001103.4(ACTN2):c.1883A>G (p.Glu628Gly),ACTN2,"E628G, E420G","Cardiomyopathy, familial hypertrophic, 23, with or without ventricular noncompaction",VCV000189517,1,236917290,1,236753990,189517,187394,rs786204951,NC_000001.11:236753989:A:G,single nucleotide variant,missense variant,Pathogenic,"Mar 16, 2010",no assertion criteria provided,,,,,,,
NM_001103.4(ACTN2):c.2276G>C (p.Arg759Thr),ACTN2,"R759T, R551T","Cardiomyopathy, familial hypertrophic, 23, with or without ventricular noncompaction",VCV000189516,1,236920907,1,236757607,189516,187393,rs786204950,NC_000001.11:236757606:G:C,single nucleotide variant,missense variant,Pathogenic,"Dec 29, 2006",no assertion criteria provided,,,,,,,
NM_000183.3(HADHB):c.812-2A>G,HADHB,,Mitochondrial trifunctional protein deficiency,VCV002879472,2,26502860,2,26279992,2879472,3039336,rs771685439,NC_000002.12:26279991:A:G,single nucleotide variant,splice acceptor variant,Pathogenic,"Sep 29, 2023","criteria provided, single submitter",,,,,,,
NM_002709.3(PPP1CB):c.146C>G (p.Pro49Arg),PPP1CB,P49R,RASopathy,VCV000254648,2,28999810,2,28776944,254648,249186,rs886037952,NC_000002.12:28776943:C:G,single nucleotide variant,missense variant,Pathogenic,"Sep 17, 2024",reviewed by expert panel,,,,,,,
NM_005633.4(SOS1):c.3134C>G (p.Pro1045Arg),SOS1,"P1045R, P1038R",Noonan syndrome 4,VCV000932923,2,39222476,2,38995335,932923,921224,rs1668859370,NC_000002.12:38995334:G:C,single nucleotide variant,missense variant,Pathogenic,"Jul 7, 2020",no assertion criteria provided,,,,,,,
NM_005633.4(SOS1):c.2536G>A (p.Glu846Lys),SOS1,"E846K, E839K",Noonan syndrome,VCV000040706,2,39234309,2,39007168,40706,49176,rs397517159,NC_000002.12:39007167:C:T,single nucleotide variant,missense variant,Pathogenic,"Apr 3, 2017",reviewed by expert panel,,,,,,,
NM_005633.4(SOS1):c.2104T>C (p.Tyr702His),SOS1,"Y702H, Y695H","not provided|RASopathy|Noonan syndrome 4|Fibromatosis, gingival, 1|Noonan syndrome 4",VCV000040696,2,39240664,2,39013523,40696,49166,rs727505381,NC_000002.12:39013522:A:G,single nucleotide variant,missense variant,Pathogenic,"Jan 7, 2026","criteria provided, multiple submitters, no conflicts",,,,,,,
NM_005633.4(SOS1):c.1656G>T (p.Arg552Ser),SOS1,"R552S, R545S",Noonan syndrome and Noonan-related syndrome,VCV000040684,2,39249913,2,39022772,40684,49154,rs267607079,NC_000002.12:39022771:C:A,single nucleotide variant,missense variant,Pathogenic,"May 10, 2019",reviewed by expert panel,,,,,,,
NM_005633.4(SOS1):c.1656G>C (p.Arg552Ser),SOS1,"R552S, R545S",RASopathy,VCV000012872,2,39249913,2,39022772,12872,27911,rs267607079,NC_000002.12:39022771:C:G,single nucleotide variant,missense variant,Pathogenic,"Jan 10, 2025",reviewed by expert panel,,,,,,,
NM_005633.4(SOS1):c.1655G>A (p.Arg552Lys),SOS1,"R552K, R545K",Noonan syndrome|Embryonal rhabdomyosarcoma,VCV000040683,2,39249914,2,39022773,40683,49153,rs397517154,NC_000002.12:39022772:C:T,single nucleotide variant,missense variant,Pathogenic,"May 10, 2019",reviewed by expert panel,Tier II - Potential,"Nov 15, 2022","criteria provided, single submitter",,,,
NM_005633.4(SOS1):c.1655G>C (p.Arg552Thr),SOS1,"R552T, R545T",Noonan syndrome,VCV000040682,2,39249914,2,39022773,40682,49152,rs397517154,NC_000002.12:39022772:C:G,single nucleotide variant,missense variant,Pathogenic,"May 10, 2019",reviewed by expert panel,,,,,,,
NM_005633.4(SOS1):c.1654A>G (p.Arg552Gly),SOS1,"R552G, R545G",Noonan syndrome,VCV000012871,2,39249915,2,39022774,12871,27910,rs137852814,NC_000002.12:39022773:T:C,single nucleotide variant,missense variant,Pathogenic,"Apr 3, 2017",reviewed by expert panel,,,,,,,
NM_005633.4(SOS1):c.1642A>C (p.Ser548Arg),SOS1,"S548R, S541R",Noonan syndrome,VCV000040678,2,39249927,2,39022786,40678,49148,rs397517149,NC_000002.12:39022785:T:G,single nucleotide variant,missense variant,Pathogenic,"Apr 3, 2017",reviewed by expert panel,,,,,,,
NM_005633.4(SOS1):c.1322G>A (p.Cys441Tyr),SOS1,"C441Y, C434Y",not provided|Noonan syndrome|RASopathy|Noonan syndrome 4,VCV000040673,2,39250247,2,39023106,40673,49143,rs727504295,NC_000002.12:39023105:C:T,single nucleotide variant,missense variant,Pathogenic,"Oct 25, 2025","criteria provided, multiple submitters, no conflicts",,,,,,,
NM_005633.4(SOS1):c.1300G>C (p.Gly434Arg),SOS1,"G434R, G427R","Cardiovascular phenotype|not specified|not provided|RASopathy|Noonan syndrome 4|Fibromatosis, gingival, 1",VCV000040670,2,39250269,2,39023128,40670,49140,rs397517148,NC_000002.12:39023127:C:G,single nucleotide variant,missense variant,Pathogenic,"Oct 27, 2024","criteria provided, multiple submitters, no conflicts",,,,,,,
NM_005633.4(SOS1):c.1297G>A (p.Glu433Lys),SOS1,"E433K, E426K",Noonan syndrome and Noonan-related syndrome|not provided|RASopathy|Noonan syndrome|Noonan syndrome 4,VCV000040669,2,39250272,2,39023131,40669,49139,rs397517147,NC_000002.12:39023130:C:T,single nucleotide variant,missense variant,Pathogenic,"Nov 27, 2025","criteria provided, multiple submitters, no conflicts",,,,,,,
NM_005633.4(SOS1):c.1294T>C (p.Trp432Arg),SOS1,"W432R, W425R",not provided|RASopathy|Noonan syndrome|Noonan syndrome 4,VCV000012873,2,39250275,2,39023134,12873,27912,rs267607080,NC_000002.12:39023133:A:G,single nucleotide variant,missense variant,Pathogenic,"Jul 30, 2025","criteria provided, multiple submitters, no conflicts",,,,,,,
NM_005633.4(SOS1):c.925G>T (p.Asp309Tyr),SOS1,"D309Y, D302Y",Noonan syndrome and Noonan-related syndrome|not provided|RASopathy|Noonan syndrome|Noonan syndrome 4,VCV000045379,2,39262581,2,39035440,45379,54546,rs397517180,NC_000002.12:39035439:C:A,single nucleotide variant,missense variant,Pathogenic,"Feb 7, 2025","criteria provided, multiple submitters, no conflicts",,,,,,,
NM_005633.4(SOS1):c.806T>C (p.Met269Thr),SOS1,"M269T, M262T",Noonan syndrome,VCV000040662,2,39278343,2,39051202,40662,49132,rs137852813,NC_000002.12:39051201:A:G,single nucleotide variant,missense variant,Pathogenic,"Apr 3, 2017",reviewed by expert panel,,,,,,,
NM_005633.4(SOS1):c.806T>G (p.Met269Arg),SOS1,"M269R, M262R",Cardiovascular phenotype|not provided|Noonan syndrome|RASopathy|Noonan syndrome 1|Noonan syndrome 4,VCV000012870,2,39278343,2,39051202,12870,27909,rs137852813,NC_000002.12:39051201:A:C,single nucleotide variant,missense variant,Pathogenic,"Oct 9, 2025","criteria provided, multiple submitters, no conflicts",,,,,,,
NM_005633.4(SOS1):c.797C>A (p.Thr266Lys),SOS1,"T266K, T259K","Monogenic short statue|Noonan syndrome 4|Fibromatosis, gingival, 1|RASopathy|not provided|Noonan syndrome|Noonan syndrome 4",VCV000012869,2,39278352,2,39051211,12869,27908,rs137852812,NC_000002.12:39051210:G:T,single nucleotide variant,missense variant,Pathogenic,"Dec 11, 2025","criteria provided, multiple submitters, no conflicts",,,,,,,
NM_005633.4(SOS1):c.508A>G (p.Lys170Glu),SOS1,"K170E, K163E",Noonan syndrome,VCV000040651,2,39283845,2,39056704,40651,49121,rs397517172,NC_000002.12:39056703:T:C,single nucleotide variant,missense variant,Pathogenic,"Apr 3, 2017",reviewed by expert panel,,,,,,,
NM_005633.4(SOS1):c.322G>A (p.Glu108Lys),SOS1,"E108K, E101K",Noonan syndrome,VCV000040649,2,39285837,2,39058696,40649,49119,rs397517164,NC_000002.12:39058695:C:T,single nucleotide variant,missense variant,Pathogenic,"Apr 3, 2017",reviewed by expert panel,,,,,,,
NM_001135629.3(PPP1R21):c.193C>T (p.Arg65Ter),PPP1R21,R65*,"Neurodevelopmental disorder with hypotonia, facial dysmorphism, and brain abnormalities",VCV001174150,2,48681800,2,48454661,1174150,1163360,rs866802950,NC_000002.12:48454660:C:T,single nucleotide variant,nonsense|non-coding transcript variant,Pathogenic,"Jun 25, 2021",no assertion criteria provided,,,,,,,
NM_001135629.3(PPP1R21):c.224T>G (p.Leu75Arg),PPP1R21,L75R,"Neurodevelopmental disorder with hypotonia, facial dysmorphism, and brain abnormalities",VCV003393503,2,48681831,2,48454692,3393503,3552580,,NC_000002.12:48454691:T:G,single nucleotide variant,missense variant|non-coding transcript variant,Pathogenic,"Dec 16, 2024",no assertion criteria provided,,,,,,,
NM_001135629.3(PPP1R21):c.427C>T (p.Arg143Ter),PPP1R21,R143*,not provided,VCV001174145,2,48686944,2,48459805,1174145,1163355,rs998498095,NC_000002.12:48459804:C:T,single nucleotide variant,nonsense|non-coding transcript variant,Pathogenic,"Mar 10, 2026","criteria provided, single submitter",,,,,,,
NM_001135629.3(PPP1R21):c.748-3A>G,PPP1R21,,"Neurodevelopmental disorder with hypotonia, facial dysmorphism, and brain abnormalities",VCV003393505,2,48692629,2,48465490,3393505,3552582,,NC_000002.12:48465489:A:G,single nucleotide variant,intron variant,Pathogenic,"Dec 16, 2024",no assertion criteria provided,,,,,,,
NM_001135629.3(PPP1R21):c.1868C>G (p.Ser623Ter),PPP1R21,"S592*, S623*","Neurodevelopmental disorder with hypotonia, facial dysmorphism, and brain abnormalities",VCV002637432,2,48725807,2,48498668,2637432,2804912,rs370271261,NC_000002.12:48498667:C:G,single nucleotide variant,nonsense|non-coding transcript variant,Pathogenic,"Oct 24, 2023","criteria provided, single submitter",,,,,,,
NM_001135629.3(PPP1R21):c.2096T>C (p.Leu699Pro),PPP1R21,"L699P, L657P, L688P","Neurodevelopmental disorder with hypotonia, facial dysmorphism, and brain abnormalities",VCV003393502,2,48737164,2,48510025,3393502,3552579,,NC_000002.12:48510024:T:C,single nucleotide variant,missense variant|non-coding transcript variant,Pathogenic,"Dec 16, 2024",no assertion criteria provided,,,,,,,
NM_181784.3(SPRED2):c.299T>C (p.Leu100Pro),SPRED2,"L100P, L97P",Noonan syndrome,VCV001209658,2,65561813,2,65334679,1209658,1199659,rs2104216988,NC_000002.12:65334678:A:G,single nucleotide variant,missense variant,Pathogenic,"Aug 1, 2021","criteria provided, single submitter",,,,,,,
NM_181784.3(SPRED2):c.187C>T (p.Arg63Ter),SPRED2,"R60*, R63*",Noonan syndrome|Noonan syndrome 14,VCV001210167,2,65571870,2,65344736,1210167,1199857,rs780902942,NC_000002.12:65344735:G:A,single nucleotide variant,nonsense,Pathogenic,"Feb 15, 2022",no assertion criteria provided,,,,,,,
NM_032601.4(MCEE):c.139C>T (p.Arg47Ter),MCEE,R47*,Inborn genetic diseases|Methylmalonic acidemia|not provided|Methylmalonic acidemia due to methylmalonyl-CoA epimerase deficiency,VCV000002343,2,71351575,2,71124445,2343,17382,rs111033538,NC_000002.12:71124444:G:A,single nucleotide variant,nonsense,Pathogenic,"Apr 16, 2026","criteria provided, multiple submitters, no conflicts",,,,,,,
NM_003849.4(SUCLG1):c.937G>T (p.Glu313Ter),SUCLG1,E313*,Mitochondrial DNA depletion syndrome 9,VCV004688454,2,84652616,2,84425492,4688454,4799914,,NC_000002.12:84425491:C:A,single nucleotide variant,nonsense,Pathogenic,"Dec 9, 2025","criteria provided, single submitter",,,,,,,
NM_003849.4(SUCLG1):c.814C>T (p.Gln272Ter),SUCLG1,Q272*,Mitochondrial DNA depletion syndrome 9,VCV001325153,2,84658643,2,84431519,1325153,1315413,rs1246050542,NC_000002.12:84431518:G:A,single nucleotide variant,nonsense,Pathogenic,"Sep 19, 2024","criteria provided, single submitter",,,,,,,
NM_003849.4(SUCLG1):c.643C>T (p.Gln215Ter),SUCLG1,Q215*,Mitochondrial DNA depletion syndrome 9,VCV001686238,2,84660506,2,84433382,1686238,1678247,rs2104245141,NC_000002.12:84433381:G:A,single nucleotide variant,nonsense,Pathogenic,"May 4, 2022","criteria provided, single submitter",,,,,,,
NM_003849.4(SUCLG1):c.626C>A (p.Ala209Glu),SUCLG1,A209E,not provided|Mitochondrial DNA depletion syndrome 9,VCV000992828,2,84660523,2,84433399,992828,980771,rs570210229,NC_000002.12:84433398:G:T,single nucleotide variant,missense variant,Pathogenic,"Nov 16, 2024","criteria provided, multiple submitters, no conflicts",,,,,,,
NM_003849.4(SUCLG1):c.509C>G (p.Pro170Arg),SUCLG1,P170R,Mitochondrial DNA depletion syndrome 9,VCV000018410,2,84668393,2,84441269,18410,33449,rs267607099,NC_000002.12:84441268:G:C,single nucleotide variant,missense variant,Pathogenic,"Oct 1, 2010",no assertion criteria provided,,,,,,,
NM_003849.4(SUCLG1):c.460C>T (p.Arg154Ter),SUCLG1,R154*,Mitochondrial DNA depletion syndrome 9,VCV001012244,2,84668442,2,84441318,1012244,985718,rs369153479,NC_000002.12:84441317:G:A,single nucleotide variant,nonsense,Pathogenic,"Feb 15, 2024","criteria provided, single submitter",,,,,,,
NM_003849.4(SUCLG1):c.458T>A (p.Val153Glu),SUCLG1,V153E,Mitochondrial DNA depletion syndrome 9,VCV001686239,2,84668444,2,84441320,1686239,790298,rs1573369925,NC_000002.12:84441319:A:T,single nucleotide variant,missense variant,Pathogenic,"May 4, 2022","criteria provided, single submitter",,,,,,,
NM_003849.4(SUCLG1):c.448C>T (p.Gln150Ter),SUCLG1,Q150*,Mitochondrial DNA depletion syndrome 9,VCV000018412,2,84668454,2,84441330,18412,33451,rs267607098,NC_000002.12:84441329:G:A,single nucleotide variant,nonsense,Pathogenic,"Oct 1, 2010",no assertion criteria provided,,,,,,,
NM_003849.4(SUCLG1):c.445C>T (p.Gln149Ter),SUCLG1,Q149*,Mitochondrial DNA depletion syndrome 9,VCV002982185,2,84668457,2,84441333,2982185,3152840,rs2468630662,NC_000002.12:84441332:G:A,single nucleotide variant,nonsense,Pathogenic,"Jul 25, 2023","criteria provided, single submitter",,,,,,,
NM_003849.4(SUCLG1):c.254G>C (p.Gly85Ala),SUCLG1,G85A,Mitochondrial DNA depletion syndrome 9,VCV000018409,2,84670472,2,84443348,18409,33448,rs267607097,NC_000002.12:84443347:C:G,single nucleotide variant,missense variant,Pathogenic,"Feb 1, 2010",no assertion criteria provided,,,,,,,
NM_003849.4(SUCLG1):c.220C>T (p.Gln74Ter),SUCLG1,Q74*,Mitochondrial DNA depletion syndrome 9,VCV004721624,2,84670506,2,84443382,4721624,4827279,,NC_000002.12:84443381:G:A,single nucleotide variant,nonsense,Pathogenic,"Jun 29, 2025","criteria provided, single submitter",,,,,,,
NM_003849.4(SUCLG1):c.201+1G>T,SUCLG1,,Mitochondrial DNA depletion syndrome 9,VCV000801730,2,84676772,2,84449648,801730,790300,rs1573374828,NC_000002.12:84449647:C:A,single nucleotide variant,splice donor variant,Pathogenic,"May 28, 2019","criteria provided, single submitter",,,,,,,
NM_003849.4(SUCLG1):c.199C>T (p.Gln67Ter),SUCLG1,Q67*,Mitochondrial DNA depletion syndrome 9,VCV003724793,2,84676775,2,84449651,3724793,3854573,,NC_000002.12:84449650:G:A,single nucleotide variant,nonsense,Pathogenic,"Nov 6, 2024","criteria provided, single submitter",,,,,,,
NM_003849.4(SUCLG1):c.97+3G>C,SUCLG1,,Mitochondrial DNA depletion syndrome 9,VCV000018411,2,84686294,2,84459170,18411,33450,rs786205871,NC_000002.12:84459169:C:G,single nucleotide variant,intron variant,Pathogenic,"Oct 1, 2010",no assertion criteria provided,,,,,,,
NM_015702.3(MMADHC):c.160C>T (p.Arg54Ter),MMADHC,R54*,Methylmalonic aciduria and homocystinuria type cblD,VCV000000765,2,150436157,2,149579643,765,15804,rs118204047,NC_000002.12:149579642:G:A,single nucleotide variant,nonsense,Pathogenic,"Aug 24, 2023","criteria provided, single submitter",,,,,,,
NM_001267550.2(TTN):c.72856G>T (p.Gly24286Ter),TTN|TTN-AS1,"G15221*, G15346*, G15413*, G21718*, G22645*, G24286*",Hypertrophic cardiomyopathy,VCV000694545,2,179438003,2,178573276,694545,682601,rs1198682781,NC_000002.12:178573275:C:A,single nucleotide variant,nonsense,Pathogenic,,"criteria provided, single submitter",,,,,,,
NM_001267550.2(TTN):c.45896-2A>C,TTN,,Hypertrophic cardiomyopathy 9,VCV003236158,2,179485354,2,178620627,3236158,3395277,rs869025548,NC_000002.12:178620626:T:G,single nucleotide variant,splice acceptor variant,Pathogenic,"Dec 18, 2023","criteria provided, single submitter",,,,,,,
NM_001267550.2(TTN):c.2219G>T (p.Arg740Leu),TTN,"R740L, R694L",Hypertrophic cardiomyopathy 9,VCV000012649,2,179650726,2,178785999,12649,27688,rs28933405,NC_000002.12:178785998:C:A,single nucleotide variant,missense variant,Pathogenic,"Aug 27, 1999",no assertion criteria provided,,,,,,,
NM_001136193.2(FASTKD2):c.613C>T (p.Arg205Ter),FASTKD2,R205*,Combined oxidative phosphorylation deficiency 44,VCV000870460,2,207632030,2,206767306,870460,858628,rs758094541,NC_000002.12:206767305:C:T,single nucleotide variant,nonsense,Pathogenic,"May 1, 2020",no assertion criteria provided,,,,,,,
NM_001136193.2(FASTKD2):c.764T>C (p.Leu255Pro),FASTKD2,L255P,Combined oxidative phosphorylation deficiency 44,VCV000870461,2,207632181,2,206767457,870461,858629,rs1689552727,NC_000002.12:206767456:T:C,single nucleotide variant,missense variant,Pathogenic,"Apr 30, 2020",no assertion criteria provided,,,,,,,
NM_001136193.2(FASTKD2):c.868C>T (p.Arg290Ter),FASTKD2|LOC126806484,R290*,not provided|Combined oxidative phosphorylation deficiency 44,VCV000800308,2,207634905,2,206770181,800308,788674,rs778120270,NC_000002.12:206770180:C:T,single nucleotide variant,nonsense,Pathogenic,"Apr 20, 2023","criteria provided, multiple submitters, no conflicts",,,,,,,
NM_001136193.2(FASTKD2):c.1036C>T (p.Gln346Ter),FASTKD2,Q346*,Combined oxidative phosphorylation deficiency 44,VCV003629798,2,207636663,2,206771939,3629798,3762477,,NC_000002.12:206771938:C:T,single nucleotide variant,nonsense,Pathogenic,"Nov 6, 2024","criteria provided, single submitter",,,,,,,
NM_001927.4(DES):c.38C>T (p.Ser13Phe),DES,S13F,Desmin-related myofibrillar myopathy|not provided|Primary dilated cardiomyopathy,VCV000044260,2,220283222,2,219418500,44260,53427,rs62636495,NC_000002.12:219418499:C:T,single nucleotide variant,missense variant,Pathogenic,"Oct 29, 2025","criteria provided, multiple submitters, no conflicts",,,,,,,
NM_033337.3(CAV3):c.80G>A (p.Arg27Gln),CAV3|SSUH2,R27Q,"Distal myopathy, Tateyama type|Rippling muscle disease 2|Hypertrophic cardiomyopathy 1|Long QT syndrome 9|Elevated circulating creatine kinase concentration|not provided|Long QT syndrome|Rippling muscle disease 2|Distal myopathy, Tateyama type",VCV000008283,3,8775642,3,8733956,8283,23322,rs116840778,NC_000003.12:8733955:G:A,single nucleotide variant,missense variant,Pathogenic,"Nov 21, 2025","criteria provided, multiple submitters, no conflicts",,,,,,,
NM_033337.3(CAV3):c.114+2T>C,CAV3,,"Hypertrophic cardiomyopathy 1|Rippling muscle disease 2|Distal myopathy, Tateyama type|Elevated circulating creatine kinase concentration|Long QT syndrome 9|Long QT syndrome",VCV000031740,3,8775678,3,8733992,31740,40400,rs116840787,NC_000003.12:8733991:T:C,single nucleotide variant,splice donor variant,Pathogenic,"Nov 24, 2021","criteria provided, multiple submitters, no conflicts",,,,,,,
NM_002880.4(RAF1):c.1837C>G (p.Leu613Val),RAF1,"L613V, L633V, L499V, L580V, L552V, L532V",RASopathy,VCV000013960,3,12626123,3,12584624,13960,28999,rs80338797,NC_000003.12:12584623:G:C,single nucleotide variant,missense variant|non-coding transcript variant,Pathogenic,"Dec 3, 2024",reviewed by expert panel,,,,,,,
NM_002880.4(RAF1):c.1472C>T (p.Thr491Ile),RAF1,"T491I, T511I, T430I, T410I, T458I, T377I",RASopathy,VCV000021342,3,12627244,3,12585745,21342,34194,rs80338799,NC_000003.12:12585744:G:A,single nucleotide variant,missense variant|non-coding transcript variant,Pathogenic,"Dec 3, 2024",reviewed by expert panel,,,,,,,
NM_002880.4(RAF1):c.1082G>C (p.Gly361Ala),RAF1,"G361A, G381A, G247A, G280A, G328A, G300A",RASopathy,VCV000040613,3,12641216,3,12599717,40613,49083,rs397516813,NC_000003.12:12599716:C:G,single nucleotide variant,missense variant|non-coding transcript variant,Pathogenic,"Apr 3, 2017",reviewed by expert panel,,,,,,,
NM_002880.4(RAF1):c.781C>T (p.Pro261Ser),RAF1,"P261S, P180S, P147S, P228S",Noonan syndrome,VCV000013958,3,12645688,3,12604189,13958,28997,rs121434594,NC_000003.12:12604188:G:A,single nucleotide variant,missense variant|non-coding transcript variant,Pathogenic,"Apr 3, 2017",reviewed by expert panel,,,,,,,
NM_002880.4(RAF1):c.776C>A (p.Ser259Tyr),RAF1,"S259Y, S226Y, S145Y, S178Y",RASopathy,VCV000044633,3,12645693,3,12604194,44633,53800,rs397516827,NC_000003.12:12604193:G:T,single nucleotide variant,missense variant|non-coding transcript variant,Pathogenic,"May 18, 2020",reviewed by expert panel,,,,,,,
NM_002880.4(RAF1):c.776C>T (p.Ser259Phe),RAF1,"S259F, S226F, S145F, S178F",Noonan syndrome and Noonan-related syndrome|not provided|RASopathy,VCV000040603,3,12645693,3,12604194,40603,49073,rs397516827,NC_000003.12:12604193:G:A,single nucleotide variant,missense variant|non-coding transcript variant,Pathogenic,"Jan 4, 2023","criteria provided, multiple submitters, no conflicts",,,,,,,
NM_002880.4(RAF1):c.775T>G (p.Ser259Ala),RAF1,"S259A, S226A, S178A, S145A",RASopathy,VCV000504514,3,12645694,3,12604195,504514,496336,rs3730271,NC_000003.12:12604194:A:C,single nucleotide variant,missense variant|non-coding transcript variant,Pathogenic,"Jun 25, 2020",reviewed by expert panel,,,,,,,
NM_002880.4(RAF1):c.775T>A (p.Ser259Thr),RAF1,"S259T, S145T, S178T, S226T",RASopathy,VCV000040601,3,12645694,3,12604195,40601,49071,rs3730271,NC_000003.12:12604194:A:T,single nucleotide variant,missense variant|non-coding transcript variant,Pathogenic,"Dec 3, 2024",reviewed by expert panel,,,,,,,
NM_002880.4(RAF1):c.770C>T (p.Ser257Leu),RAF1,"S257L, S224L, S143L, S176L",Noonan syndrome|Embryonal rhabdomyosarcoma,VCV000013957,3,12645699,3,12604200,13957,28996,rs80338796,NC_000003.12:12604199:G:A,single nucleotide variant,missense variant|non-coding transcript variant,Pathogenic,"Apr 3, 2017",reviewed by expert panel,Tier II - Potential,"Jun 19, 2024","criteria provided, single submitter",,,,
NM_024334.3(TMEM43):c.1073C>T (p.Ser358Leu),TMEM43,S358L,Cardiovascular phenotype|Familial isolated arrhythmogenic right ventricular dysplasia|not provided|Arrhythmogenic right ventricular cardiomyopathy|Cardiomyopathy|Primary dilated cardiomyopathy|Arrhythmogenic right ventricular dysplasia 5,VCV000000734,3,14183165,3,14141665,734,15773,rs63750743,NC_000003.12:14141664:C:T,single nucleotide variant,missense variant,Pathogenic,"Jan 3, 2026","criteria provided, multiple submitters, no conflicts",,,,,,,
NM_000335.5(SCN5A):c.934+1G>A,SCN5A,,Brugada syndrome|not provided|Cardiac arrhythmia,VCV001072847,3,38651224,3,38609733,1072847,1059786,rs1320531023,NC_000003.12:38609732:C:T,single nucleotide variant,splice donor variant,Pathogenic,"Jul 19, 2023","criteria provided, multiple submitters, no conflicts",,,,,,,
NM_000387.6(SLC25A20):c.718+1G>C,SLC25A20,,Carnitine acylcarnitine translocase deficiency,VCV002734532,3,48896524,3,48859091,2734532,2894560,rs766551395,NC_000003.12:48859090:C:G,single nucleotide variant,splice donor variant,Pathogenic,"Jun 8, 2024","criteria provided, multiple submitters, no conflicts",,,,,,,
NM_000387.6(SLC25A20):c.713A>G (p.Gln238Arg),SLC25A20,Q238R,not provided|Carnitine acylcarnitine translocase deficiency,VCV000012138,3,48896530,3,48859097,12138,27177,rs28934589,NC_000003.12:48859096:T:C,single nucleotide variant,missense variant,Pathogenic,"Oct 9, 2024","criteria provided, multiple submitters, no conflicts",,,,,,,
NM_000387.6(SLC25A20):c.706C>T (p.Arg236Ter),SLC25A20,R236*,Carnitine acylcarnitine translocase deficiency,VCV002678861,3,48896537,3,48859104,2678861,2838579,rs780959390,NC_000003.12:48859103:G:A,single nucleotide variant,nonsense,Pathogenic,"Aug 7, 2024","criteria provided, multiple submitters, no conflicts",,,,,,,
NM_000387.6(SLC25A20):c.576G>A (p.Trp192Ter),SLC25A20,W192*,Carnitine acylcarnitine translocase deficiency,VCV000126507,3,48897020,3,48859587,126507,132031,rs587777286,NC_000003.12:48859586:C:T,single nucleotide variant,nonsense,Pathogenic,"Dec 1, 2013",no assertion criteria provided,,,,,,,
NM_000387.6(SLC25A20):c.532C>T (p.Arg178Ter),SLC25A20,R178*,Carnitine acylcarnitine translocase deficiency|not provided,VCV000545967,3,48899978,3,48862545,545967,536282,rs778220325,NC_000003.12:48862544:G:A,single nucleotide variant,nonsense,Pathogenic,"Mar 18, 2025","criteria provided, multiple submitters, no conflicts",,,,,,,
NM_000387.6(SLC25A20):c.496C>T (p.Arg166Ter),SLC25A20,R166*,not provided|Carnitine acylcarnitine translocase deficiency,VCV000012135,3,48900014,3,48862581,12135,27174,rs151340616,NC_000003.12:48862580:G:A,single nucleotide variant,nonsense,Pathogenic,"Dec 22, 2025","criteria provided, multiple submitters, no conflicts",,,,,,,
NM_000387.6(SLC25A20):c.415C>T (p.Gln139Ter),SLC25A20,Q139*,Carnitine acylcarnitine translocase deficiency,VCV002871198,3,48916793,3,48879360,2871198,3034376,rs2471021115,NC_000003.12:48879359:G:A,single nucleotide variant,nonsense,Pathogenic,"Dec 23, 2022","criteria provided, single submitter",,,,,,,
NM_000387.6(SLC25A20):c.394G>T (p.Glu132Ter),SLC25A20,E132*,Carnitine acylcarnitine translocase deficiency,VCV002781289,3,48916814,3,48879381,2781289,2937687,rs769748915,NC_000003.12:48879380:C:A,single nucleotide variant,nonsense,Pathogenic,"Nov 6, 2023","criteria provided, single submitter",,,,,,,
NM_000387.6(SLC25A20):c.301C>T (p.Gln101Ter),SLC25A20,Q101*,Carnitine acylcarnitine translocase deficiency,VCV002918004,3,48921455,3,48884022,2918004,3072203,rs752042051,NC_000003.12:48884021:G:A,single nucleotide variant,nonsense,Pathogenic,"Oct 6, 2025","criteria provided, multiple submitters, no conflicts",,,,,,,
NM_000387.6(SLC25A20):c.292A>T (p.Lys98Ter),SLC25A20,K98*,Carnitine acylcarnitine translocase deficiency,VCV000460439,3,48921464,3,48884031,460439,452806,rs1553686321,NC_000003.12:48884030:T:A,single nucleotide variant,nonsense,Pathogenic,"Nov 27, 2019","criteria provided, single submitter",,,,,,,
NM_000387.6(SLC25A20):c.216T>G (p.Tyr72Ter),SLC25A20,Y72*,Carnitine acylcarnitine translocase deficiency,VCV004710138,3,48921540,3,48884107,4710138,4824315,,NC_000003.12:48884106:A:C,single nucleotide variant,nonsense,Pathogenic,"Jan 19, 2026","criteria provided, single submitter",,,,,,,
NM_000387.6(SLC25A20):c.199-10T>G,SLC25A20,,not provided|Carnitine acylcarnitine translocase deficiency,VCV000012137,3,48921567,3,48884134,12137,27176,rs541208710,NC_000003.12:48884133:A:C,single nucleotide variant,intron variant,Pathogenic,"Jan 13, 2026","criteria provided, multiple submitters, no conflicts",,,,,,,
NM_000387.6(SLC25A20):c.106-2A>G,SLC25A20,,Carnitine acylcarnitine translocase deficiency,VCV002031549,3,48929507,3,48892074,2031549,2089454,rs587777287,NC_000003.12:48892073:T:C,single nucleotide variant,splice acceptor variant,Pathogenic,"Sep 19, 2023","criteria provided, single submitter",,,,,,,
NM_000387.6(SLC25A20):c.106-2A>T,SLC25A20,,Carnitine acylcarnitine translocase deficiency,VCV000126508,3,48929507,3,48892074,126508,132032,rs587777287,NC_000003.12:48892073:T:A,single nucleotide variant,splice acceptor variant,Pathogenic,"Dec 1, 2013",no assertion criteria provided,,,,,,,
NM_000387.6(SLC25A20):c.1A>G (p.Met1Val),SLC25A20,M1V,Carnitine acylcarnitine translocase deficiency,VCV002729645,3,48936227,3,48898794,2729645,2889687,rs745490594,NC_000003.12:48898793:T:C,single nucleotide variant,missense variant|initiator_codon_variant,Pathogenic,"Nov 15, 2023","criteria provided, single submitter",,,,,,,
NM_003280.3(TNNC1):c.91G>T (p.Ala31Ser),TNNC1,A31S,Dilated cardiomyopathy 1Z|Hypertrophic cardiomyopathy 13,VCV000039832,3,52486233,3,52452217,39832,48431,rs397514616,NC_000003.12:52452216:C:A,single nucleotide variant,missense variant,Pathogenic,"Jul 21, 2023","criteria provided, single submitter",,,,,,,
NM_006218.4(PIK3CA):c.1034A>C (p.Asn345Thr),PIK3CA,N345T,Megalencephaly-capillary malformation-polymicrogyria syndrome|Noonan syndrome 8,VCV000376489,3,178921552,3,179203764,376489,363368,rs1057519938,NC_000003.12:179203763:A:C,single nucleotide variant,missense variant,Pathogenic,"Sep 30, 2021","criteria provided, single submitter",,,,,,,
NM_017644.3(KLHL24):c.1A>G (p.Met1Val),KLHL24,M1V,"Epidermolysis bullosa simplex 6, generalized, with scarring and hair loss|Epidermolysis bullosa simplex, Koebner type|not provided",VCV000264648,3,183368145,3,183650357,264648,259241,rs886037956,NC_000003.12:183650356:A:G,single nucleotide variant,missense variant|initiator_codon_variant|5 prime UTR variant|non-coding transcript variant,Pathogenic,"Nov 2, 2023","criteria provided, multiple submitters, no conflicts",,,,,,,
NM_017644.3(KLHL24):c.917G>A (p.Arg306His),KLHL24,R306H,"Cardiomyopathy, familial hypertrophic, 29, with polyglucosan bodies",VCV002443765,3,183369061,3,183651273,2443765,2417500,rs778943927,NC_000003.12:183651272:G:A,single nucleotide variant,missense variant|5 prime UTR variant|non-coding transcript variant,Pathogenic,"Feb 16, 2025","criteria provided, single submitter",,,,,,,
NM_017644.3(KLHL24):c.1048G>T (p.Glu350Ter),KLHL24,"E350*, E69*","Cardiomyopathy, familial hypertrophic, 29, with polyglucosan bodies",VCV002443764,3,183381373,3,183663585,2443764,2417499,rs2545651806,NC_000003.12:183663584:G:T,single nucleotide variant,nonsense|non-coding transcript variant,Pathogenic,"Apr 20, 2023",no assertion criteria provided,,,,,,,
NM_130837.3(OPA1):c.1766T>G (p.Leu589Arg),OPA1|LOC126806913,"L534R, L589R, L498R, L571R, L535R, L410R, L411R, L516R, L552R, L553R",Mitochondrial DNA depletion syndrome 14B (cardioencephalomyopathic type),VCV000225124,3,193364865,3,193647076,225124,227010,rs869312995,NC_000003.12:193647075:T:G,single nucleotide variant,missense variant,Pathogenic,"Jan 29, 2026",no assertion criteria provided,,,,,,,
NM_000203.5(IDUA):c.300-3C>G,IDUA,,Mucopolysaccharidosis type 1,VCV000551563,4,994397,4,1000609,551563,543265,rs1226056948,NC_000004.12:1000608:C:G,single nucleotide variant,intron variant,Pathogenic,"May 23, 2025",reviewed by expert panel,,,,,,,
NM_172250.3(MMAA):c.64C>T (p.Arg22Ter),MMAA,R22*,"not provided|Methylmalonic acidemia|Methylmalonic aciduria, cblA type",VCV000218969,4,146560355,4,145639203,218969,216025,rs765799472,NC_000004.12:145639202:C:T,single nucleotide variant,nonsense,Pathogenic,"Nov 13, 2025","criteria provided, multiple submitters, no conflicts",,,,,,,
NM_172250.3(MMAA):c.124C>T (p.Gln42Ter),MMAA,Q42*,"Methylmalonic aciduria, cblA type",VCV000554217,4,146560415,4,145639263,554217,543389,rs758345818,NC_000004.12:145639262:C:T,single nucleotide variant,nonsense,Pathogenic,"Nov 19, 2024","criteria provided, multiple submitters, no conflicts",,,,,,,
NM_172250.3(MMAA):c.161G>A (p.Trp54Ter),MMAA,W54*,"Methylmalonic aciduria, cblA type",VCV000218970,4,146560452,4,145639300,218970,216026,rs864309725,NC_000004.12:145639299:G:A,single nucleotide variant,nonsense,Pathogenic,"Jun 20, 2025","criteria provided, multiple submitters, no conflicts",,,,,,,
NM_172250.3(MMAA):c.283C>T (p.Gln95Ter),MMAA,Q95*,"Methylmalonic acidemia|Methylmalonic aciduria, cblA type",VCV000003158,4,146560574,4,145639422,3158,18197,rs104893846,NC_000004.12:145639421:C:T,single nucleotide variant,nonsense,Pathogenic,"Nov 3, 2023","criteria provided, multiple submitters, no conflicts",,,,,,,
NM_172250.3(MMAA):c.325G>T (p.Glu109Ter),MMAA,E109*,"Methylmalonic aciduria, cblA type",VCV002849547,4,146560616,4,145639464,2849547,3009336,rs2546335813,NC_000004.12:145639463:G:T,single nucleotide variant,nonsense,Pathogenic,"Mar 26, 2023","criteria provided, single submitter",,,,,,,
NM_172250.3(MMAA):c.349G>T (p.Glu117Ter),MMAA,E117*,"Methylmalonic aciduria, cblA type",VCV003720592,4,146560640,4,145639488,3720592,3859991,,NC_000004.12:145639487:G:T,single nucleotide variant,nonsense,Pathogenic,"Nov 7, 2024","criteria provided, single submitter",,,,,,,
NM_172250.3(MMAA):c.358C>T (p.Gln120Ter),MMAA,Q120*,"Methylmalonic aciduria, cblA type",VCV000218972,4,146560649,4,145639497,218972,216028,rs864309727,NC_000004.12:145639496:C:T,single nucleotide variant,nonsense,Pathogenic,"Oct 22, 2024","criteria provided, multiple submitters, no conflicts",,,,,,,
NM_172250.3(MMAA):c.387C>A (p.Tyr129Ter),MMAA,Y129*,"MMAA-related disorder|Methylmalonic aciduria, cblA type|not provided|Methylmalonic acidemia",VCV000203814,4,146560678,4,145639526,203814,200053,rs796051992,NC_000004.12:145639525:C:A,single nucleotide variant,nonsense,Pathogenic,"Feb 6, 2026","criteria provided, multiple submitters, no conflicts",,,,,,,
NM_172250.3(MMAA):c.397C>T (p.Gln133Ter),MMAA,Q133*,"not provided|Methylmalonic aciduria, cblA type",VCV000218973,4,146560688,4,145639536,218973,216029,rs754545360,NC_000004.12:145639535:C:T,single nucleotide variant,nonsense,Pathogenic,"Feb 3, 2026","criteria provided, multiple submitters, no conflicts",,,,,,,
NM_172250.3(MMAA):c.443T>A (p.Leu148Ter),MMAA,L148*,"Methylmalonic aciduria, cblA type",VCV001950525,4,146563518,4,145642366,1950525,2007230,rs1727810406,NC_000004.12:145642365:T:A,single nucleotide variant,nonsense,Pathogenic,"Apr 9, 2024","criteria provided, single submitter",,,,,,,
NM_172250.3(MMAA):c.575G>A (p.Gly192Asp),MMAA,G192D,"Methylmalonic aciduria, cblA type",VCV000440803,4,146567150,4,145645998,440803,434432,rs1553958392,NC_000004.12:145645997:G:A,single nucleotide variant,missense variant,Pathogenic,,"criteria provided, single submitter",,,,,,,
NM_172250.3(MMAA):c.586C>T (p.Arg196Ter),MMAA,R196*,"Methylmalonic acidemia|Methylmalonic aciduria, cblA type|not provided",VCV000466217,4,146567161,4,145646009,466217,453275,rs1029096863,NC_000004.12:145646008:C:T,single nucleotide variant,nonsense,Pathogenic,"Jun 24, 2025","criteria provided, multiple submitters, no conflicts",,,,,,,
NM_172250.3(MMAA):c.620A>G (p.Tyr207Cys),MMAA,Y207C,"Methylmalonic aciduria, cblA type",VCV000003159,4,146567195,4,145646043,3159,18198,rs104893849,NC_000004.12:145646042:A:G,single nucleotide variant,missense variant,Pathogenic,"Nov 26, 2002",no assertion criteria provided,,,,,,,
NM_172250.3(MMAA):c.650T>A (p.Leu217Ter),MMAA,L217*,"Methylmalonic acidemia|Methylmalonic aciduria, cblA type",VCV000218976,4,146567225,4,145646073,218976,216033,rs140356252,NC_000004.12:145646072:T:A,single nucleotide variant,nonsense,Pathogenic,"Mar 9, 2024","criteria provided, multiple submitters, no conflicts",,,,,,,
NM_172250.3(MMAA):c.697G>T (p.Gly233Ter),MMAA,G233*,"Methylmalonic aciduria, cblA type",VCV000962079,4,146567272,4,145646120,962079,943815,rs1727922828,NC_000004.12:145646119:G:T,single nucleotide variant,nonsense,Pathogenic,"Aug 9, 2019","criteria provided, single submitter",,,,,,,
NM_172250.3(MMAA):c.721A>T (p.Ile241Phe),MMAA,I241F,"Methylmalonic aciduria, cblA type",VCV000440806,4,146567296,4,145646144,440806,434436,rs756221585,NC_000004.12:145646143:A:T,single nucleotide variant,missense variant,Pathogenic,,"criteria provided, single submitter",,,,,,,
NM_172250.3(MMAA):c.728C>A (p.Thr243Asn),MMAA,T243N,"Methylmalonic aciduria, cblA type",VCV000440807,4,146567303,4,145646151,440807,434437,rs1553958417,NC_000004.12:145646150:C:A,single nucleotide variant,missense variant,Pathogenic,,"criteria provided, single submitter",,,,,,,
NM_172250.3(MMAA):c.742C>T (p.Gln248Ter),MMAA,Q248*,"Methylmalonic acidemia|Methylmalonic aciduria, cblA type",VCV000496554,4,146572222,4,145651070,496554,487063,rs757548934,NC_000004.12:145651069:C:T,single nucleotide variant,nonsense,Pathogenic,"Jun 24, 2024","criteria provided, multiple submitters, no conflicts",,,,,,,
NM_172250.3(MMAA):c.817C>T (p.Gln273Ter),MMAA,Q273*,"Methylmalonic aciduria, cblA type",VCV002025789,4,146572297,4,145651145,2025789,2081137,rs1240340814,NC_000004.12:145651144:C:T,single nucleotide variant,nonsense,Pathogenic,"Aug 21, 2022","criteria provided, single submitter",,,,,,,
NM_172250.3(MMAA):c.860C>A (p.Ala287Asp),MMAA,A287D,"Methylmalonic aciduria, cblA type",VCV000440809,4,146575186,4,145654034,440809,434439,rs1553959024,NC_000004.12:145654033:C:A,single nucleotide variant,missense variant,Pathogenic,,"criteria provided, single submitter",,,,,,,
NM_172250.3(MMAA):c.875A>T (p.Asp292Val),MMAA,D292V,"Methylmalonic aciduria, cblA type",VCV000440810,4,146575201,4,145654049,440810,434440,rs1553959025,NC_000004.12:145654048:A:T,single nucleotide variant,missense variant,Pathogenic,,"criteria provided, single submitter",,,,,,,
NM_172250.3(MMAA):c.898C>T (p.Arg300Ter),MMAA,R300*,"Methylmalonic aciduria, cblA type",VCV001350506,4,146575224,4,145654072,1350506,1469466,rs1340736923,NC_000004.12:145654071:C:T,single nucleotide variant,nonsense,Pathogenic,"Oct 2, 2025","criteria provided, multiple submitters, no conflicts",,,,,,,
NM_172250.3(MMAA):c.988C>T (p.Arg330Ter),MMAA,R330*,"not provided|Methylmalonic acidemia|Methylmalonic aciduria, cblA type",VCV000203816,4,146576317,4,145655165,203816,200055,rs571038432,NC_000004.12:145655164:C:T,single nucleotide variant,nonsense,Pathogenic,"Mar 19, 2025","criteria provided, multiple submitters, no conflicts",,,,,,,
NM_172250.3(MMAA):c.1025T>G (p.Met342Arg),MMAA,M342R,"Methylmalonic aciduria, cblA type",VCV000225189,4,146576354,4,145655202,225189,227100,rs869320657,NC_000004.12:145655201:T:G,single nucleotide variant,missense variant,Pathogenic,"May 18, 2015",no assertion criteria provided,,,,,,,
NM_172250.3(MMAA):c.1117G>T (p.Glu373Ter),MMAA,E373*,"Methylmalonic aciduria, cblA type",VCV001954560,4,146576446,4,145655294,1954560,2018575,rs1311110494,NC_000004.12:145655293:G:T,single nucleotide variant,nonsense,Pathogenic,"Mar 4, 2024","criteria provided, multiple submitters, no conflicts",,,,,,,
NM_172250.3(MMAA):c.1229T>A (p.Leu410Ter),MMAA,L410*,"Methylmalonic aciduria, cblA type",VCV000915363,4,146576558,4,145655406,915363,903534,rs1728203978,NC_000004.12:145655405:T:A,single nucleotide variant,nonsense,Pathogenic,"May 3, 2020","criteria provided, single submitter",,,,,,,
NM_004453.4(ETFDH):c.3G>A (p.Met1Ile),ETFDH,M1I,Multiple acyl-CoA dehydrogenase deficiency,VCV004774005,4,159593611,4,158672459,4774005,4886871,,NC_000004.12:158672458:G:A,single nucleotide variant,missense variant|initiator_codon_variant,Pathogenic,"Sep 24, 2025","criteria provided, single submitter",,,,,,,
NM_004453.4(ETFDH):c.3G>T (p.Met1Ile),ETFDH,M1I,Multiple acyl-CoA dehydrogenase deficiency,VCV002746368,4,159593611,4,158672459,2746368,2911878,rs1340862175,NC_000004.12:158672458:G:T,single nucleotide variant,missense variant|initiator_codon_variant,Pathogenic,"Jul 25, 2023","criteria provided, single submitter",,,,,,,
NM_004453.4(ETFDH):c.3G>C (p.Met1Ile),ETFDH,M1I,Glutaric acidemia type 2C|Multiple acyl-CoA dehydrogenase deficiency,VCV002203581,4,159593611,4,158672459,2203581,1934871,rs1340862175,NC_000004.12:158672458:G:C,single nucleotide variant,missense variant|initiator_codon_variant,Pathogenic,"Apr 30, 2024","criteria provided, multiple submitters, no conflicts",,,,,,,
NM_004453.4(ETFDH):c.98G>A (p.Trp33Ter),ETFDH,W33*,Multiple acyl-CoA dehydrogenase deficiency,VCV001422520,4,159601682,4,158680530,1422520,1416291,rs1169197181,NC_000004.12:158680529:G:A,single nucleotide variant,nonsense|intron variant,Pathogenic,"Oct 26, 2025","criteria provided, single submitter",,,,,,,
NM_004453.4(ETFDH):c.121C>T (p.Arg41Ter),ETFDH,R41*,Abnormality of metabolism/homeostasis|Multiple acyl-CoA dehydrogenase deficiency,VCV000577047,4,159601705,4,158680553,577047,559625,rs773668457,NC_000004.12:158680552:C:T,single nucleotide variant,nonsense|intron variant,Pathogenic,"Jan 17, 2026","criteria provided, multiple submitters, no conflicts",,,,,,,
NM_004453.4(ETFDH):c.151C>T (p.Arg51Trp),ETFDH,R51W,Multiple acyl-CoA dehydrogenase deficiency,VCV001495835,4,159601735,4,158680583,1495835,1362750,rs187248590,NC_000004.12:158680582:C:T,single nucleotide variant,missense variant|intron variant,Pathogenic,"Feb 1, 2026","criteria provided, single submitter",,,,,,,
NM_004453.4(ETFDH):c.172G>T (p.Glu58Ter),ETFDH,E58*,Multiple acyl-CoA dehydrogenase deficiency,VCV002018490,4,159601756,4,158680604,2018490,2072573,rs1473188524,NC_000004.12:158680603:G:T,single nucleotide variant,nonsense|intron variant,Pathogenic,"Jul 21, 2022","criteria provided, single submitter",,,,,,,
NM_004453.4(ETFDH):c.175+2T>C,ETFDH,,Multiple acyl-CoA dehydrogenase deficiency,VCV002675127,4,159601761,4,158680609,2675127,2834400,rs2479076416,NC_000004.12:158680608:T:C,single nucleotide variant,splice donor variant|intron variant,Pathogenic,"Jan 4, 2023","criteria provided, single submitter",,,,,,,
NM_004453.4(ETFDH):c.250G>A (p.Ala84Thr),ETFDH,"A84T, A23T, A37T",Glutaric acidemia type 2C|not provided|Multiple acyl-CoA dehydrogenase deficiency,VCV000012028,4,159603421,4,158682269,12028,27067,rs121964954,NC_000004.12:158682268:G:A,single nucleotide variant,missense variant,Pathogenic,"Jan 18, 2026","criteria provided, multiple submitters, no conflicts",,,,,,,
NM_004453.4(ETFDH):c.265C>T (p.Gln89Ter),ETFDH,"Q89*, Q28*, Q42*",Multiple acyl-CoA dehydrogenase deficiency,VCV001413722,4,159603436,4,158682284,1413722,1361625,rs2150305196,NC_000004.12:158682283:C:T,single nucleotide variant,nonsense,Pathogenic,"Apr 4, 2024","criteria provided, single submitter",,,,,,,
NM_004453.4(ETFDH):c.380T>G (p.Leu127Arg),ETFDH,"L66R, L127R, L80R",Multiple acyl-CoA dehydrogenase deficiency,VCV001456455,4,159603551,4,158682399,1456455,1458394,rs121964956,NC_000004.12:158682398:T:G,single nucleotide variant,missense variant,Pathogenic,"Nov 25, 2021","criteria provided, single submitter",,,,,,,
NM_004453.4(ETFDH):c.389A>T (p.Asp130Val),ETFDH,"D83V, D130V, D69V",Multiple acyl-CoA dehydrogenase deficiency,VCV000656755,4,159603560,4,158682408,656755,632065,rs199899494,NC_000004.12:158682407:A:T,single nucleotide variant,missense variant,Pathogenic,"Oct 17, 2024","criteria provided, multiple submitters, no conflicts",,,,,,,
NM_004453.4(ETFDH):c.392G>A (p.Trp131Ter),ETFDH,"W131*, W70*, W84*",Multiple acyl-CoA dehydrogenase deficiency,VCV003639855,4,159603563,4,158682411,3639855,3765198,,NC_000004.12:158682410:G:A,single nucleotide variant,nonsense,Pathogenic,"Feb 9, 2024","criteria provided, single submitter",,,,,,,
NM_004453.4(ETFDH):c.409C>T (p.Pro137Ser),ETFDH,"P76S, P90S, P137S",Multiple acyl-CoA dehydrogenase deficiency,VCV002203582,4,159605747,4,158684595,2203582,1934872,rs1773952432,NC_000004.12:158684594:C:T,single nucleotide variant,missense variant,Pathogenic,"Jun 13, 2022","criteria provided, single submitter",,,,,,,
NM_004453.4(ETFDH):c.463A>T (p.Arg155Ter),ETFDH,"R108*, R94*, R155*",Multiple acyl-CoA dehydrogenase deficiency,VCV001351346,4,159605801,4,158684649,1351346,1407696,rs549150456,NC_000004.12:158684648:A:T,single nucleotide variant,nonsense,Pathogenic,"May 20, 2021","criteria provided, single submitter",,,,,,,
NM_004453.4(ETFDH):c.524G>T (p.Arg175Leu),ETFDH,"R175L, R128L, R114L",Glutaric acidemia type 2C|Multiple acyl-CoA dehydrogenase deficiency,VCV000012029,4,159606289,4,158685137,12029,27068,rs121964955,NC_000004.12:158685136:G:T,single nucleotide variant,missense variant,Pathogenic,"Mar 15, 2024","criteria provided, multiple submitters, no conflicts",,,,,,,
NM_004453.4(ETFDH):c.545G>A (p.Trp182Ter),ETFDH,"W182*, W121*, W135*",Glutaric acidemia type 2C|not provided|Multiple acyl-CoA dehydrogenase deficiency,VCV000631941,4,159606310,4,158685158,631941,620157,rs767249944,NC_000004.12:158685157:G:A,single nucleotide variant,nonsense,Pathogenic,"Aug 15, 2025","criteria provided, multiple submitters, no conflicts",,,,,,,
NM_004453.4(ETFDH):c.577G>T (p.Glu193Ter),ETFDH,"E146*, E132*, E193*",Multiple acyl-CoA dehydrogenase deficiency,VCV002820092,4,159606342,4,158685190,2820092,2985023,rs1773973345,NC_000004.12:158685189:G:T,single nucleotide variant,nonsense,Pathogenic,"Dec 17, 2022","criteria provided, single submitter",,,,,,,
NM_004453.4(ETFDH):c.694G>T (p.Glu232Ter),ETFDH,"E185*, E171*, E232*",Multiple acyl-CoA dehydrogenase deficiency,VCV003638959,4,159616658,4,158695506,3638959,3771825,,NC_000004.12:158695505:G:T,single nucleotide variant,nonsense,Pathogenic,"Feb 5, 2024","criteria provided, single submitter",,,,,,,
NM_004453.4(ETFDH):c.770A>G (p.Tyr257Cys),ETFDH,"Y196C, Y257C, Y210C",Glutaric acidemia type 2C|Multiple acyl-CoA dehydrogenase deficiency|not provided,VCV000666174,4,159616734,4,158695582,666174,632070,rs780015493,NC_000004.12:158695581:A:G,single nucleotide variant,missense variant,Pathogenic,"Dec 14, 2025","criteria provided, multiple submitters, no conflicts",,,,,,,
NM_004453.4(ETFDH):c.813C>A (p.Tyr271Ter),ETFDH,"Y224*, Y271*, Y210*",Multiple acyl-CoA dehydrogenase deficiency,VCV003659921,4,159616777,4,158695625,3659921,3800869,,NC_000004.12:158695624:C:A,single nucleotide variant,nonsense,Pathogenic,"Jul 19, 2024","criteria provided, single submitter",,,,,,,
NM_004453.4(ETFDH):c.872T>G (p.Val291Gly),ETFDH,"V230G, V244G, V291G",Glutaric acidemia type 2C|Multiple acyl-CoA dehydrogenase deficiency,VCV001453914,4,159618751,4,158697599,1453914,1451439,rs755907131,NC_000004.12:158697598:T:G,single nucleotide variant,missense variant,Pathogenic,"Jul 5, 2024","criteria provided, multiple submitters, no conflicts",,,,,,,
NM_004453.4(ETFDH):c.891G>A (p.Trp297Ter),ETFDH,"W236*, W250*, W297*",Multiple acyl-CoA dehydrogenase deficiency,VCV003392498,4,159618770,4,158697618,3392498,3551578,,NC_000004.12:158697617:G:A,single nucleotide variant,nonsense,Pathogenic,,"criteria provided, single submitter",,,,,,,
NM_004453.4(ETFDH):c.892C>T (p.Pro298Ser),ETFDH,"P237S, P251S, P298S",Multiple acyl-CoA dehydrogenase deficiency,VCV000834433,4,159618771,4,158697619,834433,828919,rs1774344831,NC_000004.12:158697618:C:T,single nucleotide variant,missense variant,Pathogenic,"Feb 10, 2022","criteria provided, single submitter",,,,,,,
NM_004453.4(ETFDH):c.916G>T (p.Gly306Ter),ETFDH,"G306*, G245*, G259*",Multiple acyl-CoA dehydrogenase deficiency,VCV002744370,4,159618795,4,158697643,2744370,2900839,rs761008371,NC_000004.12:158697642:G:T,single nucleotide variant,nonsense,Pathogenic,"Jul 17, 2023","criteria provided, single submitter",,,,,,,
NM_004453.4(ETFDH):c.999C>A (p.Tyr333Ter),ETFDH,"Y286*, Y333*, Y272*",Multiple acyl-CoA dehydrogenase deficiency,VCV001403937,4,159620165,4,158699013,1403937,1467303,rs2150312228,NC_000004.12:158699012:C:A,single nucleotide variant,nonsense,Pathogenic,"Aug 21, 2023","criteria provided, single submitter",,,,,,,
NM_004453.4(ETFDH):c.1083C>G (p.Tyr361Ter),ETFDH,"Y300*, Y314*, Y361*",Multiple acyl-CoA dehydrogenase deficiency,VCV003241423,4,159620249,4,158699097,3241423,3400401,rs765063539,NC_000004.12:158699096:C:G,single nucleotide variant,nonsense,Pathogenic,"Jan 8, 2025","criteria provided, multiple submitters, no conflicts",,,,,,,
NM_004453.4(ETFDH):c.1141G>C (p.Gly381Arg),ETFDH,"G381R, G320R, G334R",Multiple acyl-CoA dehydrogenase deficiency,VCV000522495,4,159624599,4,158703447,522495,513050,rs1466787789,NC_000004.12:158703446:G:C,single nucleotide variant,missense variant,Pathogenic,"Feb 1, 2024","criteria provided, single submitter",,,,,,,
NM_004453.4(ETFDH):c.1227A>C (p.Leu409Phe),ETFDH,"L348F, L362F, L409F",Glutaric acidemia type 2C|Multiple acyl-CoA dehydrogenase deficiency,VCV001069043,4,159624685,4,158703533,1069043,1059991,rs1200031596,NC_000004.12:158703532:A:C,single nucleotide variant,missense variant,Pathogenic,"Jan 24, 2026","criteria provided, multiple submitters, no conflicts",,,,,,,
NM_004453.4(ETFDH):c.1270C>T (p.Gln424Ter),ETFDH,"Q377*, Q363*, Q424*",Multiple acyl-CoA dehydrogenase deficiency,VCV002878890,4,159624728,4,158703576,2878890,3033689,rs2476721648,NC_000004.12:158703575:C:T,single nucleotide variant,nonsense,Pathogenic,"Nov 14, 2022","criteria provided, single submitter",,,,,,,
NM_004453.4(ETFDH):c.1285+1G>A,ETFDH,,Multiple acyl-CoA dehydrogenase deficiency,VCV000529449,4,159624744,4,158703592,529449,519831,rs767046886,NC_000004.12:158703591:G:A,single nucleotide variant,splice donor variant,Pathogenic,"Mar 20, 2024","criteria provided, multiple submitters, no conflicts",,,,,,,
NM_004453.4(ETFDH):c.1285+2T>G,ETFDH,,Multiple acyl-CoA dehydrogenase deficiency,VCV001072316,4,159624745,4,158703593,1072316,1059992,rs2126309523,NC_000004.12:158703592:T:G,single nucleotide variant,splice donor variant,Pathogenic,"Nov 22, 2022","criteria provided, single submitter",,,,,,,
NM_004453.4(ETFDH):c.1374C>A (p.Cys458Ter),ETFDH,"C411*, C397*, C458*",Multiple acyl-CoA dehydrogenase deficiency,VCV000651444,4,159627429,4,158706277,651444,632074,rs1580422708,NC_000004.12:158706276:C:A,single nucleotide variant,nonsense,Pathogenic,"Nov 19, 2020","criteria provided, single submitter",,,,,,,
NM_004453.4(ETFDH):c.1378G>T (p.Gly460Ter),ETFDH,"G460*, G399*, G413*",Multiple acyl-CoA dehydrogenase deficiency,VCV001451332,4,159627433,4,158706281,1451332,1429586,rs989125087,NC_000004.12:158706280:G:T,single nucleotide variant,nonsense,Pathogenic,"Nov 7, 2021","criteria provided, single submitter",,,,,,,
NM_004453.4(ETFDH):c.1395T>G (p.Tyr465Ter),ETFDH,"Y404*, Y418*, Y465*",Multiple acyl-CoA dehydrogenase deficiency,VCV001456462,4,159627450,4,158706298,1456462,1458401,rs745714733,NC_000004.12:158706297:T:G,single nucleotide variant,nonsense,Pathogenic,"Oct 3, 2025","criteria provided, multiple submitters, no conflicts",,,,,,,
NM_004453.4(ETFDH):c.1399G>C (p.Gly467Arg),ETFDH,"G420R, G406R, G467R",Multiple acyl-CoA dehydrogenase deficiency|Glutaric acidemia type 2C,VCV000862527,4,159627454,4,158706302,862527,828925,rs1174882036,NC_000004.12:158706301:G:C,single nucleotide variant,missense variant,Pathogenic,"Dec 29, 2025","criteria provided, multiple submitters, no conflicts",,,,,,,
NM_004453.4(ETFDH):c.1428G>A (p.Trp476Ter),ETFDH,"W429*, W415*, W476*",Multiple acyl-CoA dehydrogenase deficiency,VCV002778858,4,159627483,4,158706331,2778858,2943895,rs1374116117,NC_000004.12:158706330:G:A,single nucleotide variant,nonsense,Pathogenic,"Dec 24, 2022","criteria provided, single submitter",,,,,,,
NM_004453.4(ETFDH):c.1433T>A (p.Leu478Ter),ETFDH,"L431*, L478*, L417*",Multiple acyl-CoA dehydrogenase deficiency,VCV001451429,4,159627488,4,158706336,1451429,1425831,rs2126315337,NC_000004.12:158706335:T:A,single nucleotide variant,nonsense,Pathogenic,"May 8, 2021","criteria provided, single submitter",,,,,,,
NM_004453.4(ETFDH):c.1450T>C (p.Trp484Arg),ETFDH,"W484R, W423R, W437R",Glutaric acidemia type 2C|Multiple acyl-CoA dehydrogenase deficiency,VCV000847402,4,159627505,4,158706353,847402,828926,rs1774616485,NC_000004.12:158706352:T:C,single nucleotide variant,missense variant,Pathogenic,"Jan 18, 2026","criteria provided, multiple submitters, no conflicts",,,,,,,
NM_004453.4(ETFDH):c.1522C>A (p.Pro508Thr),ETFDH,"P447T, P461T, P508T",Multiple acyl-CoA dehydrogenase deficiency,VCV001069044,4,159627834,4,158706682,1069044,1059994,rs751394068,NC_000004.12:158706681:C:A,single nucleotide variant,missense variant,Pathogenic,"Sep 24, 2020","criteria provided, single submitter",,,,,,,
NM_004453.4(ETFDH):c.1659T>G (p.Tyr553Ter),ETFDH,"Y506*, Y492*, Y553*",Multiple acyl-CoA dehydrogenase deficiency,VCV002767351,4,159627971,4,158706819,2767351,2922925,rs1333454413,NC_000004.12:158706818:T:G,single nucleotide variant,nonsense,Pathogenic,"Jan 11, 2024","criteria provided, single submitter",,,,,,,
NM_004453.4(ETFDH):c.1666C>T (p.Pro556Ser),ETFDH,"P495S, P509S, P556S",Multiple acyl-CoA dehydrogenase deficiency,VCV001417327,4,159627978,4,158706826,1417327,1377694,rs2126316885,NC_000004.12:158706825:C:T,single nucleotide variant,missense variant,Pathogenic,"Jun 13, 2021","criteria provided, single submitter",,,,,,,
NM_004453.4(ETFDH):c.1675C>T (p.Arg559Ter),ETFDH,"R559*, R512*, R498*",Glutaric acidemia type 2C|Multiple acyl-CoA dehydrogenase deficiency,VCV002203591,4,159627987,4,158706835,2203591,1934881,rs186023896,NC_000004.12:158706834:C:T,single nucleotide variant,nonsense,Pathogenic,"Aug 20, 2025","criteria provided, multiple submitters, no conflicts",,,,,,,
NM_004453.4(ETFDH):c.1690+1G>T,ETFDH,,Multiple acyl-CoA dehydrogenase deficiency|Glutaric acidemia type 2C,VCV000529451,4,159628003,4,158706851,529451,519800,rs917285990,NC_000004.12:158706850:G:T,single nucleotide variant,splice donor variant,Pathogenic,"Oct 3, 2024","criteria provided, multiple submitters, no conflicts",,,,,,,
NM_004453.4(ETFDH):c.1699G>T (p.Glu567Ter),ETFDH,"E567*, E506*, E520*",Multiple acyl-CoA dehydrogenase deficiency,VCV001456129,4,159629524,4,158708372,1456129,1458070,rs1774695889,NC_000004.12:158708371:G:T,single nucleotide variant,nonsense,Pathogenic,"Oct 21, 2021","criteria provided, single submitter",,,,,,,
NM_004453.4(ETFDH):c.1809G>A (p.Trp603Ter),ETFDH,"W603*, W542*, W556*",not provided|Multiple acyl-CoA dehydrogenase deficiency,VCV000203724,4,159629634,4,158708482,203724,200080,rs796051960,NC_000004.12:158708481:G:A,single nucleotide variant,nonsense,Pathogenic,"Aug 30, 2023","criteria provided, multiple submitters, no conflicts",,,,,,,
NM_004453.4(ETFDH):c.1842C>A (p.Tyr614Ter),ETFDH,"Y553*, Y567*, Y614*",Multiple acyl-CoA dehydrogenase deficiency,VCV003609135,4,159629667,4,158708515,3609135,3747723,,NC_000004.12:158708514:C:A,single nucleotide variant,nonsense,Pathogenic,"Jan 15, 2025","criteria provided, single submitter",,,,,,,
NM_001151.4(SLC25A4):c.111+1G>A,SLC25A4,,"Mitochondrial DNA depletion syndrome 12B (cardiomyopathic type), autosomal recessive",VCV000066011,4,186064638,4,185143484,66011,76919,rs398122942,NC_000004.12:185143483:G:A,single nucleotide variant,splice donor variant,Pathogenic,"Feb 1, 2012",no assertion criteria provided,,,,,,,
NM_182977.3(NNT):c.211C>T (p.Arg71Ter),NNT,R71*,Glucocorticoid deficiency 4,VCV000265844,5,43613069,5,43612967,265844,260551,rs886039790,NC_000005.10:43612966:C:T,single nucleotide variant,nonsense|intron variant,Pathogenic,"Apr 9, 2025","criteria provided, single submitter",,,,,,,
NM_133372.3(FNIP1):c.3353G>A (p.Ser1118Asn),FNIP1,"S1118N, S1073N, S1090N",Immunodeficiency 93 and hypertrophic cardiomyopathy,VCV001335870,5,130982852,5,131647159,1335870,1326863,rs2149501551,NC_000005.10:131647158:C:T,single nucleotide variant,missense variant,Pathogenic,"Jan 24, 2022",no assertion criteria provided,,,,,,,
NM_133372.3(FNIP1):c.3306+1G>A,FNIP1,,Immunodeficiency 93 and hypertrophic cardiomyopathy,VCV001335874,5,130987494,5,131651801,1335874,1326867,rs2149504053,NC_000005.10:131651800:C:T,single nucleotide variant,splice donor variant,Pathogenic,"Jan 24, 2022",no assertion criteria provided,,,,,,,
NM_133372.3(FNIP1):c.868C>T (p.Arg290Ter),FNIP1,"R290*, R245*, R262*",not provided,VCV001335873,5,131042150,5,131706457,1335873,1326866,rs2149534097,NC_000005.10:131706456:G:A,single nucleotide variant,nonsense,Pathogenic,"Jul 14, 2022","criteria provided, single submitter",,,,,,,
NM_003060.4(SLC22A5):c.1188T>G (p.Tyr396Ter),SLC22A5,"Y396*, Y420*",Renal carnitine transport defect,VCV000375238,5,131726517,5,132390825,375238,361941,rs1057519051,NC_000005.10:132390824:T:G,single nucleotide variant,nonsense,Pathogenic,"Nov 1, 2016",no assertion criteria provided,,,,,,,
NM_002488.5(NDUFA2):c.208+5G>A,NDUFA2|TMCO6,,"Mitochondrial complex I deficiency, nuclear type 13",VCV000007515,5,140026836,5,140647251,7515,22554,rs1168752295,NC_000005.10:140647250:C:T,single nucleotide variant,intron variant,Pathogenic,"Jun 1, 2008",no assertion criteria provided,,,,,,,
NM_000410.4(HFE):c.616+1G>T,HFE,,Hemochromatosis type 1|Hereditary hemochromatosis,VCV002054741,6,26091818,6,26091590,2054741,2108742,rs773443949,NC_000006.12:26091589:G:T,single nucleotide variant,splice donor variant|intron variant,Pathogenic,"Aug 13, 2025","criteria provided, multiple submitters, no conflicts",,,,,,,
NM_020745.4(AARS2):c.2884C>T (p.Gln962Ter),AARS2,Q962*,Combined oxidative phosphorylation defect type 8,VCV000930345,6,44268358,6,44300621,930345,919033,rs1785274253,NC_000006.12:44300620:G:A,single nucleotide variant,nonsense,Pathogenic,"Jan 24, 2019","criteria provided, single submitter",,,,,,,
NM_020745.4(AARS2):c.2487+1G>C,AARS2,,Combined oxidative phosphorylation defect type 8,VCV001685483,6,44270127,6,44302390,1685483,1677501,rs2153353848,NC_000006.12:44302389:C:G,single nucleotide variant,splice donor variant,Pathogenic,"May 4, 2022","criteria provided, single submitter",,,,,,,
NM_020745.4(AARS2):c.2356G>A (p.Ala786Thr),AARS2,A786T,Combined oxidative phosphorylation defect type 8,VCV000488461,6,44270547,6,44302810,488461,481329,rs1554147776,NC_000006.12:44302809:C:T,single nucleotide variant,missense variant,Pathogenic,"Sep 8, 2017","criteria provided, single submitter",,,,,,,
NM_020745.4(AARS2):c.2255+1G>A,AARS2,,not provided|Combined oxidative phosphorylation defect type 8,VCV001322029,6,44270802,6,44303065,1322029,1312347,rs1186074948,NC_000006.12:44303064:C:T,single nucleotide variant,splice donor variant,Pathogenic,"Aug 12, 2025","criteria provided, multiple submitters, no conflicts",,,,,,,
NM_020745.4(AARS2):c.2027A>C (p.Gln676Pro),AARS2,Q676P,Combined oxidative phosphorylation defect type 8,VCV000623387,6,44271141,6,44303404,623387,612277,rs1561938413,NC_000006.12:44303403:T:G,single nucleotide variant,missense variant,Pathogenic,"Dec 30, 2017","criteria provided, single submitter",,,,,,,
NM_020745.4(AARS2):c.1561C>T (p.Arg521Ter),AARS2,R521*,not provided|Combined oxidative phosphorylation defect type 8,VCV000143046,6,44272809,6,44305072,143046,152756,rs587777591,NC_000006.12:44305071:G:A,single nucleotide variant,nonsense,Pathogenic,"Aug 26, 2024","criteria provided, multiple submitters, no conflicts",,,,,,,
NM_020745.4(AARS2):c.1040+1G>A,AARS2,,"Leukoencephalopathy, progressive, with ovarian failure|Combined oxidative phosphorylation defect type 8",VCV000632487,6,44274985,6,44307248,632487,620791,rs1561941287,NC_000006.12:44307247:C:T,single nucleotide variant,splice donor variant,Pathogenic,,"criteria provided, single submitter",,,,,,,
NM_020745.4(AARS2):c.964C>T (p.Arg322Cys),AARS2,R322C,Combined oxidative phosphorylation defect type 8,VCV001685485,6,44275062,6,44307325,1685485,1677503,rs767748655,NC_000006.12:44307324:G:A,single nucleotide variant,missense variant,Pathogenic,"May 4, 2022","criteria provided, single submitter",,,,,,,
NM_020745.4(AARS2):c.845C>G (p.Ser282Cys),AARS2,S282C,Combined oxidative phosphorylation defect type 8,VCV001064700,6,44278085,6,44310348,1064700,1052978,rs2153356880,NC_000006.12:44310347:G:C,single nucleotide variant,missense variant,Pathogenic,"Dec 25, 2020",no assertion criteria provided,,,,,,,
NM_020745.4(AARS2):c.464T>G (p.Leu155Arg),AARS2,L155R,Combined oxidative phosphorylation defect type 8,VCV000030941,6,44279244,6,44311507,30941,39898,rs387907061,NC_000006.12:44311506:A:C,single nucleotide variant,missense variant,Pathogenic,"Jun 10, 2014",no assertion criteria provided,,,,,,,
NM_020745.4(AARS2):c.277C>T (p.Arg93Ter),AARS2,R93*,Combined oxidative phosphorylation defect type 8,VCV001064699,6,44279967,6,44312230,1064699,1052979,rs760920084,NC_000006.12:44312229:G:A,single nucleotide variant,nonsense,Pathogenic,"Dec 25, 2020",no assertion criteria provided,,,,,,,
NM_020745.4(AARS2):c.179C>A (p.Pro60His),AARS2,P60H,Combined oxidative phosphorylation defect type 8,VCV003765547,6,44280882,6,44313145,3765547,1314082,rs1363451641,NC_000006.12:44313144:G:T,single nucleotide variant,missense variant,Pathogenic,"Apr 21, 2021","criteria provided, single submitter",,,,,,,
NM_020745.4(AARS2):c.149T>G (p.Phe50Cys),AARS2,F50C,"Leukoencephalopathy, progressive, with ovarian failure",VCV000143045,6,44280912,6,44313175,143045,152755,rs587777590,NC_000006.12:44313174:A:C,single nucleotide variant,missense variant,Pathogenic,"Jun 10, 2014",no assertion criteria provided,,,,,,,
NM_000255.4(MMUT):c.2200C>T (p.Gln734Ter),MMUT,Q734*,not provided|Methylmalonic aciduria due to methylmalonyl-CoA mutase deficiency,VCV000222943,6,49399494,6,49431781,222943,224618,rs879253852,NC_000006.12:49431780:G:A,single nucleotide variant,nonsense,Pathogenic,"Jun 28, 2025","criteria provided, multiple submitters, no conflicts",,,,,,,
NM_000255.4(MMUT):c.2179C>T (p.Arg727Ter),MMUT,R727*,Methylmalonic aciduria due to complete methylmalonyl-CoA mutase deficiency|Methylmalonic acidemia|not provided|Methylmalonic aciduria due to methylmalonyl-CoA mutase deficiency|Abnormality of metabolism/homeostasis,VCV000218998,6,49399515,6,49431802,218998,216037,rs779990936,NC_000006.12:49431801:G:A,single nucleotide variant,nonsense,Pathogenic,"Dec 1, 2025","criteria provided, multiple submitters, no conflicts",,,,,,,
NM_000255.4(MMUT):c.2150G>T (p.Gly717Val),MMUT,G717V,not provided|Methylmalonic acidemia|Methylmalonic aciduria due to methylmalonyl-CoA mutase deficiency|Methylmalonic aciduria due to complete methylmalonyl-CoA mutase deficiency,VCV000001881,6,49399544,6,49431831,1881,16920,rs121918252,NC_000006.12:49431830:C:A,single nucleotide variant,missense variant,Pathogenic,"Jan 31, 2026","criteria provided, multiple submitters, no conflicts",,,,,,,
NM_000255.4(MMUT):c.2131G>T (p.Glu711Ter),MMUT,E711*,not provided,VCV000554041,6,49399563,6,49431850,554041,543976,rs776176938,NC_000006.12:49431849:C:A,single nucleotide variant,nonsense,Pathogenic,"Oct 13, 2023","criteria provided, single submitter",,,,,,,
NM_000255.4(MMUT):c.2107G>A (p.Gly703Arg),MMUT,G703R,Methylmalonic acidemia,VCV003896515,6,49403186,6,49435473,3896515,4012384,,NC_000006.12:49435472:C:T,single nucleotide variant,missense variant,Pathogenic,"Apr 3, 2025","criteria provided, single submitter",,,,,,,
NM_000255.4(MMUT):c.2099T>A (p.Met700Lys),MMUT,M700K,not provided,VCV000218997,6,49403194,6,49435481,218997,216038,rs140600746,NC_000006.12:49435480:A:T,single nucleotide variant,missense variant,Pathogenic,"Apr 7, 2024","criteria provided, single submitter",,,,,,,
NM_000255.4(MMUT):c.2080C>T (p.Arg694Trp),MMUT,R694W,Methylmalonic aciduria due to complete methylmalonyl-CoA mutase deficiency|Methylmalonic aciduria|not provided|Methylmalonic aciduria due to methylmalonyl-CoA mutase deficiency|Methylmalonic acidemia,VCV000218996,6,49403213,6,49435500,218996,216039,rs777758903,NC_000006.12:49435499:G:A,single nucleotide variant,missense variant,Pathogenic,"Dec 17, 2025","criteria provided, multiple submitters, no conflicts",,,,,,,
NM_000255.4(MMUT):c.1975C>T (p.Gln659Ter),MMUT,Q659*,not provided|Methylmalonic aciduria due to methylmalonyl-CoA mutase deficiency,VCV000222939,6,49403318,6,49435605,222939,224622,rs879253848,NC_000006.12:49435604:G:A,single nucleotide variant,nonsense,Pathogenic,"Jan 4, 2024","criteria provided, multiple submitters, no conflicts",,,,,,,
NM_000255.4(MMUT):c.1957-2A>G,MMUT,,Methylmalonic aciduria due to complete methylmalonyl-CoA mutase deficiency|not provided|Methylmalonic aciduria due to methylmalonyl-CoA mutase deficiency,VCV000555787,6,49403338,6,49435625,555787,543675,rs1554158379,NC_000006.12:49435624:T:C,single nucleotide variant,splice acceptor variant,Pathogenic,"Mar 19, 2025","criteria provided, multiple submitters, no conflicts",,,,,,,
NM_000255.4(MMUT):c.1885A>G (p.Arg629Gly),MMUT,R629G,Methylmalonic acidemia|not provided,VCV000203851,6,49407990,6,49440277,203851,200108,rs796052004,NC_000006.12:49440276:T:C,single nucleotide variant,missense variant,Pathogenic,"Jul 1, 2024","criteria provided, multiple submitters, no conflicts",,,,,,,
NM_000255.4(MMUT):c.1874A>C (p.Asp625Ala),MMUT,D625A,Methylmalonic aciduria due to methylmalonyl-CoA mutase deficiency,VCV000915292,6,49408001,6,49440288,915292,903545,rs879253847,NC_000006.12:49440287:T:G,single nucleotide variant,missense variant,Pathogenic,"May 3, 2020","criteria provided, single submitter",,,,,,,
NM_000255.4(MMUT):c.1874A>G (p.Asp625Gly),MMUT,D625G,Methylmalonic aciduria due to methylmalonyl-CoA mutase deficiency,VCV000222938,6,49408001,6,49440288,222938,224623,rs879253847,NC_000006.12:49440287:T:C,single nucleotide variant,missense variant,Pathogenic,,"criteria provided, single submitter",,,,,,,
NM_000255.4(MMUT):c.1867G>C (p.Gly623Arg),MMUT,G623R,not provided,VCV000557096,6,49408008,6,49440295,557096,543688,rs121918254,NC_000006.12:49440294:C:G,single nucleotide variant,missense variant,Pathogenic,"Oct 24, 2024","criteria provided, single submitter",,,,,,,
NM_000255.4(MMUT):c.1867G>A (p.Gly623Arg),MMUT,G623R,not provided|Methylmalonic aciduria due to complete methylmalonyl-CoA mutase deficiency|Methylmalonic acidemia,VCV000001884,6,49408008,6,49440295,1884,16923,rs121918254,NC_000006.12:49440294:C:T,single nucleotide variant,missense variant,Pathogenic,"Apr 18, 2024","criteria provided, multiple submitters, no conflicts",,,,,,,
NM_000255.4(MMUT):c.1853T>C (p.Leu618Pro),MMUT,L618P,Methylmalonic aciduria due to methylmalonyl-CoA mutase deficiency,VCV000222937,6,49408022,6,49440309,222937,224624,rs879253846,NC_000006.12:49440308:A:G,single nucleotide variant,missense variant,Pathogenic,,"criteria provided, single submitter",,,,,,,
NM_000255.4(MMUT):c.1844C>T (p.Pro615Leu),MMUT,P615L,not provided|Methylmalonic aciduria due to methylmalonyl-CoA mutase deficiency,VCV001459268,6,49408031,6,49440318,1459268,1406395,rs1554158777,NC_000006.12:49440317:G:A,single nucleotide variant,missense variant,Pathogenic,"Nov 5, 2025","criteria provided, multiple submitters, no conflicts",,,,,,,
NM_000255.4(MMUT):c.1843C>A (p.Pro615Thr),MMUT,P615T,not provided|Methylmalonic aciduria due to complete methylmalonyl-CoA mutase deficiency|Methylmalonic aciduria due to methylmalonyl-CoA mutase deficiency,VCV001685951,6,49408032,6,49440319,1685951,1677964,rs1302409621,NC_000006.12:49440318:G:T,single nucleotide variant,missense variant,Pathogenic,"Feb 19, 2026","criteria provided, multiple submitters, no conflicts",,,,,,,
NM_000255.4(MMUT):c.1777G>T (p.Glu593Ter),MMUT,E593*,not provided|Methylmalonic aciduria due to methylmalonyl-CoA mutase deficiency|Methylmalonic aciduria due to complete methylmalonyl-CoA mutase deficiency,VCV000558328,6,49409584,6,49441871,558328,543689,rs148285323,NC_000006.12:49441870:C:A,single nucleotide variant,nonsense,Pathogenic,"Nov 18, 2024","criteria provided, multiple submitters, no conflicts",,,,,,,
NM_000255.4(MMUT):c.1741C>T (p.Arg581Ter),MMUT,R581*,Methylmalonic aciduria due to complete methylmalonyl-CoA mutase deficiency|not specified|Methylmalonic acidemia|not provided|Methylmalonic aciduria due to methylmalonyl-CoA mutase deficiency,VCV000554675,6,49409620,6,49441907,554675,544026,rs1238694184,NC_000006.12:49441906:G:A,single nucleotide variant,nonsense,Pathogenic,"Nov 12, 2025","criteria provided, multiple submitters, no conflicts",,,,,,,
NM_000255.4(MMUT):c.1677-1G>A,MMUT,,Methylmalonic aciduria due to complete methylmalonyl-CoA mutase deficiency|not provided|Methylmalonic acidemia,VCV000550012,6,49409685,6,49441972,550012,543691,rs754369323,NC_000006.12:49441971:C:T,single nucleotide variant,splice acceptor variant,Pathogenic,"Jan 20, 2026","criteria provided, multiple submitters, no conflicts",,,,,,,
NM_000255.4(MMUT):c.1655C>T (p.Ala552Val),MMUT,A552V,Methylmalonic aciduria due to methylmalonyl-CoA mutase deficiency,VCV000222935,6,49412373,6,49444660,222935,224626,rs879253845,NC_000006.12:49444659:G:A,single nucleotide variant,missense variant,Pathogenic,,"criteria provided, single submitter",,,,,,,
NM_000255.4(MMUT):c.1560+1G>T,MMUT,,Methylmalonic aciduria due to complete methylmalonyl-CoA mutase deficiency|not provided|Methylmalonic acidemia,VCV000203849,6,49415382,6,49447669,203849,200111,rs200019422,NC_000006.12:49447668:C:A,single nucleotide variant,splice donor variant,Pathogenic,"Apr 10, 2025","criteria provided, multiple submitters, no conflicts",,,,,,,
NM_000255.4(MMUT):c.1531C>T (p.Arg511Ter),MMUT,R511*,Methylmalonic aciduria due to methylmalonyl-CoA mutase deficiency|not provided|Methylmalonic acidemia|Methylmalonic aciduria due to complete methylmalonyl-CoA mutase deficiency,VCV000556124,6,49415412,6,49447699,556124,544140,rs761525156,NC_000006.12:49447698:G:A,single nucleotide variant,nonsense,Pathogenic,"Aug 14, 2024","criteria provided, multiple submitters, no conflicts",,,,,,,
NM_000255.4(MMUT):c.1489G>T (p.Glu497Ter),MMUT,E497*,Methylmalonic aciduria due to methylmalonyl-CoA mutase deficiency,VCV000222934,6,49415454,6,49447741,222934,224627,rs879253844,NC_000006.12:49447740:C:A,single nucleotide variant,nonsense,Pathogenic,,"criteria provided, single submitter",,,,,,,
NM_000255.4(MMUT):c.1481T>A (p.Leu494Ter),MMUT,L494*,Methylmalonic aciduria due to methylmalonyl-CoA mutase deficiency|Methylmalonic aciduria due to complete methylmalonyl-CoA mutase deficiency|Methylmalonic acidemia|not provided,VCV000551275,6,49415462,6,49447749,551275,544041,rs764173488,NC_000006.12:49447748:A:T,single nucleotide variant,nonsense,Pathogenic,"Jan 5, 2026","criteria provided, multiple submitters, no conflicts",,,,,,,
NM_000255.4(MMUT):c.1445-1G>C,MMUT,,Methylmalonic aciduria due to methylmalonyl-CoA mutase deficiency,VCV000982110,6,49415499,6,49447786,982110,970218,rs1226722287,NC_000006.12:49447785:C:G,single nucleotide variant,splice acceptor variant,Pathogenic,,"criteria provided, single submitter",,,,,,,
NM_000255.4(MMUT):c.1420C>T (p.Arg474Ter),MMUT,R474*,Likely inborn error of metabolism|Methylmalonic aciduria due to complete methylmalonyl-CoA mutase deficiency|Methylmalonic aciduria|Methylmalonic aciduria due to methylmalonyl-CoA mutase deficiency|not provided|Methylmalonic acidemia,VCV000554873,6,49416553,6,49448840,554873,544043,rs887126161,NC_000006.12:49448839:G:A,single nucleotide variant,nonsense,Pathogenic,"Oct 21, 2025","criteria provided, multiple submitters, no conflicts",,,,,,,
NM_000255.4(MMUT):c.1399C>T (p.Arg467Ter),MMUT,R467*,not provided|Methylmalonic aciduria due to methylmalonyl-CoA mutase deficiency|Methylmalonic acidemia|Methylmalonic aciduria due to complete methylmalonyl-CoA mutase deficiency,VCV000495778,6,49416574,6,49448861,495778,487201,rs774159791,NC_000006.12:49448860:G:A,single nucleotide variant,nonsense,Pathogenic,"Jan 24, 2026","criteria provided, multiple submitters, no conflicts",,,,,,,
NM_000255.4(MMUT):c.1351G>T (p.Glu451Ter),MMUT,E451*,not provided,VCV000557114,6,49416622,6,49448909,557114,544007,rs768608311,NC_000006.12:49448908:C:A,single nucleotide variant,nonsense,Pathogenic,"Sep 26, 2021","criteria provided, single submitter",,,,,,,
NM_000255.4(MMUT):c.1304C>T (p.Thr435Ile),MMUT,T435I,Methylmalonic aciduria due to methylmalonyl-CoA mutase deficiency,VCV004277421,6,49419207,6,49451494,4277421,4389930,,NC_000006.12:49451493:G:A,single nucleotide variant,missense variant,Pathogenic,"Sep 24, 2025","criteria provided, single submitter",,,,,,,
NM_000255.4(MMUT):c.1287C>G (p.Tyr429Ter),MMUT,Y429*,Methylmalonic aciduria due to complete methylmalonyl-CoA mutase deficiency|not provided|Methylmalonic acidemia,VCV000554278,6,49419224,6,49451511,554278,544141,rs1346775255,NC_000006.12:49451510:G:C,single nucleotide variant,nonsense,Pathogenic,"Jan 28, 2025","criteria provided, multiple submitters, no conflicts",,,,,,,
NM_000255.4(MMUT):c.1280G>A (p.Gly427Asp),MMUT,G427D,Methylmalonic aciduria due to complete methylmalonyl-CoA mutase deficiency|not provided|Methylmalonic acidemia|Methylmalonic aciduria due to methylmalonyl-CoA mutase deficiency,VCV000218990,6,49419231,6,49451518,218990,216044,rs753288303,NC_000006.12:49451517:C:T,single nucleotide variant,missense variant,Pathogenic,"Jan 5, 2026","criteria provided, multiple submitters, no conflicts",,,,,,,
NM_000255.4(MMUT):c.1277G>A (p.Gly426Glu),MMUT,G426E,Methylmalonic aciduria due to methylmalonyl-CoA mutase deficiency,VCV000222932,6,49419234,6,49451521,222932,224629,rs533755473,NC_000006.12:49451520:C:T,single nucleotide variant,missense variant,Pathogenic,,"criteria provided, single submitter",,,,,,,
NM_000255.4(MMUT):c.1271C>T (p.Pro424Leu),MMUT,P424L,Methylmalonic aciduria due to methylmalonyl-CoA mutase deficiency|not provided,VCV000222931,6,49419240,6,49451527,222931,224630,rs879253842,NC_000006.12:49451526:G:A,single nucleotide variant,missense variant,Pathogenic,"Mar 1, 2024","criteria provided, multiple submitters, no conflicts",,,,,,,
NM_000255.4(MMUT):c.1243G>T (p.Glu415Ter),MMUT,E415*,Methylmalonic aciduria due to methylmalonyl-CoA mutase deficiency,VCV000992466,6,49419268,6,49451555,992466,980329,rs748129702,NC_000006.12:49451554:C:A,single nucleotide variant,nonsense,Pathogenic,"May 4, 2020",no assertion criteria provided,,,,,,,
NM_000255.4(MMUT):c.1240G>T (p.Glu414Ter),MMUT,E414*,Methylmalonic aciduria due to methylmalonyl-CoA mutase deficiency|not provided,VCV001323284,6,49419271,6,49451558,1323284,1313570,rs2127417916,NC_000006.12:49451557:C:A,single nucleotide variant,nonsense,Pathogenic,"Feb 3, 2024","criteria provided, multiple submitters, no conflicts",,,,,,,
NM_000255.4(MMUT):c.1207C>T (p.Arg403Ter),MMUT,R403*,Methylmalonic aciduria due to complete methylmalonyl-CoA mutase deficiency|Likely inborn error of metabolism|not provided|Methylmalonic acidemia|Methylmalonic aciduria due to methylmalonyl-CoA mutase deficiency,VCV000167310,6,49419304,6,49451591,167310,177367,rs727504020,NC_000006.12:49451590:G:A,single nucleotide variant,nonsense,Pathogenic,"Oct 21, 2025","criteria provided, multiple submitters, no conflicts",,,,,,,
NM_000255.4(MMUT):c.1160C>T (p.Thr387Ile),MMUT,T387I,Methylmalonic aciduria due to methylmalonyl-CoA mutase deficiency,VCV002627569,6,49419351,6,49451638,2627569,2795085,rs1400022403,NC_000006.12:49451637:G:A,single nucleotide variant,missense variant,Pathogenic,"Apr 4, 2024","criteria provided, multiple submitters, no conflicts",,,,,,,
NM_000255.4(MMUT):c.1106G>A (p.Arg369His),MMUT,R369H,Methylmalonic aciduria due to complete methylmalonyl-CoA mutase deficiency|not provided|Methylmalonic acidemia|Methylmalonic aciduria due to methylmalonyl-CoA mutase deficiency,VCV000203846,6,49419405,6,49451692,203846,200114,rs564069299,NC_000006.12:49451691:C:T,single nucleotide variant,missense variant,Pathogenic,"Aug 21, 2025","criteria provided, multiple submitters, no conflicts",,,,,,,
NM_000255.4(MMUT):c.1105C>T (p.Arg369Cys),MMUT,R369C,Methylmalonic aciduria due to complete methylmalonyl-CoA mutase deficiency|not provided|Methylmalonic acidemia,VCV000218989,6,49419406,6,49451693,218989,216045,rs772552898,NC_000006.12:49451692:G:A,single nucleotide variant,missense variant,Pathogenic,"Jul 11, 2025","criteria provided, multiple submitters, no conflicts",,,,,,,
NM_000255.4(MMUT):c.1084-1G>A,MMUT,,Methylmalonic aciduria due to methylmalonyl-CoA mutase deficiency,VCV000222927,6,49419428,6,49451715,222927,224633,rs879253838,NC_000006.12:49451714:C:T,single nucleotide variant,splice acceptor variant,Pathogenic,,"criteria provided, single submitter",,,,,,,
NM_000255.4(MMUT):c.1083+2T>A,MMUT,,not provided|Methylmalonic acidemia|Methylmalonic aciduria due to complete methylmalonyl-CoA mutase deficiency,VCV000495775,6,49421296,6,49453583,495775,487190,rs746085723,NC_000006.12:49453582:A:T,single nucleotide variant,splice donor variant,Pathogenic,"Aug 6, 2024","criteria provided, multiple submitters, no conflicts",,,,,,,
NM_000255.4(MMUT):c.1068G>A (p.Trp356Ter),MMUT,W356*,Methylmalonic aciduria due to methylmalonyl-CoA mutase deficiency,VCV004291836,6,49421313,6,49453600,4291836,4404370,,NC_000006.12:49453599:C:T,single nucleotide variant,nonsense,Pathogenic,"Jan 8, 2025","criteria provided, single submitter",,,,,,,
NM_000255.4(MMUT):c.1040T>G (p.Leu347Arg),MMUT,L347R,Methylmalonic aciduria due to methylmalonyl-CoA mutase deficiency,VCV000807633,6,49421341,6,49453628,807633,798576,rs1026703654,NC_000006.12:49453627:A:C,single nucleotide variant,missense variant,Pathogenic,"Jun 7, 2019","criteria provided, single submitter",,,,,,,
NM_000255.4(MMUT):c.1025C>A (p.Ser342Ter),MMUT,S342*,not provided|Methylmalonic aciduria due to complete methylmalonyl-CoA mutase deficiency|Methylmalonic acidemia,VCV000495777,6,49421356,6,49453643,495777,487143,rs770466993,NC_000006.12:49453642:G:T,single nucleotide variant,nonsense,Pathogenic,"Nov 21, 2024","criteria provided, multiple submitters, no conflicts",,,,,,,
NM_000255.4(MMUT):c.935G>T (p.Gly312Val),MMUT,G312V,not provided,VCV000218988,6,49421446,6,49453733,218988,216047,rs864309734,NC_000006.12:49453732:C:A,single nucleotide variant,missense variant,Pathogenic,"Jul 22, 2024","criteria provided, single submitter",,,,,,,
NM_000255.4(MMUT):c.927G>A (p.Trp309Ter),MMUT,W309*,Methylmalonic aciduria due to complete methylmalonyl-CoA mutase deficiency|Methylmalonic aciduria due to methylmalonyl-CoA mutase deficiency,VCV000222924,6,49421454,6,49453741,222924,224637,rs879253836,NC_000006.12:49453740:C:T,single nucleotide variant,nonsense,Pathogenic,"Feb 27, 2024","criteria provided, multiple submitters, no conflicts",,,,,,,
NM_000255.4(MMUT):c.914T>C (p.Leu305Ser),MMUT,L305S,not provided|Methylmalonic aciduria due to complete methylmalonyl-CoA mutase deficiency|Methylmalonic acidemia,VCV000556865,6,49421467,6,49453754,556865,543717,rs1554160246,NC_000006.12:49453753:A:G,single nucleotide variant,missense variant,Pathogenic,"Dec 26, 2024","criteria provided, multiple submitters, no conflicts",,,,,,,
NM_000255.4(MMUT):c.851G>A (p.Gly284Glu),MMUT,G284E,Methylmalonic aciduria due to methylmalonyl-CoA mutase deficiency,VCV000222923,6,49423853,6,49456140,222923,224638,rs879253835,NC_000006.12:49456139:C:T,single nucleotide variant,missense variant,Pathogenic,,"criteria provided, single submitter",,,,,,,
NM_000255.4(MMUT):c.850G>T (p.Gly284Ter),MMUT,G284*,Methylmalonic aciduria due to complete methylmalonyl-CoA mutase deficiency|not provided|Methylmalonic acidemia|Methylmalonic aciduria due to methylmalonyl-CoA mutase deficiency,VCV000553762,6,49423854,6,49456141,553762,544057,rs761477436,NC_000006.12:49456140:C:A,single nucleotide variant,nonsense,Pathogenic,"Mar 6, 2025","criteria provided, multiple submitters, no conflicts",,,,,,,
NM_000255.4(MMUT):c.850G>A (p.Gly284Arg),MMUT,G284R,not provided|Methylmalonic aciduria due to methylmalonyl-CoA mutase deficiency,VCV000222922,6,49423854,6,49456141,222922,224639,rs761477436,NC_000006.12:49456140:C:T,single nucleotide variant,missense variant,Pathogenic,"Nov 29, 2022","criteria provided, multiple submitters, no conflicts",,,,,,,
NM_000255.4(MMUT):c.828G>C (p.Glu276Asp),MMUT,E276D,Methylmalonic aciduria due to methylmalonyl-CoA mutase deficiency,VCV000222921,6,49423876,6,49456163,222921,224640,rs12175488,NC_000006.12:49456162:C:G,single nucleotide variant,missense variant,Pathogenic,,"criteria provided, single submitter",,,,,,,
NM_000255.4(MMUT):c.826G>T (p.Glu276Ter),MMUT,E276*,Methylmalonic aciduria due to methylmalonyl-CoA mutase deficiency,VCV004081738,6,49423878,6,49456165,4081738,200119,rs766420051,NC_000006.12:49456164:C:A,single nucleotide variant,nonsense,Pathogenic,"Mar 4, 2025","criteria provided, single submitter",,,,,,,
NM_000255.4(MMUT):c.753+2T>A,MMUT,,Methylmalonic aciduria due to complete methylmalonyl-CoA mutase deficiency|Methylmalonic acidemia|not provided|Methylmalonic aciduria due to methylmalonyl-CoA mutase deficiency,VCV000203856,6,49425402,6,49457689,203856,200121,rs796052006,NC_000006.12:49457688:A:T,single nucleotide variant,splice donor variant,Pathogenic,"Jan 22, 2026","criteria provided, multiple submitters, no conflicts",,,,,,,
NM_000255.4(MMUT):c.693C>G (p.Tyr231Ter),MMUT,Y231*,Methylmalonic aciduria due to methylmalonyl-CoA mutase deficiency,VCV000222920,6,49425464,6,49457751,222920,224641,rs879253834,NC_000006.12:49457750:G:C,single nucleotide variant,nonsense,Pathogenic,"Jul 25, 2023","criteria provided, multiple submitters, no conflicts",,,,,,,
NM_000255.4(MMUT):c.683G>A (p.Arg228Gln),MMUT,R228Q,Methylmalonic aciduria due to complete methylmalonyl-CoA mutase deficiency|not provided|Methylmalonic aciduria due to methylmalonyl-CoA mutase deficiency,VCV002136408,6,49425474,6,49457761,2136408,1867876,rs770810987,NC_000006.12:49457760:C:T,single nucleotide variant,missense variant,Pathogenic,"Jun 28, 2025","criteria provided, multiple submitters, no conflicts",,,,,,,
NM_000255.4(MMUT):c.682C>T (p.Arg228Ter),MMUT,R228*,Methylmalonic aciduria due to complete methylmalonyl-CoA mutase deficiency|Methylmalonic acidemia|not provided|Methylmalonic aciduria due to methylmalonyl-CoA mutase deficiency,VCV000203855,6,49425475,6,49457762,203855,200123,rs200596762,NC_000006.12:49457761:G:A,single nucleotide variant,nonsense,Pathogenic,"Jan 6, 2026","criteria provided, multiple submitters, no conflicts",,,,,,,
NM_000255.4(MMUT):c.670G>T (p.Glu224Ter),MMUT,E224*,Methylmalonic aciduria due to methylmalonyl-CoA mutase deficiency|not provided|Methylmalonic acidemia,VCV000552718,6,49425487,6,49457774,552718,543729,rs1554160638,NC_000006.12:49457773:C:A,single nucleotide variant,nonsense,Pathogenic,"Sep 3, 2022","criteria provided, multiple submitters, no conflicts",,,,,,,
NM_000255.4(MMUT):c.655A>T (p.Asn219Tyr),MMUT,N219Y,Methylmalonic aciduria due to complete methylmalonyl-CoA mutase deficiency|not provided|Methylmalonic acidemia|Methylmalonic aciduria due to methylmalonyl-CoA mutase deficiency,VCV000001886,6,49425502,6,49457789,1886,16925,rs121918256,NC_000006.12:49457788:T:A,single nucleotide variant,missense variant,Pathogenic,"Dec 17, 2025","criteria provided, multiple submitters, no conflicts",,,,,,,
NM_000255.4(MMUT):c.653A>G (p.Gln218Arg),MMUT,Q218R,Methylmalonic aciduria due to methylmalonyl-CoA mutase deficiency,VCV000225185,6,49425504,6,49457791,225185,227102,rs869320653,NC_000006.12:49457790:T:C,single nucleotide variant,missense variant,Pathogenic,"Jul 28, 2014",no assertion criteria provided,,,,,,,
NM_000255.4(MMUT):c.607G>A (p.Gly203Arg),MMUT,G203R,Methylmalonic aciduria due to complete methylmalonyl-CoA mutase deficiency|not provided|Methylmalonic acidemia,VCV000218987,6,49425550,6,49457837,218987,216050,rs778702777,NC_000006.12:49457836:C:T,single nucleotide variant,missense variant,Pathogenic,"Dec 3, 2025","criteria provided, multiple submitters, no conflicts",,,,,,,
NM_000255.4(MMUT):c.599T>C (p.Ile200Thr),MMUT,I200T,Methylmalonic acidemia|not provided,VCV002734894,6,49425558,6,49457845,2734894,2904806,rs2481347095,NC_000006.12:49457844:A:G,single nucleotide variant,missense variant,Pathogenic,"Jan 27, 2025","criteria provided, multiple submitters, no conflicts",,,,,,,
NM_000255.4(MMUT):c.572C>A (p.Ala191Glu),MMUT,A191E,Methylmalonic aciduria due to complete methylmalonyl-CoA mutase deficiency|Methylmalonic acidemia|not provided|Methylmalonic aciduria due to methylmalonyl-CoA mutase deficiency|Abnormality of metabolism/homeostasis,VCV000203854,6,49425585,6,49457872,203854,200124,rs760782399,NC_000006.12:49457871:G:T,single nucleotide variant,missense variant,Pathogenic,"Nov 25, 2025","criteria provided, multiple submitters, no conflicts",,,,,,,
NM_000255.4(MMUT):c.560C>G (p.Thr187Ser),MMUT,T187S,Methylmalonic aciduria due to methylmalonyl-CoA mutase deficiency,VCV000222914,6,49425597,6,49457884,222914,224647,rs879253830,NC_000006.12:49457883:G:C,single nucleotide variant,missense variant,Pathogenic,,"criteria provided, single submitter",,,,,,,
NM_000255.4(MMUT):c.454C>T (p.Arg152Ter),MMUT,R152*,not provided|Methylmalonic aciduria due to complete methylmalonyl-CoA mutase deficiency|Methylmalonic acidemia|Methylmalonic aciduria due to methylmalonyl-CoA mutase deficiency,VCV000426467,6,49425703,6,49457990,426467,415056,rs780068818,NC_000006.12:49457989:G:A,single nucleotide variant,nonsense,Pathogenic,"Oct 14, 2025","criteria provided, multiple submitters, no conflicts",,,,,,,
NM_000255.4(MMUT):c.438T>A (p.Tyr146Ter),MMUT,Y146*,Methylmalonic aciduria due to methylmalonyl-CoA mutase deficiency,VCV001027373,6,49425719,6,49458006,1027373,1015119,rs200735240,NC_000006.12:49458005:A:T,single nucleotide variant,nonsense,Pathogenic,"Mar 15, 2021","criteria provided, single submitter",,,,,,,
NM_000255.4(MMUT):c.433G>A (p.Gly145Ser),MMUT,G145S,Methylmalonic aciduria due to complete methylmalonyl-CoA mutase deficiency|Methylmalonic acidemia,VCV004526202,6,49425724,6,49458011,4526202,4638600,,NC_000006.12:49458010:C:T,single nucleotide variant,missense variant,Pathogenic,"Nov 24, 2025","criteria provided, multiple submitters, no conflicts",,,,,,,
NM_000255.4(MMUT):c.424A>G (p.Thr142Ala),MMUT,T142A,not provided|Methylmalonic aciduria due to methylmalonyl-CoA mutase deficiency,VCV002734898,6,49425733,6,49458020,2734898,2904810,rs2481347763,NC_000006.12:49458019:T:C,single nucleotide variant,missense variant,Pathogenic,"Jun 18, 2025","criteria provided, multiple submitters, no conflicts",,,,,,,
NM_000255.4(MMUT):c.415G>A (p.Asp139Asn),MMUT,D139N,Methylmalonic aciduria due to methylmalonyl-CoA mutase deficiency,VCV000222912,6,49425742,6,49458029,222912,224649,rs879253829,NC_000006.12:49458028:C:T,single nucleotide variant,missense variant,Pathogenic,,"criteria provided, single submitter",,,,,,,
NM_000255.4(MMUT):c.397G>A (p.Gly133Arg),MMUT,G133R,Methylmalonic aciduria due to methylmalonyl-CoA mutase deficiency,VCV000222911,6,49425760,6,49458047,222911,224650,rs879253828,NC_000006.12:49458046:C:T,single nucleotide variant,missense variant,Pathogenic,,"criteria provided, single submitter",,,,,,,
NM_000255.4(MMUT):c.394C>T (p.Gln132Ter),MMUT,Q132*,Methylmalonic acidemia|Methylmalonic aciduria due to complete methylmalonyl-CoA mutase deficiency|not provided,VCV000534566,6,49425763,6,49458050,534566,521676,rs1554160743,NC_000006.12:49458049:G:A,single nucleotide variant,nonsense,Pathogenic,"Feb 14, 2025","criteria provided, multiple submitters, no conflicts",,,,,,,
NM_000255.4(MMUT):c.385+5G>A,MMUT,,not provided,VCV000558731,6,49426790,6,49459077,558731,544024,rs1460509686,NC_000006.12:49459076:C:T,single nucleotide variant,intron variant,Pathogenic,"Oct 22, 2023","criteria provided, single submitter",,,,,,,
NM_000255.4(MMUT):c.385+2T>C,MMUT,,not provided,VCV000557041,6,49426793,6,49459080,557041,543738,rs1192889987,NC_000006.12:49459079:A:G,single nucleotide variant,splice donor variant,Pathogenic,"Dec 14, 2025","criteria provided, single submitter",,,,,,,
NM_000255.4(MMUT):c.378C>A (p.Asn126Lys),MMUT,N126K,Methylmalonic aciduria due to methylmalonyl-CoA mutase deficiency,VCV000222910,6,49426802,6,49459089,222910,224651,rs879253827,NC_000006.12:49459088:G:T,single nucleotide variant,missense variant,Pathogenic,,"criteria provided, single submitter",,,,,,,
NM_000255.4(MMUT):c.349G>T (p.Glu117Ter),MMUT,E117*,not provided,VCV000001882,6,49426831,6,49459118,1882,16921,rs121918253,NC_000006.12:49459117:C:A,single nucleotide variant,nonsense,Pathogenic,"Jan 9, 2024","criteria provided, single submitter",,,,,,,
NM_000255.4(MMUT):c.330T>G (p.Tyr110Ter),MMUT,Y110*,Methylmalonic aciduria due to methylmalonyl-CoA mutase deficiency|not provided,VCV000222909,6,49426850,6,49459137,222909,224652,rs879253826,NC_000006.12:49459136:A:C,single nucleotide variant,nonsense,Pathogenic,"Mar 11, 2024","criteria provided, multiple submitters, no conflicts",,,,,,,
NM_000255.4(MMUT):c.323G>A (p.Arg108His),MMUT,R108H,"Methylmalonic aciduria due to complete methylmalonyl-CoA mutase deficiency|not provided|Methylmalonic acidemia|Methylmalonic aciduria due to methylmalonyl-CoA mutase deficiency|METHYLMALONIC ACIDURIA, mut(0) TYPE",VCV000100707,6,49426857,6,49459144,100707,106572,rs483352778,NC_000006.12:49459143:C:T,single nucleotide variant,missense variant,Pathogenic,"Aug 4, 2025","criteria provided, multiple submitters, no conflicts",,,,,,,
NM_000255.4(MMUT):c.322C>T (p.Arg108Cys),MMUT,R108C,"not specified|METHYLMALONIC ACIDURIA, mut(0) TYPE|Methylmalonic aciduria due to complete methylmalonyl-CoA mutase deficiency|not provided|Methylmalonic acidemia|Methylmalonic aciduria due to methylmalonyl-CoA mutase deficiency",VCV000001887,6,49426858,6,49459145,1887,16926,rs121918257,NC_000006.12:49459144:G:A,single nucleotide variant,missense variant,Pathogenic,"Dec 17, 2025","criteria provided, multiple submitters, no conflicts",,,,,,,
NM_000255.4(MMUT):c.313T>C (p.Trp105Arg),MMUT,W105R,Methylmalonic aciduria due to methylmalonyl-CoA mutase deficiency|Methylmalonic aciduria due to complete methylmalonyl-CoA mutase deficiency|not provided|Methylmalonic acidemia,VCV000001878,6,49426867,6,49459154,1878,16917,rs121918249,NC_000006.12:49459153:A:G,single nucleotide variant,missense variant,Pathogenic,"Jan 29, 2026","criteria provided, multiple submitters, no conflicts",,,,,,,
NM_000255.4(MMUT):c.281G>T (p.Gly94Val),MMUT,G94V,Methylmalonic aciduria due to complete methylmalonyl-CoA mutase deficiency|Methylmalonic acidemia|Methylmalonic aciduria due to methylmalonyl-CoA mutase deficiency|not provided,VCV000657887,6,49426899,6,49459186,657887,634947,rs535411418,NC_000006.12:49459185:C:A,single nucleotide variant,missense variant,Pathogenic,"Nov 19, 2025","criteria provided, multiple submitters, no conflicts",,,,,,,
NM_000255.4(MMUT):c.278G>A (p.Arg93His),MMUT,R93H,Methylmalonic acidemia|Methylmalonic aciduria due to complete methylmalonyl-CoA mutase deficiency|not provided|Methylmalonic aciduria due to methylmalonyl-CoA mutase deficiency,VCV000001880,6,49426902,6,49459189,1880,16919,rs121918251,NC_000006.12:49459188:C:T,single nucleotide variant,missense variant,Pathogenic,"Aug 15, 2025","criteria provided, multiple submitters, no conflicts",,,,,,,
NM_000255.4(MMUT):c.277C>A (p.Arg93Ser),MMUT,R93S,not provided,VCV000829883,6,49426903,6,49459190,829883,818250,rs746274670,NC_000006.12:49459189:G:T,single nucleotide variant,missense variant,Pathogenic,"Jun 1, 2025","criteria provided, single submitter",,,,,,,
NM_000255.4(MMUT):c.160A>T (p.Lys54Ter),MMUT,K54*,not provided|Methylmalonic aciduria due to complete methylmalonyl-CoA mutase deficiency|Methylmalonic aciduria due to methylmalonyl-CoA mutase deficiency,VCV000466219,6,49427020,6,49459307,466219,455819,rs1554161054,NC_000006.12:49459306:T:A,single nucleotide variant,nonsense,Pathogenic,"Jul 18, 2025","criteria provided, multiple submitters, no conflicts",,,,,,,
NM_000255.4(MMUT):c.129G>A (p.Trp43Ter),MMUT,W43*,Methylmalonic aciduria due to methylmalonyl-CoA mutase deficiency|Methylmalonic aciduria due to complete methylmalonyl-CoA mutase deficiency,VCV000222908,6,49427051,6,49459338,222908,224653,rs879253825,NC_000006.12:49459337:C:T,single nucleotide variant,nonsense,Pathogenic,"Apr 17, 2024","criteria provided, multiple submitters, no conflicts",,,,,,,
NM_000255.4(MMUT):c.103C>T (p.Gln35Ter),MMUT,Q35*,not provided|Methylmalonic aciduria due to methylmalonyl-CoA mutase deficiency,VCV002734899,6,49427077,6,49459364,2734899,2904811,rs1356455272,NC_000006.12:49459363:G:A,single nucleotide variant,nonsense,Pathogenic,"Jun 28, 2025","criteria provided, multiple submitters, no conflicts",,,,,,,
NM_000255.4(MMUT):c.91C>T (p.Arg31Ter),MMUT,R31*,Methylmalonic aciduria due to complete methylmalonyl-CoA mutase deficiency|not provided|Methylmalonic acidemia|Methylmalonic aciduria due to methylmalonyl-CoA mutase deficiency|See cases,VCV000092688,6,49427089,6,49459376,92688,98595,rs398123278,NC_000006.12:49459375:G:A,single nucleotide variant,nonsense,Pathogenic,"Feb 13, 2026","criteria provided, multiple submitters, no conflicts",,,,,,,
NM_000255.4(MMUT):c.88C>T (p.Gln30Ter),MMUT,Q30*,not provided|Methylmalonic aciduria due to methylmalonyl-CoA mutase deficiency,VCV000222907,6,49427092,6,49459379,222907,224654,rs879253824,NC_000006.12:49459378:G:A,single nucleotide variant,nonsense,Pathogenic,"Mar 8, 2023","criteria provided, multiple submitters, no conflicts",,,,,,,
NM_000255.4(MMUT):c.52C>T (p.Gln18Ter),MMUT,Q18*,Methylmalonic acidemia|not provided,VCV000001877,6,49427128,6,49459415,1877,16916,rs121918248,NC_000006.12:49459414:G:A,single nucleotide variant,nonsense,Pathogenic,"Nov 18, 2025","criteria provided, multiple submitters, no conflicts",,,,,,,
NM_000255.4(MMUT):c.19C>T (p.Gln7Ter),MMUT,Q7*,not provided|Methylmalonic acidemia,VCV000218984,6,49427161,6,49459448,218984,216054,rs761773115,NC_000006.12:49459447:G:A,single nucleotide variant,nonsense,Pathogenic,"Nov 17, 2023","criteria provided, multiple submitters, no conflicts",,,,,,,
NM_000255.4(MMUT):c.2T>C (p.Met1Thr),MMUT,M1T,"METHYLMALONIC ACIDURIA, mut(0) TYPE|Methylmalonic aciduria due to methylmalonyl-CoA mutase deficiency|Methylmalonic aciduria due to complete methylmalonyl-CoA mutase deficiency",VCV000222903,6,49427178,6,49459465,222903,224657,rs879253820,NC_000006.12:49459464:A:G,single nucleotide variant,missense variant|initiator_codon_variant,Pathogenic,"Jan 27, 2025","criteria provided, multiple submitters, no conflicts",,,,,,,
NM_000255.4(MMUT):c.-39-1G>A,MMUT,,Methylmalonic aciduria due to methylmalonyl-CoA mutase deficiency|not provided|Methylmalonic aciduria due to complete methylmalonyl-CoA mutase deficiency,VCV000222905,6,49427219,6,49459506,222905,224658,rs879253822,NC_000006.12:49459505:C:T,single nucleotide variant,splice acceptor variant,Pathogenic,"Nov 23, 2025","criteria provided, multiple submitters, no conflicts",,,,,,,
NM_012123.4(MTO1):c.369G>A (p.Trp123Ter),MTO1,W123*,Mitochondrial hypertrophic cardiomyopathy with lactic acidosis due to MTO1 deficiency,VCV004714574,6,74176083,6,73466360,4714574,4832112,,NC_000006.12:73466359:G:A,single nucleotide variant,nonsense,Pathogenic,"Mar 7, 2025","criteria provided, single submitter",,,,,,,
NM_012123.4(MTO1):c.667C>T (p.Gln223Ter),MTO1,Q223*,Mitochondrial hypertrophic cardiomyopathy with lactic acidosis due to MTO1 deficiency,VCV001073223,6,74183219,6,73473496,1073223,1060845,rs2150031480,NC_000006.12:73473495:C:T,single nucleotide variant,nonsense,Pathogenic,"Mar 19, 2020","criteria provided, single submitter",,,,,,,
NM_012123.4(MTO1):c.724C>T (p.Arg242Ter),MTO1,R242*,Mitochondrial hypertrophic cardiomyopathy with lactic acidosis due to MTO1 deficiency,VCV004734944,6,74183276,6,73473553,4734944,4841053,,NC_000006.12:73473552:C:T,single nucleotide variant,nonsense,Pathogenic,"Nov 25, 2025","criteria provided, single submitter",,,,,,,
NM_012123.4(MTO1):c.835C>T (p.Gln279Ter),MTO1,Q279*,Mitochondrial hypertrophic cardiomyopathy with lactic acidosis due to MTO1 deficiency,VCV004807735,6,74189464,6,73479741,4807735,4920973,,NC_000006.12:73479740:C:T,single nucleotide variant,nonsense,Pathogenic,"Jul 30, 2025","criteria provided, single submitter",,,,,,,
NM_012123.4(MTO1):c.937C>T (p.Arg313Ter),MTO1,R313*,Mitochondrial hypertrophic cardiomyopathy with lactic acidosis due to MTO1 deficiency,VCV002901473,6,74189566,6,73479843,2901473,3068264,rs1771434910,NC_000006.12:73479842:C:T,single nucleotide variant,nonsense,Pathogenic,"Feb 15, 2024","criteria provided, single submitter",,,,,,,
NM_012123.4(MTO1):c.961A>T (p.Lys321Ter),MTO1,K321*,Mitochondrial hypertrophic cardiomyopathy with lactic acidosis due to MTO1 deficiency,VCV001404043,6,74189681,6,73479958,1404043,1467409,rs148667065,NC_000006.12:73479957:A:T,single nucleotide variant,nonsense,Pathogenic,"Aug 12, 2025","criteria provided, single submitter",,,,,,,
NM_012123.4(MTO1):c.1232C>T (p.Thr411Ile),MTO1,"T411I, T436I",Mitochondrial hypertrophic cardiomyopathy with lactic acidosis due to MTO1 deficiency,VCV000089038,6,74190500,6,73480777,89038,94579,rs398122419,NC_000006.12:73480776:C:T,single nucleotide variant,missense variant,Pathogenic,"Mar 11, 2025","criteria provided, single submitter",,,,,,,
NM_012123.4(MTO1):c.1451G>A (p.Arg484Gln),MTO1,"R484Q, R524Q, R509Q",Mitochondrial hypertrophic cardiomyopathy with lactic acidosis due to MTO1 deficiency,VCV002196399,6,74191953,6,73482230,2196399,1932937,rs1463453464,NC_000006.12:73482229:G:A,single nucleotide variant,missense variant,Pathogenic,"Sep 2, 2025","criteria provided, single submitter",,,,,,,
NM_012123.4(MTO1):c.1462C>T (p.Arg488Ter),MTO1,"R488*, R513*, R528*",not provided|Inborn genetic diseases|Mitochondrial hypertrophic cardiomyopathy with lactic acidosis due to MTO1 deficiency,VCV000488996,6,74191964,6,73482241,488996,481769,rs771939280,NC_000006.12:73482240:C:T,single nucleotide variant,nonsense,Pathogenic,"Jun 7, 2023","criteria provided, multiple submitters, no conflicts",,,,,,,
NM_012123.4(MTO1):c.1495C>T (p.Gln499Ter),MTO1,"Q524*, Q499*, Q539*",Mitochondrial hypertrophic cardiomyopathy with lactic acidosis due to MTO1 deficiency,VCV002150945,6,74192201,6,73482478,2150945,1888441,rs1322658068,NC_000006.12:73482477:C:T,single nucleotide variant,nonsense,Pathogenic,"Nov 6, 2022","criteria provided, single submitter",,,,,,,
NM_012123.4(MTO1):c.1498C>T (p.Arg500Ter),MTO1,"R500*, R525*, R540*",Mitochondrial hypertrophic cardiomyopathy with lactic acidosis due to MTO1 deficiency,VCV001076245,6,74192204,6,73482481,1076245,1060847,rs372842922,NC_000006.12:73482480:C:T,single nucleotide variant,nonsense,Pathogenic,"Mar 5, 2025","criteria provided, single submitter",,,,,,,
NM_012123.4(MTO1):c.1592T>G (p.Leu531Ter),MTO1,"L531*, L556*, L571*",Inborn genetic diseases|Mitochondrial hypertrophic cardiomyopathy with lactic acidosis due to MTO1 deficiency,VCV003399615,6,74192298,6,73482575,3399615,3561284,,NC_000006.12:73482574:T:G,single nucleotide variant,nonsense,Pathogenic,"Oct 16, 2024","criteria provided, multiple submitters, no conflicts",,,,,,,
NM_012123.4(MTO1):c.1789C>T (p.Gln597Ter),MTO1,"Q622*, Q637*, Q597*",Mitochondrial hypertrophic cardiomyopathy with lactic acidosis due to MTO1 deficiency,VCV001420202,6,74207491,6,73497768,1420202,1502982,rs2150044955,NC_000006.12:73497767:C:T,single nucleotide variant,nonsense,Pathogenic,"Apr 22, 2024","criteria provided, single submitter",,,,,,,
NM_012123.4(MTO1):c.1848T>G (p.Tyr616Ter),MTO1,"Y616*, Y656*, Y641*",Mitochondrial hypertrophic cardiomyopathy with lactic acidosis due to MTO1 deficiency,VCV001432815,6,74207550,6,73497827,1432815,1481070,rs2150044996,NC_000006.12:73497826:T:G,single nucleotide variant,nonsense,Pathogenic,"Mar 23, 2022","criteria provided, single submitter",,,,,,,
NM_004999.4(MYO6):c.406C>T (p.Arg136Ter),MYO6,R136*,Autosomal dominant nonsyndromic hearing loss 22,VCV003377135,6,76542573,6,75832856,3377135,3536319,,NC_000006.12:75832855:C:T,single nucleotide variant,nonsense|non-coding transcript variant,Pathogenic,"Oct 8, 2024","criteria provided, single submitter",,,,,,,
NM_001278716.2(FBXL4):c.1687C>T (p.Gln563Ter),FBXL4,Q563*,Mitochondrial DNA depletion syndrome 13,VCV000437494,6,99323306,6,98875430,437494,431071,rs1554215964,NC_000006.12:98875429:G:A,single nucleotide variant,nonsense|non-coding transcript variant,Pathogenic,"Aug 10, 2017","criteria provided, single submitter",,,,,,,
NM_001278716.2(FBXL4):c.1317G>A (p.Glu439=),FBXL4,,Mitochondrial DNA depletion syndrome 13,VCV000437503,6,99347144,6,98899268,437503,431140,rs1554218789,NC_000006.12:98899267:C:T,single nucleotide variant,synonymous variant|non-coding transcript variant,Pathogenic,"Aug 10, 2017","criteria provided, single submitter",,,,,,,
NM_001278716.2(FBXL4):c.1303C>T (p.Arg435Ter),FBXL4,R435*,Mitochondrial DNA depletion syndrome 13|not provided|Inborn genetic diseases|Mitochondrial DNA depletion syndrome|Leigh syndrome,VCV000066091,6,99347158,6,98899282,66091,76993,rs201889294,NC_000006.12:98899281:G:A,single nucleotide variant,nonsense|non-coding transcript variant,Pathogenic,"Dec 23, 2025","criteria provided, multiple submitters, no conflicts",,,,,,,
NM_001278716.2(FBXL4):c.1210C>T (p.Gln404Ter),FBXL4,Q404*,Mitochondrial DNA depletion syndrome 13,VCV000437493,6,99347251,6,98899375,437493,431159,rs1187832552,NC_000006.12:98899374:G:A,single nucleotide variant,nonsense|non-coding transcript variant,Pathogenic,"Aug 10, 2017","criteria provided, single submitter",,,,,,,
NM_001278716.2(FBXL4):c.858+1G>T,FBXL4,,Mitochondrial DNA depletion syndrome 13,VCV000437502,6,99365249,6,98917373,437502,431232,rs1394080480,NC_000006.12:98917372:C:A,single nucleotide variant,splice donor variant,Pathogenic,"Aug 10, 2017","criteria provided, single submitter",,,,,,,
NM_001278716.2(FBXL4):c.622G>T (p.Glu208Ter),FBXL4,E208*,Mitochondrial DNA depletion syndrome 13,VCV000802253,6,99365486,6,98917610,802253,790669,rs1582425406,NC_000006.12:98917609:C:A,single nucleotide variant,nonsense,Pathogenic,"May 28, 2019","criteria provided, single submitter",,,,,,,
NM_001278716.2(FBXL4):c.517G>T (p.Glu173Ter),FBXL4,E173*,Mitochondrial DNA depletion syndrome 13,VCV003363190,6,99365591,6,98917715,3363190,3522401,,NC_000006.12:98917714:C:A,single nucleotide variant,nonsense,Pathogenic,,"criteria provided, single submitter",,,,,,,
NM_001278716.2(FBXL4):c.513-1G>A,FBXL4,,Mitochondrial DNA depletion syndrome 13,VCV000437500,6,99365596,6,98917720,437500,431292,rs1554221258,NC_000006.12:98917719:C:T,single nucleotide variant,splice acceptor variant,Pathogenic,"Aug 10, 2017","criteria provided, single submitter",,,,,,,
NM_001278716.2(FBXL4):c.316C>T (p.Gln106Ter),FBXL4,Q106*,Mitochondrial DNA depletion syndrome 13,VCV000437491,6,99374549,6,98926673,437491,431323,rs1554222122,NC_000006.12:98926672:G:A,single nucleotide variant,nonsense|non-coding transcript variant,Pathogenic,"May 18, 2024","criteria provided, multiple submitters, no conflicts",,,,,,,
NM_001278716.2(FBXL4):c.219T>A (p.Tyr73Ter),FBXL4,Y73*,Mitochondrial DNA depletion syndrome 13,VCV000437489,6,99374646,6,98926770,437489,431334,rs747536886,NC_000006.12:98926769:A:T,single nucleotide variant,nonsense|non-coding transcript variant,Pathogenic,"Mar 17, 2024","criteria provided, multiple submitters, no conflicts",,,,,,,
NM_001278716.2(FBXL4):c.106A>T (p.Arg36Ter),FBXL4,R36*,Inborn genetic diseases|Mitochondrial DNA depletion syndrome 13|not provided,VCV000437488,6,99374759,6,98926883,437488,431351,rs1182326570,NC_000006.12:98926882:T:A,single nucleotide variant,nonsense|non-coding transcript variant,Pathogenic,"Dec 2, 2021","criteria provided, multiple submitters, no conflicts",,,,,,,
NM_000265.3(NCF1):c.1351+1G>A,LOC106029312|NCF1,,Hypertrophic cardiomyopathy 4,VCV000375467,7,74203683,7,74789339,375467,362227,rs1057519503,NC_000007.14:74789338:G:A,single nucleotide variant,,Pathogenic,"Apr 27, 2016","criteria provided, single submitter",,,,,,,
NM_001753.5(CAV1):c.112G>T (p.Glu38Ter),CAV1,"E38*, E7*","Partial lipodystrophy, congenital cataracts, and neurodegeneration syndrome",VCV000008467,7,116166660,7,116526606,8467,23506,rs121434501,NC_000007.14:116526605:G:T,single nucleotide variant,nonsense,Pathogenic,"May 4, 2022","criteria provided, single submitter",,,,,,,
NM_001753.5(CAV1):c.424C>T (p.Gln142Ter),CAV1,"Q142*, Q111*","Congenital generalized lipodystrophy type 3|Partial lipodystrophy, congenital cataracts, and neurodegeneration syndrome",VCV000209106,7,116199228,7,116559174,209106,205702,rs797045176,NC_000007.14:116559173:C:T,single nucleotide variant,nonsense,Pathogenic,"Aug 1, 2015",no assertion criteria provided,,,,,,,
NM_001458.5(FLNC):c.101G>A (p.Trp34Ter),FLNC,W34*,not provided|Myofibrillar myopathy 5|Distal myopathy with posterior leg and anterior hand involvement|Hypertrophic cardiomyopathy 26,VCV003753027,7,128470792,7,128830738,3753027,3868757,,NC_000007.14:128830737:G:A,single nucleotide variant,nonsense,Pathogenic,"Aug 31, 2025","criteria provided, single submitter",,,,,,,
NM_001458.5(FLNC):c.102G>A (p.Trp34Ter),FLNC,W34*,Distal myopathy with posterior leg and anterior hand involvement|Hypertrophic cardiomyopathy 26|not provided|Myofibrillar myopathy 5|Hypertrophic cardiomyopathy 26,VCV001361957,7,128470793,7,128830739,1361957,1376583,rs2128932126,NC_000007.14:128830738:G:A,single nucleotide variant,nonsense,Pathogenic,"Nov 6, 2025","criteria provided, multiple submitters, no conflicts",,,,,,,
NM_001458.5(FLNC):c.181C>T (p.Gln61Ter),FLNC,Q61*,Myofibrillar myopathy 5|Distal myopathy with posterior leg and anterior hand involvement|Hypertrophic cardiomyopathy 26|not provided,VCV001072629,7,128470872,7,128830818,1072629,1060982,rs2128932161,NC_000007.14:128830817:C:T,single nucleotide variant,nonsense,Pathogenic,"Oct 30, 2024","criteria provided, single submitter",,,,,,,
NM_001458.5(FLNC):c.280C>T (p.Gln94Ter),FLNC,Q94*,Distal myopathy with posterior leg and anterior hand involvement|not provided|Hypertrophic cardiomyopathy 26|Myofibrillar myopathy 5,VCV003757055,7,128470971,7,128830917,3757055,3876534,,NC_000007.14:128830916:C:T,single nucleotide variant,nonsense,Pathogenic,"Jun 30, 2024","criteria provided, single submitter",,,,,,,
NM_001458.5(FLNC):c.368T>C (p.Val123Ala),FLNC,V123A,Hypertrophic cardiomyopathy 26,VCV000253125,7,128475395,7,128835341,253125,247537,rs1562991002,NC_000007.14:128835340:T:C,single nucleotide variant,missense variant,Pathogenic,"Jul 21, 2016",no assertion criteria provided,,,,,,,
NM_001458.5(FLNC):c.444G>A (p.Trp148Ter),FLNC,W148*,Distal myopathy with posterior leg and anterior hand involvement|not provided|Myofibrillar myopathy 5|Hypertrophic cardiomyopathy 26,VCV000539439,7,128475471,7,128835417,539439,522405,rs1554397197,NC_000007.14:128835416:G:A,single nucleotide variant,nonsense,Pathogenic,"Dec 6, 2023","criteria provided, single submitter",,,,,,,
NM_001458.5(FLNC):c.475C>T (p.Gln159Ter),FLNC,Q159*,Hypertrophic cardiomyopathy 26|Myofibrillar myopathy 5|Distal myopathy with posterior leg and anterior hand involvement|not provided,VCV004812562,7,128475502,7,128835448,4812562,4923713,,NC_000007.14:128835447:C:T,single nucleotide variant,nonsense,Pathogenic,"Jan 28, 2026","criteria provided, single submitter",,,,,,,
NM_001458.5(FLNC):c.554G>A (p.Trp185Ter),FLNC,W185*,Distal myopathy with posterior leg and anterior hand involvement|Myofibrillar myopathy 5|not provided|Hypertrophic cardiomyopathy 26|not provided,VCV000643595,7,128475581,7,128835527,643595,635634,rs1585151331,NC_000007.14:128835526:G:A,single nucleotide variant,nonsense,Pathogenic,"Aug 5, 2022","criteria provided, multiple submitters, no conflicts",,,,,,,
NM_001458.5(FLNC):c.555G>A (p.Trp185Ter),FLNC,W185*,Distal myopathy with posterior leg and anterior hand involvement|Hypertrophic cardiomyopathy 26|Myofibrillar myopathy 5|not provided|Cardiovascular phenotype,VCV001453571,7,128475582,7,128835528,1453571,1451099,rs2128933685,NC_000007.14:128835527:G:A,single nucleotide variant,nonsense,Pathogenic,"Nov 27, 2024","criteria provided, multiple submitters, no conflicts",,,,,,,
NM_001458.5(FLNC):c.609C>A (p.Cys203Ter),FLNC,C203*,not provided|Distal myopathy with posterior leg and anterior hand involvement|Hypertrophic cardiomyopathy 26|Myofibrillar myopathy 5,VCV001456761,7,128477221,7,128837167,1456761,1454863,rs1455396332,NC_000007.14:128837166:C:A,single nucleotide variant,nonsense,Pathogenic,"Jun 15, 2023","criteria provided, single submitter",,,,,,,
NM_001458.5(FLNC):c.626G>A (p.Trp209Ter),FLNC,W209*,Hypertrophic cardiomyopathy 26|Myofibrillar myopathy 5|Distal myopathy with posterior leg and anterior hand involvement|not provided,VCV004812541,7,128477238,7,128837184,4812541,4923692,,NC_000007.14:128837183:G:A,single nucleotide variant,nonsense,Pathogenic,"Oct 23, 2025","criteria provided, single submitter",,,,,,,
NM_001458.5(FLNC):c.627G>A (p.Trp209Ter),FLNC,W209*,Hypertrophic cardiomyopathy 26|Myofibrillar myopathy 5|Distal myopathy with posterior leg and anterior hand involvement|not provided,VCV002088000,7,128477239,7,128837185,2088000,2154959,rs2536617529,NC_000007.14:128837184:G:A,single nucleotide variant,nonsense,Pathogenic,"Jul 25, 2022","criteria provided, single submitter",,,,,,,
NM_001458.5(FLNC):c.670C>T (p.Gln224Ter),FLNC,Q224*,Myofibrillar myopathy 5|Distal myopathy with posterior leg and anterior hand involvement|Hypertrophic cardiomyopathy 26|not provided,VCV002933865,7,128477282,7,128837228,2933865,3088645,rs2536617663,NC_000007.14:128837227:C:T,single nucleotide variant,nonsense,Pathogenic,"Sep 15, 2023","criteria provided, single submitter",,,,,,,
NM_001458.5(FLNC):c.683G>A (p.Trp228Ter),FLNC,W228*,Hypertrophic cardiomyopathy 26|Myofibrillar myopathy 5|Distal myopathy with posterior leg and anterior hand involvement|not provided,VCV004812530,7,128477295,7,128837241,4812530,4923681,,NC_000007.14:128837240:G:A,single nucleotide variant,nonsense,Pathogenic,"Nov 3, 2025","criteria provided, single submitter",,,,,,,
NM_001458.5(FLNC):c.697C>T (p.Gln233Ter),FLNC,Q233*,not provided|Hypertrophic cardiomyopathy 26|Distal myopathy with posterior leg and anterior hand involvement|Myofibrillar myopathy 5,VCV000478130,7,128477309,7,128837255,478130,456775,rs1554397464,NC_000007.14:128837254:C:T,single nucleotide variant,nonsense,Pathogenic,"Jul 25, 2022","criteria provided, single submitter",,,,,,,
NM_001458.5(FLNC):c.805C>T (p.Arg269Ter),FLNC,R269*,Cardiovascular phenotype|Distal myopathy with posterior leg and anterior hand involvement|not provided|Myofibrillar myopathy 5|Hypertrophic cardiomyopathy 26|not provided,VCV000539411,7,128477557,7,128837503,539411,522409,rs755583250,NC_000007.14:128837502:C:T,single nucleotide variant,nonsense,Pathogenic,"Aug 21, 2025","criteria provided, multiple submitters, no conflicts",,,,,,,
NM_001458.5(FLNC):c.862C>T (p.Gln288Ter),FLNC,Q288*,not provided|Myofibrillar myopathy 5|Distal myopathy with posterior leg and anterior hand involvement|Hypertrophic cardiomyopathy 26,VCV003754759,7,128477702,7,128837648,3754759,3869192,,NC_000007.14:128837647:C:T,single nucleotide variant,nonsense,Pathogenic,"May 1, 2025","criteria provided, single submitter",,,,,,,
NM_001458.5(FLNC):c.880C>T (p.Gln294Ter),FLNC,Q294*,Cardiovascular phenotype,VCV003515941,7,128477720,7,128837666,3515941,3676251,,NC_000007.14:128837665:C:T,single nucleotide variant,nonsense,Pathogenic,"Sep 4, 2024","criteria provided, single submitter",,,,,,,
NM_001458.5(FLNC):c.901C>T (p.Gln301Ter),FLNC,Q301*,Myofibrillar myopathy 5|not provided|Hypertrophic cardiomyopathy 26|Distal myopathy with posterior leg and anterior hand involvement,VCV002945494,7,128477741,7,128837687,2945494,3105265,rs2536618994,NC_000007.14:128837686:C:T,single nucleotide variant,nonsense,Pathogenic,"Mar 19, 2023","criteria provided, single submitter",,,,,,,
NM_001458.5(FLNC):c.964G>T (p.Glu322Ter),FLNC,E322*,Myofibrillar myopathy 5|Distal myopathy with posterior leg and anterior hand involvement|Hypertrophic cardiomyopathy 26|not provided,VCV000853279,7,128477804,7,128837750,853279,833000,rs1417082178,NC_000007.14:128837749:G:T,single nucleotide variant,nonsense,Pathogenic,"Dec 13, 2023","criteria provided, single submitter",,,,,,,
NM_001458.5(FLNC):c.1027A>T (p.Lys343Ter),FLNC,K343*,Myofibrillar myopathy 5|Distal myopathy with posterior leg and anterior hand involvement|Hypertrophic cardiomyopathy 26|not provided,VCV000859534,7,128478098,7,128838044,859534,833002,rs745495679,NC_000007.14:128838043:A:T,single nucleotide variant,nonsense,Pathogenic,"Aug 22, 2020","criteria provided, single submitter",,,,,,,
NM_001458.5(FLNC):c.1069C>T (p.Gln357Ter),FLNC,Q357*,Distal myopathy with posterior leg and anterior hand involvement|Hypertrophic cardiomyopathy 26|Myofibrillar myopathy 5|not provided|Cardiovascular phenotype,VCV001455294,7,128478342,7,128838288,1455294,1464415,rs2128934390,NC_000007.14:128838287:C:T,single nucleotide variant,nonsense,Pathogenic,"Mar 19, 2022","criteria provided, multiple submitters, no conflicts",,,,,,,
NM_001458.5(FLNC):c.1136C>G (p.Ser379Ter),FLNC,S379*,Myofibrillar myopathy 5|Distal myopathy with posterior leg and anterior hand involvement|not provided|Hypertrophic cardiomyopathy 26,VCV002050858,7,128478409,7,128838355,2050858,2111330,rs2536621092,NC_000007.14:128838354:C:G,single nucleotide variant,nonsense,Pathogenic,"Dec 21, 2021","criteria provided, single submitter",,,,,,,
NM_001458.5(FLNC):c.1156G>T (p.Glu386Ter),FLNC,E386*,Primary dilated cardiomyopathy|Hypertrophic cardiomyopathy 26|Myofibrillar myopathy 5|Distal myopathy with posterior leg and anterior hand involvement|not provided,VCV002947265,7,128478429,7,128838375,2947265,3105738,rs1204536261,NC_000007.14:128838374:G:T,single nucleotide variant,nonsense,Pathogenic,"Mar 26, 2025","criteria provided, multiple submitters, no conflicts",,,,,,,
NM_001458.5(FLNC):c.1444C>T (p.Arg482Ter),FLNC,R482*,Myofibrillar myopathy 5|Hypertrophic cardiomyopathy 26|Distal myopathy with posterior leg and anterior hand involvement|not provided|Cardiovascular phenotype|Primary dilated cardiomyopathy|Cardiomyopathy|not provided,VCV000517207,7,128480109,7,128840055,517207,496884,rs1420159591,NC_000007.14:128840054:C:T,single nucleotide variant,nonsense,Pathogenic,"Mar 6, 2026","criteria provided, multiple submitters, no conflicts",,,,,,,
NM_001458.5(FLNC):c.1453C>T (p.Gln485Ter),FLNC,Q485*,Myofibrillar myopathy 5|not provided|Distal myopathy with posterior leg and anterior hand involvement|Hypertrophic cardiomyopathy 26,VCV001707635,7,128480118,7,128840064,1707635,1705936,rs2536624682,NC_000007.14:128840063:C:T,single nucleotide variant,nonsense,Pathogenic,"Oct 17, 2025","criteria provided, single submitter",,,,,,,
NM_001458.5(FLNC):c.1605C>A (p.Cys535Ter),FLNC,C535*,Distal myopathy with posterior leg and anterior hand involvement|not provided|Myofibrillar myopathy 5|Hypertrophic cardiomyopathy 26,VCV000539354,7,128480657,7,128840603,539354,522522,rs199976790,NC_000007.14:128840602:C:A,single nucleotide variant,nonsense,Pathogenic,"Nov 28, 2022","criteria provided, single submitter",,,,,,,
NM_001458.5(FLNC):c.1652G>A (p.Trp551Ter),FLNC,W551*,not provided|Myofibrillar myopathy 5|Distal myopathy with posterior leg and anterior hand involvement|Hypertrophic cardiomyopathy 26,VCV003754761,7,128480704,7,128840650,3754761,3869194,,NC_000007.14:128840649:G:A,single nucleotide variant,nonsense,Pathogenic,"Feb 17, 2024","criteria provided, single submitter",,,,,,,
NM_001458.5(FLNC):c.1653G>A (p.Trp551Ter),FLNC,W551*,not provided|Hypertrophic cardiomyopathy 26|Myofibrillar myopathy 5|Distal myopathy with posterior leg and anterior hand involvement,VCV003748720,7,128480705,7,128840651,3748720,3874639,,NC_000007.14:128840650:G:A,single nucleotide variant,nonsense,Pathogenic,"Jul 30, 2024","criteria provided, single submitter",,,,,,,
NM_001458.5(FLNC):c.1662C>A (p.Tyr554Ter),FLNC,Y554*,Distal myopathy with posterior leg and anterior hand involvement|Hypertrophic cardiomyopathy 26|Myofibrillar myopathy 5|not provided,VCV001454170,7,128480714,7,128840660,1454170,1366776,rs376975967,NC_000007.14:128840659:C:A,single nucleotide variant,nonsense,Pathogenic,"Jan 18, 2026","criteria provided, single submitter",,,,,,,
NM_001458.5(FLNC):c.1690C>T (p.Gln564Ter),FLNC,Q564*,not provided|Distal myopathy with posterior leg and anterior hand involvement|Hypertrophic cardiomyopathy 26|Myofibrillar myopathy 5,VCV003758838,7,128480901,7,128840847,3758838,3877038,,NC_000007.14:128840846:C:T,single nucleotide variant,nonsense,Pathogenic,"Sep 15, 2024","criteria provided, single submitter",,,,,,,
NM_001458.5(FLNC):c.1730G>A (p.Trp577Ter),FLNC,W577*,Hypertrophic cardiomyopathy 26|Myofibrillar myopathy 5|not provided|Distal myopathy with posterior leg and anterior hand involvement,VCV001451045,7,128480941,7,128840887,1451045,1429300,rs2128935124,NC_000007.14:128840886:G:A,single nucleotide variant,nonsense,Pathogenic,"Jun 27, 2022","criteria provided, single submitter",,,,,,,
NM_001458.5(FLNC):c.1798G>T (p.Glu600Ter),FLNC,E600*,not provided|Distal myopathy with posterior leg and anterior hand involvement|Hypertrophic cardiomyopathy 26|Myofibrillar myopathy 5,VCV003750995,7,128481009,7,128840955,3750995,3868015,,NC_000007.14:128840954:G:T,single nucleotide variant,nonsense,Pathogenic,"Sep 23, 2024","criteria provided, single submitter",,,,,,,
NM_001458.5(FLNC):c.1849G>T (p.Glu617Ter),FLNC,E617*,not provided|Myofibrillar myopathy 5|Hypertrophic cardiomyopathy 26|Distal myopathy with posterior leg and anterior hand involvement,VCV002029632,7,128481259,7,128841205,2029632,2078563,rs773961444,NC_000007.14:128841204:G:T,single nucleotide variant,nonsense,Pathogenic,"Dec 15, 2022","criteria provided, single submitter",,,,,,,
NM_001458.5(FLNC):c.1890C>G (p.Tyr630Ter),FLNC,Y630*,Myofibrillar myopathy 5|Distal myopathy with posterior leg and anterior hand involvement|not provided|Hypertrophic cardiomyopathy 26,VCV001425206,7,128481300,7,128841246,1425206,1431446,rs2128935258,NC_000007.14:128841245:C:G,single nucleotide variant,nonsense,Pathogenic,"Oct 6, 2021","criteria provided, single submitter",,,,,,,
NM_001458.5(FLNC):c.1893G>A (p.Trp631Ter),FLNC,W631*,Myofibrillar myopathy 5|Distal myopathy with posterior leg and anterior hand involvement|Hypertrophic cardiomyopathy 26|not provided,VCV001074904,7,128481303,7,128841249,1074904,1060987,rs1808320936,NC_000007.14:128841248:G:A,single nucleotide variant,nonsense,Pathogenic,"May 13, 2021","criteria provided, single submitter",,,,,,,
NM_001458.5(FLNC):c.1914C>G (p.Tyr638Ter),FLNC,Y638*,not provided|Myofibrillar myopathy 5|Distal myopathy with posterior leg and anterior hand involvement|Hypertrophic cardiomyopathy 26|Cardiovascular phenotype,VCV001069362,7,128481324,7,128841270,1069362,1060988,rs757352623,NC_000007.14:128841269:C:G,single nucleotide variant,nonsense,Pathogenic,"Jul 13, 2025","criteria provided, multiple submitters, no conflicts",,,,,,,
NM_001458.5(FLNC):c.1948C>T (p.Arg650Ter),FLNC,R650*,not provided|Myofibrillar myopathy 5|not provided|Distal myopathy with posterior leg and anterior hand involvement|Hypertrophic cardiomyopathy 26|Cardiovascular phenotype,VCV000421215,7,128481358,7,128841304,421215,406969,rs770606675,NC_000007.14:128841303:C:T,single nucleotide variant,nonsense,Pathogenic,"Sep 8, 2025","criteria provided, multiple submitters, no conflicts",,,,,,,
NM_001458.5(FLNC):c.2065G>T (p.Glu689Ter),FLNC,E689*,Distal myopathy with posterior leg and anterior hand involvement|not provided|Myofibrillar myopathy 5|Hypertrophic cardiomyopathy 26,VCV000539448,7,128481565,7,128841511,539448,522897,rs1446694237,NC_000007.14:128841510:G:T,single nucleotide variant,nonsense,Pathogenic,"Sep 27, 2017","criteria provided, single submitter",,,,,,,
NM_001458.5(FLNC):c.2119C>T (p.Gln707Ter),FLNC,Q707*,not provided|Cardiovascular phenotype|Myofibrillar myopathy 5|Distal myopathy with posterior leg and anterior hand involvement|not provided|Hypertrophic cardiomyopathy 26,VCV000849024,7,128481619,7,128841565,849024,833020,rs1808336992,NC_000007.14:128841564:C:T,single nucleotide variant,nonsense,Pathogenic,"Jan 26, 2026","criteria provided, multiple submitters, no conflicts",,,,,,,
NM_001458.5(FLNC):c.2389+1G>T,FLNC,,Distal myopathy with posterior leg and anterior hand involvement|Hypertrophic cardiomyopathy 26|Myofibrillar myopathy 5|not provided,VCV002133025,7,128482753,7,128842699,2133025,2191864,rs2536631644,NC_000007.14:128842698:G:T,single nucleotide variant,splice donor variant,Pathogenic,"Jul 29, 2022","criteria provided, single submitter",,,,,,,
NM_001458.5(FLNC):c.2389+2T>C,FLNC,,Distal myopathy with posterior leg and anterior hand involvement|Myofibrillar myopathy 5|not provided|Hypertrophic cardiomyopathy 26,VCV000569372,7,128482754,7,128842700,569372,561316,rs112903432,NC_000007.14:128842699:T:C,single nucleotide variant,splice donor variant,Pathogenic,"Nov 15, 2022","criteria provided, single submitter",,,,,,,
NM_001458.5(FLNC):c.2499C>A (p.Tyr833Ter),FLNC,Y833*,Cardiovascular phenotype|Myofibrillar myopathy 5|Distal myopathy with posterior leg and anterior hand involvement|Hypertrophic cardiomyopathy 26|not provided,VCV001072180,7,128482957,7,128842903,1072180,1060990,rs1389742580,NC_000007.14:128842902:C:A,single nucleotide variant,nonsense,Pathogenic,"Feb 12, 2025","criteria provided, multiple submitters, no conflicts",,,,,,,
NM_001458.5(FLNC):c.2548C>T (p.Gln850Ter),FLNC,Q850*,Myofibrillar myopathy 5|Distal myopathy with posterior leg and anterior hand involvement|Hypertrophic cardiomyopathy 26|not provided,VCV001074392,7,128483006,7,128842952,1074392,1060991,rs1367760687,NC_000007.14:128842951:C:T,single nucleotide variant,nonsense,Pathogenic,"Jul 22, 2020","criteria provided, single submitter",,,,,,,
NM_001458.5(FLNC):c.2617G>T (p.Glu873Ter),FLNC,E873*,Myofibrillar myopathy 5|Distal myopathy with posterior leg and anterior hand involvement|not provided|Hypertrophic cardiomyopathy 26,VCV001429310,7,128483349,7,128843295,1429310,1454427,rs771092335,NC_000007.14:128843294:G:T,single nucleotide variant,nonsense,Pathogenic,"Aug 3, 2021","criteria provided, single submitter",,,,,,,
NM_001458.5(FLNC):c.2809C>T (p.Gln937Ter),FLNC,Q937*,Hypertrophic cardiomyopathy 26|Myofibrillar myopathy 5|Distal myopathy with posterior leg and anterior hand involvement|not provided|not provided|Cardiovascular phenotype,VCV002585953,7,128483629,7,128843575,2585953,2753513,rs1283989527,NC_000007.14:128843574:C:T,single nucleotide variant,nonsense,Pathogenic,"Nov 18, 2025","criteria provided, multiple submitters, no conflicts",,,,,,,
NM_001458.5(FLNC):c.2838T>A (p.Tyr946Ter),FLNC,Y946*,Myofibrillar myopathy 5|not provided|Distal myopathy with posterior leg and anterior hand involvement|Hypertrophic cardiomyopathy 26,VCV001284407,7,128483876,7,128843822,1284407,1274261,rs769390195,NC_000007.14:128843821:T:A,single nucleotide variant,nonsense,Pathogenic,"Apr 7, 2022","criteria provided, single submitter",,,,,,,
NM_001458.5(FLNC):c.2914C>T (p.Gln972Ter),FLNC,Q972*,Hypertrophic cardiomyopathy 26|Distal myopathy with posterior leg and anterior hand involvement|Myofibrillar myopathy 5|not provided,VCV002036851,7,128483952,7,128843898,2036851,2101218,rs2536634922,NC_000007.14:128843897:C:T,single nucleotide variant,nonsense,Pathogenic,"Oct 26, 2022","criteria provided, single submitter",,,,,,,
NM_001458.5(FLNC):c.2950C>T (p.Gln984Ter),FLNC,Q984*,not provided|Myofibrillar myopathy 5|Hypertrophic cardiomyopathy 26|Distal myopathy with posterior leg and anterior hand involvement,VCV000936719,7,128484078,7,128844024,936719,933653,rs769865678,NC_000007.14:128844023:C:T,single nucleotide variant,nonsense,Pathogenic,"Mar 11, 2024","criteria provided, single submitter",,,,,,,
NM_001458.5(FLNC):c.3039C>A (p.Cys1013Ter),FLNC,C1013*,"not provided|Hypertrophic cardiomyopathy 26|Distal myopathy with posterior leg and anterior hand involvement|Myofibrillar myopathy 5|Dilated Cardiomyopathy, Dominant",VCV000478124,7,128484167,7,128844113,478124,456606,rs1554399014,NC_000007.14:128844112:C:A,single nucleotide variant,nonsense,Pathogenic,"Apr 3, 2017","criteria provided, single submitter",,,,,,,
NM_001458.5(FLNC):c.3070C>T (p.Gln1024Ter),FLNC,Q1024*,Hypertrophic cardiomyopathy 26|Myofibrillar myopathy 5|Distal myopathy with posterior leg and anterior hand involvement|Hypertrophic cardiomyopathy 26|not provided,VCV001072269,7,128484198,7,128844144,1072269,1060995,rs2128936189,NC_000007.14:128844143:C:T,single nucleotide variant,nonsense,Pathogenic,"Nov 14, 2024","criteria provided, multiple submitters, no conflicts",,,,,,,
NM_001458.5(FLNC):c.3084C>A (p.Tyr1028Ter),FLNC,Y1028*,Myofibrillar myopathy 5|Distal myopathy with posterior leg and anterior hand involvement|not provided|Hypertrophic cardiomyopathy 26,VCV000841507,7,128484212,7,128844158,841507,833038,rs761978559,NC_000007.14:128844157:C:A,single nucleotide variant,nonsense,Pathogenic,"Dec 5, 2019","criteria provided, single submitter",,,,,,,
NM_001458.5(FLNC):c.3108C>A (p.Tyr1036Ter),FLNC,Y1036*,not provided|Myofibrillar myopathy 5|Distal myopathy with posterior leg and anterior hand involvement|Hypertrophic cardiomyopathy 26,VCV002950193,7,128484236,7,128844182,2950193,3112884,rs1808458303,NC_000007.14:128844181:C:A,single nucleotide variant,nonsense,Pathogenic,"Oct 3, 2025","criteria provided, single submitter",,,,,,,
NM_001458.5(FLNC):c.3351T>A (p.Cys1117Ter),FLNC,C1117*,Cardiovascular phenotype,VCV003221723,7,128484870,7,128844816,3221723,3383045,rs2536637338,NC_000007.14:128844815:T:A,single nucleotide variant,nonsense,Pathogenic,"Jan 2, 2024","criteria provided, single submitter",,,,,,,
NM_001458.5(FLNC):c.3648C>G (p.Tyr1216Ter),FLNC,Y1216*,Hypertrophic cardiomyopathy 26|Myofibrillar myopathy 5|Distal myopathy with posterior leg and anterior hand involvement|not provided,VCV004812508,7,128485167,7,128845113,4812508,4923659,,NC_000007.14:128845112:C:G,single nucleotide variant,nonsense,Pathogenic,"Jul 6, 2025","criteria provided, single submitter",,,,,,,
NM_001458.5(FLNC):c.3909T>A (p.Tyr1303Ter),FLNC,Y1303*,Myofibrillar myopathy 5|not provided|Hypertrophic cardiomyopathy 26|Distal myopathy with posterior leg and anterior hand involvement|Cardiovascular phenotype,VCV002922627,7,128486162,7,128846108,2922627,3092174,rs1329973329,NC_000007.14:128846107:T:A,single nucleotide variant,nonsense,Pathogenic,"May 28, 2025","criteria provided, multiple submitters, no conflicts",,,,,,,
NM_001458.5(FLNC):c.3943C>T (p.Gln1315Ter),FLNC,Q1315*,Myofibrillar myopathy 5|Distal myopathy with posterior leg and anterior hand involvement|not provided|Hypertrophic cardiomyopathy 26|Primary familial dilated cardiomyopathy,VCV001710103,7,128486196,7,128846142,1710103,1708456,rs2536641165,NC_000007.14:128846141:C:T,single nucleotide variant,nonsense,Pathogenic,"Jun 20, 2023","criteria provided, multiple submitters, no conflicts",,,,,,,
NM_001458.5(FLNC):c.4081G>T (p.Glu1361Ter),FLNC,E1361*,not provided|Myofibrillar myopathy 5|Distal myopathy with posterior leg and anterior hand involvement|Hypertrophic cardiomyopathy 26,VCV003754391,7,128486471,7,128846417,3754391,3868825,,NC_000007.14:128846416:G:T,single nucleotide variant,nonsense,Pathogenic,"Feb 3, 2024","criteria provided, single submitter",,,,,,,
NM_001458.5(FLNC):c.4108C>T (p.Arg1370Ter),FLNC,R1370*,Hypertrophic cardiomyopathy 26|Distal myopathy with posterior leg and anterior hand involvement|Myofibrillar myopathy 5|not provided|Hypertrophic cardiomyopathy 26|Cardiovascular phenotype,VCV000842060,7,128486498,7,128846444,842060,833055,rs1342121466,NC_000007.14:128846443:C:T,single nucleotide variant,nonsense,Pathogenic,"Apr 17, 2025","criteria provided, multiple submitters, no conflicts",,,,,,,
NM_001458.5(FLNC):c.4127+1G>T,FLNC,,Distal myopathy with posterior leg and anterior hand involvement|Myofibrillar myopathy 5|not provided|Hypertrophic cardiomyopathy 26,VCV000643473,7,128486518,7,128846464,643473,651755,rs1346981294,NC_000007.14:128846463:G:T,single nucleotide variant,splice donor variant,Pathogenic,"May 2, 2019","criteria provided, single submitter",,,,,,,
NM_001458.5(FLNC):c.4432C>T (p.Gln1478Ter),FLNC,Q1478*,not provided|Myofibrillar myopathy 5|Distal myopathy with posterior leg and anterior hand involvement|Hypertrophic cardiomyopathy 26|Cardiovascular phenotype,VCV001068586,7,128487894,7,128847840,1068586,1060998,rs2128937285,NC_000007.14:128847839:C:T,single nucleotide variant,nonsense,Pathogenic,"Jun 26, 2025","criteria provided, multiple submitters, no conflicts",,,,,,,
NM_001458.5(FLNC):c.4557T>G (p.Tyr1519Ter),FLNC,Y1519*,not provided|Myofibrillar myopathy 5|Distal myopathy with posterior leg and anterior hand involvement|Hypertrophic cardiomyopathy 26,VCV004812347,7,128488099,7,128848045,4812347,4923498,,NC_000007.14:128848044:T:G,single nucleotide variant,nonsense,Pathogenic,"Sep 20, 2025","criteria provided, single submitter",,,,,,,
NM_001458.5(FLNC):c.4557T>A (p.Tyr1519Ter),FLNC,Y1519*,Myofibrillar myopathy 5|Distal myopathy with posterior leg and anterior hand involvement|Hypertrophic cardiomyopathy 26|not provided,VCV001076103,7,128488099,7,128848045,1076103,1060999,rs2128937364,NC_000007.14:128848044:T:A,single nucleotide variant,nonsense,Pathogenic,"Apr 13, 2020","criteria provided, single submitter",,,,,,,
NM_001458.5(FLNC):c.4564C>T (p.Gln1522Ter),FLNC,Q1522*,Myofibrillar myopathy 5|Distal myopathy with posterior leg and anterior hand involvement|Hypertrophic cardiomyopathy 26|not provided,VCV002094400,7,128488106,7,128848052,2094400,2145848,rs2536646677,NC_000007.14:128848051:C:T,single nucleotide variant,nonsense,Pathogenic,"Oct 31, 2022","criteria provided, single submitter",,,,,,,
NM_001458.5(FLNC):c.4615G>A (p.Ala1539Thr),FLNC,A1539T,Myofibrillar myopathy 5|Distal myopathy with posterior leg and anterior hand involvement|not provided|Hypertrophic cardiomyopathy 26,VCV000253123,7,128488649,7,128848595,253123,247535,rs1562999443,NC_000007.14:128848594:G:A,single nucleotide variant,missense variant,Pathogenic,"Jul 31, 2021","criteria provided, single submitter",,,,,,,
NM_001458.5(FLNC):c.4718T>A (p.Leu1573Ter),FLNC,L1573*,not provided|Myofibrillar myopathy 5|Distal myopathy with posterior leg and anterior hand involvement|Hypertrophic cardiomyopathy 26|Cardiovascular phenotype,VCV001070209,7,128488752,7,128848698,1070209,1061000,rs2128937575,NC_000007.14:128848697:T:A,single nucleotide variant,nonsense,Pathogenic,"Oct 15, 2025","criteria provided, multiple submitters, no conflicts",,,,,,,
NM_001458.5(FLNC):c.4729C>T (p.Gln1577Ter),FLNC,Q1577*,Myofibrillar myopathy 5|not provided|Hypertrophic cardiomyopathy 26|Distal myopathy with posterior leg and anterior hand involvement,VCV000645256,7,128488763,7,128848709,645256,635709,rs1585163755,NC_000007.14:128848708:C:T,single nucleotide variant,nonsense,Pathogenic,"Aug 1, 2024","criteria provided, single submitter",,,,,,,
NM_001458.5(FLNC):c.4794C>A (p.Tyr1598Ter),FLNC,Y1598*,Myofibrillar myopathy 5|Distal myopathy with posterior leg and anterior hand involvement|not provided|Hypertrophic cardiomyopathy 26,VCV000962944,7,128488903,7,128848849,962944,945410,rs1808681247,NC_000007.14:128848848:C:A,single nucleotide variant,nonsense,Pathogenic,"Feb 2, 2020","criteria provided, single submitter",,,,,,,
NM_001458.5(FLNC):c.4959C>A (p.Cys1653Ter),FLNC,C1653*,Myofibrillar myopathy 5|Distal myopathy with posterior leg and anterior hand involvement|not provided|Hypertrophic cardiomyopathy 26,VCV002112130,7,128489392,7,128849338,2112130,2171301,rs1169967969,NC_000007.14:128849337:C:A,single nucleotide variant,nonsense,Pathogenic,"Mar 14, 2022","criteria provided, single submitter",,,,,,,
NM_001458.5(FLNC):c.4984C>T (p.Gln1662Ter),FLNC,Q1662*,Myofibrillar myopathy 5|Distal myopathy with posterior leg and anterior hand involvement|Hypertrophic cardiomyopathy 26|not provided|not provided,VCV000852214,7,128489417,7,128849363,852214,833068,rs1808708673,NC_000007.14:128849362:C:T,single nucleotide variant,nonsense,Pathogenic,"Mar 20, 2025","criteria provided, multiple submitters, no conflicts",,,,,,,
NM_001458.5(FLNC):c.5115C>A (p.Tyr1705Ter),FLNC,Y1705*,Hypertrophic cardiomyopathy 26|Myofibrillar myopathy 5|Distal myopathy with posterior leg and anterior hand involvement|not provided,VCV004812754,7,128489548,7,128849494,4812754,4923905,,NC_000007.14:128849493:C:A,single nucleotide variant,nonsense,Pathogenic,"May 22, 2025","criteria provided, single submitter",,,,,,,
NM_001458.5(FLNC):c.5245C>T (p.Gln1749Ter),FLNC,Q1749*,Hypertrophic cardiomyopathy 26|Myofibrillar myopathy 5|Distal myopathy with posterior leg and anterior hand involvement|not provided,VCV004812525,7,128490075,7,128850021,4812525,4923676,,NC_000007.14:128850020:C:T,single nucleotide variant,nonsense|intron variant,Pathogenic,"Aug 29, 2025","criteria provided, single submitter",,,,,,,
NM_001458.5(FLNC):c.5335G>T (p.Glu1779Ter),FLNC|FLNC-AS1,"E1779*, E1746*",Myofibrillar myopathy 5|Distal myopathy with posterior leg and anterior hand involvement|Hypertrophic cardiomyopathy 26|not provided,VCV000944329,7,128490474,7,128850420,944329,924684,rs1808758208,NC_000007.14:128850419:G:T,single nucleotide variant,nonsense,Pathogenic,"Feb 24, 2024","criteria provided, single submitter",,,,,,,
NM_001458.5(FLNC):c.5520T>G (p.Tyr1840Ter),FLNC-AS1|FLNC,"Y1807*, Y1840*",not provided|Distal myopathy with posterior leg and anterior hand involvement|Hypertrophic cardiomyopathy 26|Myofibrillar myopathy 5|Cardiovascular phenotype,VCV003759443,7,128490978,7,128850924,3759443,3867066,,NC_000007.14:128850923:T:G,single nucleotide variant,nonsense,Pathogenic,"Dec 24, 2025","criteria provided, multiple submitters, no conflicts",,,,,,,
NM_001458.5(FLNC):c.5520T>A (p.Tyr1840Ter),FLNC|FLNC-AS1,"Y1807*, Y1840*",Hypertrophic cardiomyopathy 26|not provided|Myofibrillar myopathy 5|Distal myopathy with posterior leg and anterior hand involvement|Hypertrophic cardiomyopathy 26,VCV001070523,7,128490978,7,128850924,1070523,1061004,rs1808781579,NC_000007.14:128850923:T:A,single nucleotide variant,nonsense,Pathogenic,"Jul 3, 2025","criteria provided, multiple submitters, no conflicts",,,,,,,
NM_001458.5(FLNC):c.5595T>G (p.Tyr1865Ter),FLNC-AS1|FLNC,"Y1832*, Y1865*",Hypertrophic cardiomyopathy 26|Myofibrillar myopathy 5|Distal myopathy with posterior leg and anterior hand involvement|not provided,VCV004812574,7,128491341,7,128851287,4812574,4923725,,NC_000007.14:128851286:T:G,single nucleotide variant,nonsense,Pathogenic,"Dec 24, 2025","criteria provided, single submitter",,,,,,,
NM_001458.5(FLNC):c.5653A>T (p.Lys1885Ter),FLNC|FLNC-AS1,"K1885*, K1852*","Distal myopathy with posterior leg and anterior hand involvement|Myofibrillar myopathy 5|Hypertrophic cardiomyopathy 26|Dilated Cardiomyopathy, Dominant",VCV000567717,7,128491399,7,128851345,567717,561490,rs1563001456,NC_000007.14:128851344:A:T,single nucleotide variant,nonsense,Pathogenic,"Jan 25, 2018","criteria provided, single submitter",,,,,,,
NM_001458.5(FLNC):c.5678C>A (p.Ser1893Ter),FLNC|FLNC-AS1,"S1860*, S1893*",not provided|Distal myopathy with posterior leg and anterior hand involvement|Hypertrophic cardiomyopathy 26|Myofibrillar myopathy 5,VCV003750822,7,128491518,7,128851464,3750822,3871701,,NC_000007.14:128851463:C:A,single nucleotide variant,non-coding transcript variant|nonsense,Pathogenic,"May 7, 2024","criteria provided, single submitter",,,,,,,
NM_001458.5(FLNC):c.5778C>G (p.Tyr1926Ter),FLNC-AS1|FLNC,"Y1893*, Y1926*",Distal myopathy with posterior leg and anterior hand involvement|Hypertrophic cardiomyopathy 26|not provided|Myofibrillar myopathy 5|Cardiovascular phenotype,VCV001749582,7,128491618,7,128851564,1749582,1810502,rs770913203,NC_000007.14:128851563:C:G,single nucleotide variant,nonsense,Pathogenic,"Apr 29, 2024","criteria provided, multiple submitters, no conflicts",,,,,,,
NM_001458.5(FLNC):c.5866C>T (p.Gln1956Ter),FLNC-AS1|FLNC,"Q1923*, Q1956*",Myofibrillar myopathy 5|Distal myopathy with posterior leg and anterior hand involvement|Hypertrophic cardiomyopathy 26|not provided,VCV001423971,7,128492668,7,128852614,1423971,1415155,rs2128938768,NC_000007.14:128852613:C:T,single nucleotide variant,nonsense,Pathogenic,"Jun 16, 2021","criteria provided, single submitter",,,,,,,
NM_001458.5(FLNC):c.6004+1G>A,FLNC|FLNC-AS1,,Hypertrophic cardiomyopathy 26,VCV003776301,7,128492807,7,128852753,3776301,3892448,,NC_000007.14:128852752:G:A,single nucleotide variant,splice donor variant,Pathogenic,"Dec 13, 2024","criteria provided, single submitter",,,,,,,
NM_001458.5(FLNC):c.6034G>T (p.Glu2012Ter),FLNC-AS1|FLNC,"E1979*, E2012*",Hypertrophic cardiomyopathy 26|Myofibrillar myopathy 5|Distal myopathy with posterior leg and anterior hand involvement|not provided,VCV004812552,7,128492911,7,128852857,4812552,4923703,,NC_000007.14:128852856:G:T,single nucleotide variant,nonsense,Pathogenic,"Nov 24, 2025","criteria provided, single submitter",,,,,,,
NM_001458.5(FLNC):c.6160G>T (p.Gly2054Ter),FLNC|FLNC-AS1,"G2054*, G2021*",not provided|Myofibrillar myopathy 5|Distal myopathy with posterior leg and anterior hand involvement|Hypertrophic cardiomyopathy 26|Cardiovascular phenotype,VCV002950983,7,128493037,7,128852983,2950983,3109886,rs1808887627,NC_000007.14:128852982:G:T,single nucleotide variant,nonsense,Pathogenic,"Feb 27, 2025","criteria provided, multiple submitters, no conflicts",,,,,,,
NM_001458.5(FLNC):c.6300C>G (p.Tyr2100Ter),FLNC|FLNC-AS1,"Y2067*, Y2100*",Primary dilated cardiomyopathy,VCV003255150,7,128493614,7,128853560,3255150,3413924,rs2536662182,NC_000007.14:128853559:C:G,single nucleotide variant,nonsense,Pathogenic,"Jul 17, 2023","criteria provided, single submitter",,,,,,,
NM_001458.5(FLNC):c.6491G>A (p.Trp2164Ter),FLNC-AS1|FLNC,"W2131*, W2164*",not provided|Distal myopathy with posterior leg and anterior hand involvement|Hypertrophic cardiomyopathy 26|Myofibrillar myopathy 5,VCV001457130,7,128494034,7,128853980,1457130,1477867,rs2128939246,NC_000007.14:128853979:G:A,single nucleotide variant,nonsense,Pathogenic,"Jan 25, 2024","criteria provided, single submitter",,,,,,,
NM_001458.5(FLNC):c.6496C>T (p.Gln2166Ter),FLNC|FLNC-AS1,"Q2133*, Q2166*",not provided|Myofibrillar myopathy 5|Distal myopathy with posterior leg and anterior hand involvement|Hypertrophic cardiomyopathy 26,VCV002950813,7,128494039,7,128853985,2950813,3109717,rs2536663470,NC_000007.14:128853984:C:T,single nucleotide variant,nonsense,Pathogenic,"Aug 8, 2023","criteria provided, single submitter",,,,,,,
NM_001458.5(FLNC):c.6634C>T (p.Gln2212Ter),FLNC-AS1|FLNC,"Q2179*, Q2212*",not provided|Distal myopathy with posterior leg and anterior hand involvement|Hypertrophic cardiomyopathy 26|Myofibrillar myopathy 5,VCV001457860,7,128494177,7,128854123,1457860,1471427,rs2128939316,NC_000007.14:128854122:C:T,single nucleotide variant,nonsense,Pathogenic,"Dec 24, 2024","criteria provided, single submitter",,,,,,,
NM_001458.5(FLNC):c.6721C>T (p.Gln2241Ter),FLNC-AS1|FLNC,"Q2208*, Q2241*",Myofibrillar myopathy 5|Hypertrophic cardiomyopathy 26|Distal myopathy with posterior leg and anterior hand involvement|not provided,VCV001395732,7,128494264,7,128854210,1395732,1425131,rs2128939369,NC_000007.14:128854209:C:T,single nucleotide variant,nonsense,Pathogenic,"Nov 22, 2022","criteria provided, single submitter",,,,,,,
NM_001458.5(FLNC):c.6802G>T (p.Glu2268Ter),FLNC|FLNC-AS1,"E2235*, E2268*",not provided|Myofibrillar myopathy 5|Distal myopathy with posterior leg and anterior hand involvement|Hypertrophic cardiomyopathy 26,VCV001070569,7,128494541,7,128854487,1070569,1061010,rs1156444972,NC_000007.14:128854486:G:T,single nucleotide variant,nonsense,Pathogenic,"Mar 5, 2025","criteria provided, single submitter",,,,,,,
NM_001458.5(FLNC):c.6822C>G (p.Tyr2274Ter),FLNC-AS1|FLNC,"Y2274*, Y2241*",Distal myopathy with posterior leg and anterior hand involvement|Hypertrophic cardiomyopathy 26|not provided|Myofibrillar myopathy 5|Cardiovascular phenotype,VCV003515997,7,128494561,7,128854507,3515997,3676307,,NC_000007.14:128854506:C:G,single nucleotide variant,nonsense,Pathogenic,"Jan 19, 2026","criteria provided, multiple submitters, no conflicts",,,,,,,
NM_001458.5(FLNC):c.6883C>T (p.Gln2295Ter),FLNC-AS1|FLNC,"Q2262*, Q2295*",Cardiovascular phenotype|Primary dilated cardiomyopathy|Distal myopathy with posterior leg and anterior hand involvement|Myofibrillar myopathy 5|not provided|Hypertrophic cardiomyopathy 26,VCV000642313,7,128494622,7,128854568,642313,635756,rs1585169831,NC_000007.14:128854567:C:T,single nucleotide variant,nonsense,Pathogenic,"Sep 11, 2025","criteria provided, multiple submitters, no conflicts",,,,,,,
NM_001458.5(FLNC):c.6907C>T (p.Gln2303Ter),FLNC-AS1|FLNC,"Q2270*, Q2303*",Myofibrillar myopathy 5|Distal myopathy with posterior leg and anterior hand involvement|not provided|Hypertrophic cardiomyopathy 26|Primary familial dilated cardiomyopathy,VCV001710097,7,128494646,7,128854592,1710097,1708450,rs2536665281,NC_000007.14:128854591:C:T,single nucleotide variant,nonsense,Pathogenic,"Jun 9, 2022","criteria provided, multiple submitters, no conflicts",,,,,,,
NM_001458.5(FLNC):c.6943C>A (p.His2315Asn),FLNC-AS1|FLNC,"H2315N, H2282N",Hypertrophic cardiomyopathy 26,VCV000253124,7,128494682,7,128854628,253124,247536,rs1563003848,NC_000007.14:128854627:C:A,single nucleotide variant,missense variant,Pathogenic,"Jul 21, 2016",no assertion criteria provided,,,,,,,
NM_001458.5(FLNC):c.6958G>T (p.Gly2320Ter),FLNC|FLNC-AS1,"G2287*, G2320*",Distal myopathy with posterior leg and anterior hand involvement|not provided|Hypertrophic cardiomyopathy 26|Myofibrillar myopathy 5,VCV003757391,7,128494697,7,128854643,3757391,3873130,,NC_000007.14:128854642:G:T,single nucleotide variant,nonsense,Pathogenic,"Jun 1, 2025","criteria provided, single submitter",,,,,,,
NM_001458.5(FLNC):c.6976C>T (p.Arg2326Ter),FLNC-AS1|FLNC,"R2326*, R2293*",Cardiovascular phenotype|Distal myopathy with posterior leg and anterior hand involvement|Myofibrillar myopathy 5|not provided|Hypertrophic cardiomyopathy 26|Cardiomyopathy|not provided,VCV000478129,7,128494715,7,128854661,478129,456937,rs748416758,NC_000007.14:128854660:C:T,single nucleotide variant,nonsense,Pathogenic,"Apr 7, 2026","criteria provided, multiple submitters, no conflicts",,,,,,,
NM_001458.5(FLNC):c.6982G>A (p.Val2328Met),FLNC-AS1|FLNC,"V2295M, V2328M",Distal myopathy with posterior leg and anterior hand involvement|Hypertrophic cardiomyopathy 26|Myofibrillar myopathy 5|not provided,VCV001474818,7,128494721,7,128854667,1474818,1503904,rs2128939561,NC_000007.14:128854666:G:A,single nucleotide variant,missense variant,Pathogenic,"Dec 6, 2023","criteria provided, single submitter",,,,,,,
NM_001458.5(FLNC):c.7000G>T (p.Glu2334Ter),FLNC-AS1|FLNC,"E2301*, E2334*",Cardiovascular phenotype|Hypertrophic cardiomyopathy 26|Myofibrillar myopathy 5|Distal myopathy with posterior leg and anterior hand involvement|not provided,VCV002941067,7,128494831,7,128854777,2941067,3096940,rs1808984299,NC_000007.14:128854776:G:T,single nucleotide variant,nonsense,Pathogenic,"Apr 10, 2024","criteria provided, multiple submitters, no conflicts",,,,,,,
NM_001458.5(FLNC):c.7014G>A (p.Trp2338Ter),FLNC|FLNC-AS1,"W2305*, W2338*",not provided|Distal myopathy with posterior leg and anterior hand involvement|Hypertrophic cardiomyopathy 26|Myofibrillar myopathy 5,VCV001410219,7,128494845,7,128854791,1410219,1513526,rs2128939606,NC_000007.14:128854790:G:A,single nucleotide variant,nonsense,Pathogenic,"Aug 9, 2021","criteria provided, single submitter",,,,,,,
NM_001458.5(FLNC):c.7251+1G>T,FLNC|FLNC-AS1,,Myofibrillar myopathy 5|Distal myopathy with posterior leg and anterior hand involvement|Hypertrophic cardiomyopathy 26|not provided,VCV000859630,7,128495369,7,128855315,859630,851140,rs1554401581,NC_000007.14:128855314:G:T,single nucleotide variant,splice donor variant,Pathogenic,"Dec 13, 2025","criteria provided, single submitter",,,,,,,
NM_001458.5(FLNC):c.7251+1G>A,FLNC-AS1|FLNC,,Distal myopathy with posterior leg and anterior hand involvement|not provided|Myofibrillar myopathy 5|Hypertrophic cardiomyopathy 26,VCV000539340,7,128495369,7,128855315,539340,523023,rs1554401581,NC_000007.14:128855314:G:A,single nucleotide variant,splice donor variant,Pathogenic,"Oct 12, 2022","criteria provided, single submitter",,,,,,,
NM_001458.5(FLNC):c.7294C>T (p.Gln2432Ter),FLNC|FLNC-AS1,"Q2432*, Q2399*",not provided|Hypertrophic cardiomyopathy 26|Distal myopathy with posterior leg and anterior hand involvement|Myofibrillar myopathy 5,VCV000478131,7,128496614,7,128856560,478131,456381,rs1554401756,NC_000007.14:128856559:C:T,single nucleotide variant,nonsense,Pathogenic,"Dec 26, 2017","criteria provided, single submitter",,,,,,,
NM_001458.5(FLNC):c.7365C>G (p.Tyr2455Ter),FLNC-AS1|FLNC,"Y2422*, Y2455*",Hypertrophic cardiomyopathy 26|Myofibrillar myopathy 5|Distal myopathy with posterior leg and anterior hand involvement|not provided,VCV004812483,7,128496685,7,128856631,4812483,4923634,,NC_000007.14:128856630:C:G,single nucleotide variant,nonsense,Pathogenic,"Apr 23, 2025","criteria provided, single submitter",,,,,,,
NM_001458.5(FLNC):c.7365C>A (p.Tyr2455Ter),FLNC|FLNC-AS1,"Y2422*, Y2455*",Hypertrophic cardiomyopathy 26|Myofibrillar myopathy 5|Distal myopathy with posterior leg and anterior hand involvement|not provided,VCV000651699,7,128496685,7,128856631,651699,635767,rs540386120,NC_000007.14:128856630:C:A,single nucleotide variant,nonsense,Pathogenic,"Mar 28, 2024","criteria provided, single submitter",,,,,,,
NM_001458.5(FLNC):c.7414G>T (p.Glu2472Ter),FLNC|FLNC-AS1,"E2439*, E2472*",Myofibrillar myopathy 5|Hypertrophic cardiomyopathy 26|not provided|Distal myopathy with posterior leg and anterior hand involvement|Cardiomyopathy,VCV001434865,7,128496828,7,128856774,1434865,1507069,rs948675422,NC_000007.14:128856773:G:T,single nucleotide variant,nonsense,Pathogenic,"Dec 21, 2025","criteria provided, multiple submitters, no conflicts",,,,,,,
NM_001458.5(FLNC):c.7495C>T (p.Gln2499Ter),FLNC|FLNC-AS1,"Q2499*, Q2466*",Myofibrillar myopathy 5|not provided|Hypertrophic cardiomyopathy 26|Distal myopathy with posterior leg and anterior hand involvement,VCV002922179,7,128496909,7,128856855,2922179,3081787,rs2536670480,NC_000007.14:128856854:C:T,single nucleotide variant,nonsense,Pathogenic,"Jan 13, 2024","criteria provided, single submitter",,,,,,,
NM_001458.5(FLNC):c.7501C>T (p.Gln2501Ter),FLNC|FLNC-AS1,"Q2468*, Q2501*",Cardiovascular phenotype|Myofibrillar myopathy 5|Distal myopathy with posterior leg and anterior hand involvement|not provided|Hypertrophic cardiomyopathy 26,VCV004812447,7,128496915,7,128856861,4812447,4923598,,NC_000007.14:128856860:C:T,single nucleotide variant,nonsense,Pathogenic,"Feb 25, 2026","criteria provided, multiple submitters, no conflicts",,,,,,,
NM_001458.5(FLNC):c.7665T>A (p.Cys2555Ter),FLNC|FLNC-AS1,"C2522*, C2555*",not provided|Myofibrillar myopathy 5|Distal myopathy with posterior leg and anterior hand involvement|Hypertrophic cardiomyopathy 26|not provided,VCV003340710,7,128497275,7,128857221,3340710,3499949,,NC_000007.14:128857220:T:A,single nucleotide variant,nonsense,Pathogenic,"Nov 17, 2025","criteria provided, multiple submitters, no conflicts",,,,,,,
NM_001458.5(FLNC):c.7939C>T (p.Gln2647Ter),FLNC-AS1|FLNC,"Q2614*, Q2647*",Distal myopathy with posterior leg and anterior hand involvement|not provided|Hypertrophic cardiomyopathy 26|Myofibrillar myopathy 5,VCV003756207,7,128498220,7,128858166,3756207,3869367,,NC_000007.14:128858165:C:T,single nucleotide variant,nonsense,Pathogenic,"May 12, 2024","criteria provided, single submitter",,,,,,,
NM_001458.5(FLNC):c.8129G>A (p.Trp2710Ter),FLNC|FLNC-AS1,"W2677*, W2710*",Myofibrillar myopathy 5|not provided|Distal myopathy with posterior leg and anterior hand involvement|Hypertrophic cardiomyopathy 26|Myofibrillar myopathy|not provided,VCV000694402,7,128498528,7,128858474,694402,682327,rs1585173340,NC_000007.14:128858473:G:A,single nucleotide variant,nonsense,Pathogenic,"Sep 25, 2024","criteria provided, multiple submitters, no conflicts",,,,,,,
NM_001458.5(FLNC):c.8130G>A (p.Trp2710Ter),FLNC|FLNC-AS1,"W2710*, W2677*",not provided|Distal myopathy with posterior leg and anterior hand involvement|Hypertrophic cardiomyopathy 26|Myofibrillar myopathy 5|not provided|Myofibrillar myopathy 5,VCV000018314,7,128498529,7,128858475,18314,33353,rs121909518,NC_000007.14:128858474:G:A,single nucleotide variant,nonsense,Pathogenic,"Feb 1, 2026","criteria provided, multiple submitters, no conflicts",,,,,,,
NM_004333.6(BRAF):c.2126A>G (p.Gln709Arg),BRAF,"Q709R, Q621R, Q657R, Q672R, Q675R, Q687R, Q712R, Q749R",Cardiofaciocutaneous syndrome 1,VCV003572914,7,140439613,7,140739813,3572914,48867,rs397507486,NC_000007.14:140739812:T:C,single nucleotide variant,missense variant,Pathogenic,,"criteria provided, single submitter",,,,,,,
NM_004333.6(BRAF):c.1914T>G (p.Asp638Glu),BRAF,"D638E, D601E, D604E, D641E, D586E, D616E, D678E, D550E",BRAF-related disorder|Inborn genetic diseases|Melanoma|Cardio-facio-cutaneous syndrome|not provided|RASopathy|Noonan syndrome 7|Cardiofaciocutaneous syndrome 1,VCV000162797,7,140449165,7,140749365,162797,174176,rs180177042,NC_000007.14:140749364:A:C,single nucleotide variant,missense variant,Pathogenic,"Oct 4, 2024","criteria provided, multiple submitters, no conflicts",,,,,,,
NM_004333.6(BRAF):c.1802A>C (p.Lys601Thr),BRAF,"K601T, K564T, K567T, K579T, K604T, K641T, K513T, K549T",RASopathy|not provided,VCV000044818,7,140453133,7,140753333,44818,53985,rs397507484,NC_000007.14:140753332:T:G,single nucleotide variant,missense variant,Pathogenic,"Dec 20, 2025","criteria provided, multiple submitters, no conflicts",,,,,,,
NM_004333.6(BRAF):c.1801A>C (p.Lys601Gln),BRAF,"K601Q, K564Q, K641Q, K549Q, K567Q, K579Q, K604Q, K513Q","BRAF-related disorder|RASopathy|not provided|Melanoma, cutaneous malignant, susceptibility to, 1|Lung cancer|Colorectal cancer|LEOPARD syndrome 3|Noonan syndrome 7|Cardiofaciocutaneous syndrome 1|Noonan syndrome|Cardio-facio-cutaneous syndrome",VCV000041446,7,140453134,7,140753334,41446,49884,rs121913364,NC_000007.14:140753333:T:G,single nucleotide variant,missense variant,Pathogenic,"Feb 4, 2025","criteria provided, multiple submitters, no conflicts",,,,,,,
NM_004333.6(BRAF):c.1799T>G (p.Val600Gly),BRAF,"V600G, V512G, V548G, V563G, V566G, V578G, V603G, V640G",RASopathy,VCV000040389,7,140453136,7,140753336,40389,48859,rs113488022,NC_000007.14:140753335:A:C,single nucleotide variant,missense variant,Pathogenic,"Jun 25, 2020",reviewed by expert panel,,,,,,,
NM_004333.6(BRAF):c.1796C>G (p.Thr599Arg),BRAF,"T599R, T511R, T547R, T562R, T565R, T577R, T602R, T639R",RASopathy,VCV000280033,7,140453139,7,140753339,280033,264307,rs121913375,NC_000007.14:140753338:G:C,single nucleotide variant,missense variant,Pathogenic,"Mar 24, 2020",reviewed by expert panel,,,,,,,
NM_004333.6(BRAF):c.1796C>T (p.Thr599Ile),BRAF,"T599I, T511I, T547I, T562I, T565I, T577I, T602I, T639I",RASopathy,VCV000040388,7,140453139,7,140753339,40388,48858,rs121913375,NC_000007.14:140753338:G:A,single nucleotide variant,missense variant,Pathogenic,"Mar 24, 2020",reviewed by expert panel,,,,,,,
NM_004333.6(BRAF):c.1789C>G (p.Leu597Val),BRAF,"L597V, L509V, L545V, L563V, L600V, L637V, L560V, L575V",Noonan syndrome and Noonan-related syndrome|Cardio-facio-cutaneous syndrome|Noonan syndrome|Cardio-facio-cutaneous syndrome|RASopathy|not provided|Noonan syndrome 7,VCV000013969,7,140453146,7,140753346,13969,29008,rs121913369,NC_000007.14:140753345:G:C,single nucleotide variant,missense variant,Pathogenic,"Feb 5, 2025","criteria provided, multiple submitters, no conflicts",,,,,,,
NM_004333.6(BRAF):c.1787G>T (p.Gly596Val),BRAF,"G596V, G508V, G599V, G544V, G559V, G574V, G562V, G636V",RASopathy,VCV000040387,7,140453148,7,140753348,40387,48857,rs397507483,NC_000007.14:140753347:C:A,single nucleotide variant,missense variant,Pathogenic,"Apr 3, 2017",reviewed by expert panel,,,,,,,
NM_004333.6(BRAF):c.1785T>G (p.Phe595Leu),BRAF,"F595L, F573L, F598L, F543L, F635L, F507L, F558L, F561L",RASopathy,VCV000177672,7,140453150,7,140753350,177672,174042,rs121913341,NC_000007.14:140753349:A:C,single nucleotide variant,missense variant,Pathogenic,"Apr 3, 2017",reviewed by expert panel,,,,,,,
NM_004333.6(BRAF):c.1781A>T (p.Asp594Val),BRAF,"D594V, D506V, D542V, D557V, D560V, D572V, D597V, D634V",RASopathy,VCV000375946,7,140453154,7,140753354,375946,362825,rs121913338,NC_000007.14:140753353:T:A,single nucleotide variant,missense variant,Pathogenic,"May 18, 2020",reviewed by expert panel,,,,,,,
NM_004333.6(BRAF):c.1741A>G (p.Asn581Asp),BRAF,"N581D, N547D, N529D, N559D, N584D, N621D, N493D, N544D",Cardio-facio-cutaneous syndrome,VCV000013979,7,140453987,7,140754187,13979,29018,rs180177040,NC_000007.14:140754186:T:C,single nucleotide variant,missense variant,Pathogenic,"Apr 3, 2017",reviewed by expert panel,,,,,,,
NM_004333.6(BRAF):c.1720C>T (p.His574Tyr),BRAF,"H574Y, H522Y, H540Y, H486Y, H614Y, H537Y, H552Y, H577Y",Cardio-facio-cutaneous syndrome,VCV000044810,7,140454008,7,140754208,44810,53977,rs397516894,NC_000007.14:140754207:G:A,single nucleotide variant,missense variant,Pathogenic,"Apr 2, 2013","criteria provided, single submitter",,,,,,,
NM_004333.6(BRAF):c.1593G>C (p.Trp531Cys),BRAF,"W531C, W443C, W479C, W494C, W497C, W509C, W534C, W571C",not provided|RASopathy,VCV000029808,7,140476813,7,140777013,29808,38763,rs606231228,NC_000007.14:140777012:C:G,single nucleotide variant,missense variant,Pathogenic,"Jun 22, 2025","criteria provided, multiple submitters, no conflicts",,,,,,,
NM_004333.6(BRAF):c.1513C>T (p.Leu505Phe),BRAF,"L505F, L417F, L453F, L468F, L471F, L483F, L508F, L545F",not provided|RASopathy,VCV000040375,7,140477795,7,140777995,40375,48845,rs397507477,NC_000007.14:140777994:G:A,single nucleotide variant,missense variant,Pathogenic,"Apr 1, 2024","criteria provided, multiple submitters, no conflicts",,,,,,,
NM_004333.6(BRAF):c.1502A>C (p.Glu501Ala),BRAF,"E501A, E413A, E449A, E464A, E467A, E479A, E504A, E541A",not provided|RASopathy,VCV000040373,7,140477806,7,140778006,40373,48843,rs180177039,NC_000007.14:140778005:T:G,single nucleotide variant,missense variant,Pathogenic,"Aug 13, 2021","criteria provided, multiple submitters, no conflicts",,,,,,,
NM_004333.6(BRAF):c.1497A>T (p.Lys499Asn),BRAF,"K499N, K411N, K447N, K462N, K465N, K477N, K502N, K539N",Cardiofaciocutaneous syndrome 1,VCV000040372,7,140477811,7,140778011,40372,48842,rs397507476,NC_000007.14:140778010:T:A,single nucleotide variant,missense variant,Pathogenic,"Jul 3, 2018","criteria provided, single submitter",,,,,,,
NM_004333.6(BRAF):c.1455G>T (p.Leu485Phe),BRAF,"L485F, L451F, L488F, L525F, L448F, L397F, L433F, L463F",RASopathy,VCV000177844,7,140477853,7,140778053,177844,174043,rs180177036,NC_000007.14:140778052:C:A,single nucleotide variant,missense variant,Pathogenic,"Feb 27, 2020",reviewed by expert panel,,,,,,,
NM_004333.6(BRAF):c.1455G>C (p.Leu485Phe),BRAF,"L485F, L451F, L433F, L448F, L488F, L397F, L463F, L525F",RASopathy,VCV000013975,7,140477853,7,140778053,13975,29014,rs180177036,NC_000007.14:140778052:C:G,single nucleotide variant,missense variant,Pathogenic,"Feb 28, 2020",reviewed by expert panel,,,,,,,
NM_004333.6(BRAF):c.1454T>G (p.Leu485Trp),BRAF,"L397W, L433W, L448W, L451W, L463W, L485W, L488W, L525W",Cardiofaciocutaneous syndrome 1|Low grade glioma,VCV001325840,7,140477854,7,140778054,1325840,1316101,rs397507475,NC_000007.14:140778053:A:C,single nucleotide variant,missense variant,Pathogenic,"Jun 26, 2025","criteria provided, single submitter",Tier I - Strong,"Mar 8, 2024","criteria provided, single submitter",,,,
NM_004333.6(BRAF):c.1448A>C (p.Lys483Thr),BRAF,"K483T, K523T",RASopathy,VCV000666412,7,140477860,7,140778060,666412,653970,rs1586126581,NC_000007.14:140778059:T:G,single nucleotide variant,missense variant,Pathogenic,"Sep 26, 2024","criteria provided, single submitter",,,,,,,
NM_004333.6(BRAF):c.1406G>A (p.Gly469Glu),BRAF,"G469E, G381E, G447E, G417E, G432E, G472E, G435E, G509E",RASopathy|Neoplasm,VCV000013974,7,140481402,7,140781602,13974,29013,rs121913355,NC_000007.14:140781601:C:T,single nucleotide variant,missense variant,Pathogenic,"Sep 17, 2024",reviewed by expert panel,,,,Oncogenic,"Dec 29, 2025","criteria provided, single submitter",
NM_004333.6(BRAF):c.1399T>G (p.Ser467Ala),BRAF,"S467A, S379A, S415A, S430A, S433A, S445A, S470A, S507A",not provided,VCV000223138,7,140481409,7,140781609,223138,224865,rs869025606,NC_000007.14:140781608:A:C,single nucleotide variant,missense variant,Pathogenic,"Apr 7, 2016","criteria provided, single submitter",,,,,,,
NM_004333.6(BRAF):c.1391G>A (p.Gly464Glu),BRAF,"G464E, G427E, G442E, G504E, G412E, G467E, G376E, G430E",RASopathy,VCV000013964,7,140481417,7,140781617,13964,29003,rs121913348,NC_000007.14:140781616:C:T,single nucleotide variant,missense variant,Pathogenic,"Mar 9, 2020",reviewed by expert panel,,,,,,,
NM_004333.6(BRAF):c.1390G>A (p.Gly464Arg),BRAF,"G464R, G376R, G412R, G427R, G430R, G442R, G467R, G504R",RASopathy|not provided,VCV000372572,7,140481418,7,140781618,372572,359643,rs121913349,NC_000007.14:140781617:C:T,single nucleotide variant,missense variant,Pathogenic,"Jul 14, 2025","criteria provided, multiple submitters, no conflicts",,,,,,,
NM_004333.6(BRAF):c.770A>G (p.Gln257Arg),BRAF,"Q257R, Q205R, Q223R, Q260R, Q169R",Cardio-facio-cutaneous syndrome,VCV000013973,7,140501302,7,140801502,13973,29012,rs180177035,NC_000007.14:140801501:T:C,single nucleotide variant,missense variant,Pathogenic,"Apr 3, 2017",reviewed by expert panel,,,,,,,
NM_004333.6(BRAF):c.741T>A (p.Phe247Leu),BRAF,"F159L, F195L, F213L, F247L, F250L",Noonan syndrome 1,VCV002674585,7,140501331,7,140801531,2674585,2842069,rs397509343,NC_000007.14:140801530:A:T,single nucleotide variant,missense variant,Pathogenic,,no assertion criteria provided,,,,,,,
NM_004333.6(BRAF):c.741T>G (p.Phe247Leu),BRAF,"F247L, F159L, F195L, F213L, F250L",Noonan syndrome and Noonan-related syndrome,VCV000055793,7,140501331,7,140801531,55793,70449,rs397509343,NC_000007.14:140801530:A:C,single nucleotide variant,missense variant,Pathogenic,"May 10, 2019",reviewed by expert panel,,,,,,,
NM_004333.6(BRAF):c.739T>C (p.Phe247Leu),BRAF,"F247L, F159L, F195L, F213L, F250L",Noonan syndrome and Noonan-related syndrome,VCV000180784,7,140501333,7,140801533,180784,179102,rs397516903,NC_000007.14:140801532:A:G,single nucleotide variant,missense variant,Pathogenic,"May 10, 2019",reviewed by expert panel,,,,,,,
NM_004333.6(BRAF):c.736G>C (p.Ala246Pro),BRAF,"A246P, A158P, A194P, A212P, A249P",Cardio-facio-cutaneous syndrome,VCV000013965,7,140501336,7,140801536,13965,29004,rs180177034,NC_000007.14:140801535:C:G,single nucleotide variant,missense variant,Pathogenic,"Apr 3, 2017",reviewed by expert panel,,,,,,,
NM_004333.6(BRAF):c.735A>T (p.Leu245Phe),BRAF,"L245F, L211F, L157F, L248F, L193F",Noonan syndrome and Noonan-related syndrome,VCV000040348,7,140501337,7,140801537,40348,48818,rs397507466,NC_000007.14:140801536:T:A,single nucleotide variant,missense variant,Pathogenic,"May 10, 2019",reviewed by expert panel,,,,,,,
NM_004333.6(BRAF):c.735A>C (p.Leu245Phe),BRAF,"L245F, L211F, L157F, L248F, L193F",Noonan syndrome and Noonan-related syndrome,VCV000040347,7,140501337,7,140801537,40347,48817,rs397507466,NC_000007.14:140801536:T:G,single nucleotide variant,missense variant,Pathogenic,"May 10, 2019",reviewed by expert panel,,,,,,,
NM_004333.6(BRAF):c.730A>C (p.Thr244Pro),BRAF,"T244P, T156P, T192P, T210P, T247P",Cardio-facio-cutaneous syndrome|Embryonal rhabdomyosarcoma,VCV000040346,7,140501342,7,140801542,40346,48816,rs397507465,NC_000007.14:140801541:T:G,single nucleotide variant,missense variant,Pathogenic,"Apr 3, 2017",reviewed by expert panel,Tier II - Potential,"Sep 13, 2023","criteria provided, single submitter",,,,
NM_004333.6(BRAF):c.722C>A (p.Thr241Lys),BRAF,"T241K, T153K, T189K, T207K, T244K",RASopathy,VCV000044829,7,140501350,7,140801550,44829,53996,rs387906660,NC_000007.14:140801549:G:T,single nucleotide variant,missense variant,Pathogenic,"Jun 25, 2020",reviewed by expert panel,,,,,,,
NM_004333.6(BRAF):c.722C>G (p.Thr241Arg),BRAF,"T241R, T153R, T189R, T207R, T244R",Inborn genetic diseases|not provided|RASopathy,VCV000029806,7,140501350,7,140801550,29806,38761,rs387906660,NC_000007.14:140801549:G:C,single nucleotide variant,missense variant,Pathogenic,"Mar 13, 2025","criteria provided, multiple submitters, no conflicts",,,,,,,
NM_018238.4(AGK):c.141+2T>C,AGK,,Sengers syndrome,VCV000030823,7,141292987,7,141593187,30823,39780,rs1554399572,NC_000007.14:141593186:T:C,single nucleotide variant,splice donor variant,Pathogenic,"Jan 25, 2012",no assertion criteria provided,,,,,,,
NM_018238.4(AGK):c.390+1G>T,AGK,,Inborn genetic diseases,VCV000521660,7,141311088,7,141611288,521660,511702,rs777096695,NC_000007.14:141611287:G:T,single nucleotide variant,splice donor variant,Pathogenic,"Apr 25, 2017","criteria provided, single submitter",,,,,,,
NM_000238.4(KCNH2):c.2692+1G>T,KCNH2,,Hypertrophic cardiomyopathy 26,VCV003544414,7,150645531,7,150948443,3544414,859591,rs1801002279,NC_000007.14:150948442:C:A,single nucleotide variant,splice donor variant,Pathogenic,"Jan 8, 2025","criteria provided, single submitter",,,,,,,
NM_016203.4(PRKAG2):c.1592G>A (p.Arg531Gln),PRKAG2,"R531Q, R487Q, R406Q, R290Q, R407Q",not provided|Lethal congenital glycogen storage disease of heart,VCV000006852,7,151257696,7,151560610,6852,21891,rs121908991,NC_000007.14:151560609:C:T,single nucleotide variant,missense variant,Pathogenic,"Jan 15, 2026","criteria provided, multiple submitters, no conflicts",,,,,,,
NM_016203.4(PRKAG2):c.1591C>G (p.Arg531Gly),PRKAG2,"R531G, R290G, R407G, R406G, R487G",Cardiovascular phenotype,VCV000006851,7,151257697,7,151560611,6851,21890,rs121908990,NC_000007.14:151560610:G:C,single nucleotide variant,missense variant,Pathogenic,"Jul 24, 2018","criteria provided, single submitter",,,,,,,
NM_016203.4(PRKAG2):c.1589A>G (p.His530Arg),PRKAG2,"H530R, H406R, H289R, H486R, H405R",Cardiovascular phenotype|not provided|Hypertrophic cardiomyopathy 6|Lethal congenital glycogen storage disease of heart|Hypertrophic cardiomyopathy,VCV000006854,7,151257699,7,151560613,6854,21893,rs267606977,NC_000007.14:151560612:T:C,single nucleotide variant,missense variant,Pathogenic,"Nov 18, 2024","criteria provided, multiple submitters, no conflicts",,,,,,,
NM_016203.4(PRKAG2):c.1463A>T (p.Asn488Ile),PRKAG2,"N488I, N247I, N363I, N364I, N444I",Hypertrophic cardiomyopathy 6,VCV000006850,7,151261285,7,151564199,6850,21889,rs121908989,NC_000007.14:151564198:T:A,single nucleotide variant,missense variant,Pathogenic,"Feb 1, 2002",no assertion criteria provided,,,,,,,
NM_016203.4(PRKAG2):c.1007T>C (p.Val336Ala),PRKAG2,"V336A, V95A, V292A, V211A, V212A",Lethal congenital glycogen storage disease of heart,VCV001452050,7,151269794,7,151572708,1452050,1438808,rs2151024166,NC_000007.14:151572707:A:G,single nucleotide variant,missense variant,Pathogenic,"Jun 30, 2021","criteria provided, single submitter",,,,,,,
NM_016203.4(PRKAG2):c.997T>C (p.Ser333Pro),PRKAG2,"S237P, S333P, S91P, S92P, S208P, S209P, S225P, S236P, S288P, S289P, S112P, S227P, S108P, S332P",Lethal congenital glycogen storage disease of heart,VCV003720795,7,151271985,7,151574899,3720795,3856599,,NC_000007.14:151574898:A:G,single nucleotide variant,missense variant,Pathogenic,"Jun 26, 2024","criteria provided, single submitter",,,,,,,
NM_016203.4(PRKAG2):c.905G>A (p.Arg302Gln),PRKAG2,"R302Q, R61Q, R178Q, R177Q, R258Q",Familial Hypertrophic Cardiomyopathy with Wolff-Parkinson-White Syndrome|Cardiovascular phenotype|not provided|Cardiomyopathy|Lethal congenital glycogen storage disease of heart|Wolff-Parkinson-White pattern|Hypertrophic cardiomyopathy 6|Primary familial hypertrophic cardiomyopathy|Hypertrophic cardiomyopathy,VCV000006846,7,151273498,7,151576412,6846,21885,rs121908987,NC_000007.14:151576411:C:T,single nucleotide variant,missense variant,Pathogenic,"Apr 9, 2026","criteria provided, multiple submitters, no conflicts",,,,,,,
NM_017866.6(TMEM70):c.336T>A (p.Tyr112Ter),TMEM70,Y112*,"Mitochondrial complex V (ATP synthase) deficiency, nuclear type 2",VCV000030957,8,74893409,8,73981174,30957,39914,rs1586636643,NC_000008.11:73981173:T:A,single nucleotide variant,3 prime UTR variant|nonsense|non-coding transcript variant,Pathogenic,"Mar 1, 2011",no assertion criteria provided,,,,,,,
NM_000144.5(FXN):c.3G>T (p.Met1Ile),FXN|LOC130001862,M1I,not provided|Friedreich ataxia 1,VCV000003983,9,71650701,9,69035785,3983,19022,rs104894108,NC_000009.12:69035784:G:T,single nucleotide variant,missense variant|initiator_codon_variant,Pathogenic,"Sep 8, 2025","criteria provided, multiple submitters, no conflicts",,,,,,,
NM_000144.5(FXN):c.317T>G (p.Leu106Ter),FXN,L106*,Friedreich ataxia,VCV000003979,9,71668109,9,69053193,3979,19018,rs104894105,NC_000009.12:69053192:T:G,single nucleotide variant,nonsense,Pathogenic,"Mar 8, 1996",no assertion criteria provided,,,,,,,
NM_000144.5(FXN):c.385-2A>G,FXN,,Friedreich ataxia,VCV000003980,9,71679852,9,69064936,3980,19019,rs140987490,NC_000009.12:69064935:A:G,single nucleotide variant,splice acceptor variant,Pathogenic,"Mar 8, 1996",no assertion criteria provided,,,,,,,
NM_000144.5(FXN):c.438C>G (p.Asn146Lys),FXN,N146K,Friedreich ataxia 1,VCV000549677,9,71679907,9,69064991,549677,540456,rs146818694,NC_000009.12:69064990:C:G,single nucleotide variant,missense variant,Pathogenic,"Apr 25, 2018",no assertion criteria provided,,,,,,,
NM_000144.5(FXN):c.460A>T (p.Ile154Phe),FXN,I154F,Friedreich ataxia 1,VCV000003981,9,71679929,9,69065013,3981,19020,rs104894106,NC_000009.12:69065012:A:T,single nucleotide variant,missense variant,Pathogenic,"May 14, 2024","criteria provided, single submitter",,,,,,,
NM_016035.5(COQ4):c.155T>C (p.Leu52Ser),COQ4|LOC130002704,L52S,Neonatal encephalomyopathy-cardiomyopathy-respiratory distress syndrome,VCV000189202,9,131085379,9,128323100,189202,187093,rs786204770,NC_000009.12:128323099:T:C,single nucleotide variant,missense variant,Pathogenic,"Feb 5, 2015",no assertion criteria provided,,,,,,,
NM_016035.5(COQ4):c.202G>A (p.Asp68Asn),COQ4,"D68N, G68R",Neonatal encephalomyopathy-cardiomyopathy-respiratory distress syndrome,VCV001685665,9,131085426,9,128323147,1685665,1677680,rs758522459,NC_000009.12:128323146:G:A,single nucleotide variant,missense variant,Pathogenic,"May 4, 2022","criteria provided, single submitter",,,,,,,
NM_016035.5(COQ4):c.421C>T (p.Arg141Ter),COQ4,R141*,Neonatal encephalomyopathy-cardiomyopathy-respiratory distress syndrome,VCV000189200,9,131094450,9,128332171,189200,187091,rs775607037,NC_000009.12:128332170:C:T,single nucleotide variant,nonsense|intron variant,Pathogenic,"Mar 9, 2024","criteria provided, single submitter",,,,,,,
NM_016035.5(COQ4):c.433C>G (p.Arg145Gly),COQ4,R145G,Neonatal encephalomyopathy-cardiomyopathy-respiratory distress syndrome,VCV000189199,9,131094462,9,128332183,189199,187090,rs774395996,NC_000009.12:128332182:C:G,single nucleotide variant,missense variant|intron variant,Pathogenic,"Feb 5, 2015",no assertion criteria provided,,,,,,,
NM_015160.3(PMPCA):c.1066G>A (p.Gly356Ser),PMPCA,"G356S, G225S, G256S",Blindness|Global brain atrophy|Optic atrophy|Restrictive external ophthalmoplegia|Normal pressure hydrocephalus|Floppy infant|Hypertrophic cardiomyopathy|Severe global developmental delay|Hypoventilation|Failure to thrive|Chronic lactic acidosis|Diffuse cerebellar atrophy|Bilateral ptosis,VCV000221553,9,139313082,9,136418630,221553,223281,rs768643552,NC_000009.12:136418629:G:A,single nucleotide variant,missense variant,Pathogenic,"Jan 22, 2016",no assertion criteria provided,,,,,,,
NM_015160.3(PMPCA):c.1129G>A (p.Ala377Thr),PMPCA,"A377T, A277T, A246T",Autosomal recessive spinocerebellar ataxia 2|Blindness|Global brain atrophy|Optic atrophy|Restrictive external ophthalmoplegia|Normal pressure hydrocephalus|Floppy infant|Hypertrophic cardiomyopathy|Severe global developmental delay|Hypoventilation|Failure to thrive|Chronic lactic acidosis|Diffuse cerebellar atrophy|Bilateral ptosis,VCV000221552,9,139313299,9,136418847,221552,223282,rs753611141,NC_000009.12:136418846:G:A,single nucleotide variant,missense variant,Pathogenic,"Feb 10, 2016",no assertion criteria provided,,,,,,,
NM_006412.4(AGPAT2):c.683T>C (p.Leu228Pro),AGPAT2,"L228P, L196P",Congenital generalized lipodystrophy type 1,VCV000006627,9,139568358,9,136673906,6627,21666,rs104894100,NC_000009.12:136673905:A:G,single nucleotide variant,missense variant,Pathogenic,"May 1, 2002",no assertion criteria provided,,,,,,,
NM_006412.4(AGPAT2):c.643A>T (p.Lys215Ter),AGPAT2,"K215*, K183*",Congenital generalized lipodystrophy type 1,VCV000006629,9,139569205,9,136674753,6629,21668,rs121908925,NC_000009.12:136674752:T:A,single nucleotide variant,nonsense,Pathogenic,"Jun 1, 2004",no assertion criteria provided,,,,,,,
NM_006412.4(AGPAT2):c.589-2A>G,AGPAT2,,Congenital generalized lipodystrophy|not provided|Congenital generalized lipodystrophy type 1,VCV000006625,9,139569261,9,136674809,6625,21664,rs116807569,NC_000009.12:136674808:T:C,single nucleotide variant,splice acceptor variant,Pathogenic,"Apr 19, 2026","criteria provided, multiple submitters, no conflicts",,,,,,,
NM_006412.4(AGPAT2):c.570C>A (p.Tyr190Ter),AGPAT2,Y190*,Congenital generalized lipodystrophy type 1,VCV000006631,9,139571055,9,136676603,6631,21670,rs121908926,NC_000009.12:136676602:G:T,single nucleotide variant,intron variant|nonsense,Pathogenic,"Jun 1, 2004",no assertion criteria provided,,,,,,,
NM_006412.4(AGPAT2):c.503G>A (p.Trp168Ter),AGPAT2,W168*,Congenital generalized lipodystrophy type 1,VCV000374338,9,139571122,9,136676670,374338,361196,rs1057518714,NC_000009.12:136676669:C:T,single nucleotide variant,nonsense|intron variant,Pathogenic,"May 1, 2016",no assertion criteria provided,,,,,,,
NM_006412.4(AGPAT2):c.406G>A (p.Gly136Arg),AGPAT2,G136R,Congenital generalized lipodystrophy type 1,VCV000210104,9,139571499,9,136677047,210104,207660,rs797045222,NC_000009.12:136677046:C:T,single nucleotide variant,missense variant,Pathogenic,"Aug 6, 2015","criteria provided, single submitter",,,,,,,
NM_006412.4(AGPAT2):c.316+1G>T,AGPAT2,,Congenital generalized lipodystrophy type 1,VCV002506961,9,139571874,9,136677422,2506961,2671942,rs2490701344,NC_000009.12:136677421:C:A,single nucleotide variant,splice donor variant,Pathogenic,"Jun 27, 2023",no assertion criteria provided,,,,,,,
NM_006412.4(AGPAT2):c.313A>G (p.Met105Val),AGPAT2,M105V,Congenital generalized lipodystrophy,VCV001334446,9,139571878,9,136677426,1334446,1325341,rs2119186288,NC_000009.12:136677425:T:C,single nucleotide variant,missense variant,Pathogenic,"Dec 27, 2021",no assertion criteria provided,,,,,,,
NM_006412.4(AGPAT2):c.299G>A (p.Ser100Asn),AGPAT2,S100N,Congenital generalized lipodystrophy type 1,VCV000372105,9,139571892,9,136677440,372105,359016,rs764260414,NC_000009.12:136677439:C:T,single nucleotide variant,missense variant,Pathogenic,"Mar 4, 2013","criteria provided, single submitter",,,,,,,
NM_006412.4(AGPAT2):c.202C>T (p.Arg68Ter),AGPAT2,R68*,not provided|Congenital generalized lipodystrophy type 1,VCV000006624,9,139571989,9,136677537,6624,21663,rs104894093,NC_000009.12:136677536:G:A,single nucleotide variant,nonsense,Pathogenic,"Jul 24, 2023","criteria provided, multiple submitters, no conflicts",,,,,,,
NM_006412.4(AGPAT2):c.38T>A (p.Leu13Ter),AGPAT2,L13*,Congenital generalized lipodystrophy type 1,VCV001687558,9,139581772,9,136687320,1687558,1679851,rs2131023956,NC_000009.12:136687319:A:T,single nucleotide variant,nonsense,Pathogenic,"May 22, 2022","criteria provided, single submitter",,,,,,,
NM_032578.4(MYPN):c.1585C>T (p.Gln529Ter),MYPN,"Q529*, Q235*","Cardiomyopathy, familial restrictive, 4",VCV000031816,10,69925560,10,68165803,31816,40476,rs199476408,NC_000010.11:68165802:C:T,single nucleotide variant,nonsense|non-coding transcript variant,Pathogenic,"May 1, 2012",no assertion criteria provided,,,,,,,
NM_001083116.3(PRF1):c.1385C>A (p.Ser462Ter),PRF1,S462*,Familial hemophagocytic lymphohistiocytosis 2,VCV000561093,10,72358092,10,70598336,561093,552144,rs1564723653,NC_000010.11:70598335:G:T,single nucleotide variant,nonsense,Pathogenic,"Sep 1, 2017","criteria provided, single submitter",,,,,,,
NM_001083116.3(PRF1):c.673C>T (p.Arg225Trp),PRF1,R225W,Autoinflammatory syndrome|Inborn genetic diseases|Familial hemophagocytic lymphohistiocytosis|Familial hemophagocytic lymphohistiocytosis type 1|Familial hemophagocytic lymphohistiocytosis 2|Aplastic anemia,VCV000013711,10,72358804,10,70599048,13711,28750,rs28933973,NC_000010.11:70599047:G:A,single nucleotide variant,missense variant,Pathogenic,"Mar 9, 2025","criteria provided, multiple submitters, no conflicts",,,,,,,
NM_078470.6(COX15):c.649C>T (p.Arg217Trp),COX15,"R217W, R38W","Inborn genetic diseases|not provided|Cardioencephalomyopathy, fatal infantile, due to cytochrome c oxidase deficiency 2",VCV000006175,10,101483814,10,99724057,6175,21214,rs28939711,NC_000010.11:99724056:G:A,single nucleotide variant,missense variant|non-coding transcript variant,Pathogenic,"Jan 13, 2026","criteria provided, multiple submitters, no conflicts",,,,,,,
NM_007373.4(SHOC2):c.4A>G (p.Ser2Gly),SHOC2,S2G,Noonan syndrome-like disorder with loose anagen hair 1,VCV000006821,10,112724120,10,110964362,6821,21860,rs267607048,NC_000010.11:110964361:A:G,single nucleotide variant,missense variant,Pathogenic,"Apr 3, 2017",reviewed by expert panel,,,,,,,
NM_004281.4(BAG3):c.626C>T (p.Pro209Leu),BAG3,P209L,Cardiovascular phenotype|Dilated cardiomyopathy 1HH|Myofibrillar myopathy 6|not provided|Myofibrillar myopathy 6|Peripheral neuropathy,VCV000005981,10,121431885,10,119672373,5981,21020,rs121918312,NC_000010.11:119672372:C:T,single nucleotide variant,missense variant,Pathogenic,"Dec 19, 2025","criteria provided, multiple submitters, no conflicts",,,,,,,
NM_005343.4(HRAS):c.466T>C (p.Phe156Leu),HRAS|LRRC56,"F156L, F77L",Costello syndrome,VCV001327492,11,532740,11,532740,1327492,1318065,rs2133982557,NC_000011.10:532739:A:G,single nucleotide variant,missense variant|3 prime UTR variant,Pathogenic,"Dec 8, 2021","criteria provided, single submitter",,,,,,,
NM_005343.4(HRAS):c.436G>A (p.Ala146Thr),HRAS|LRRC56,A146T,Costello syndrome,VCV000012607,11,533467,11,533467,12607,27646,rs104894231,NC_000011.10:533466:C:T,single nucleotide variant,missense variant|synonymous variant,Pathogenic,"Mar 1, 2007",no assertion criteria provided,,,,,,,
NM_005343.4(HRAS):c.350A>G (p.Lys117Arg),HRAS|LRRC56,"K117R, S11G",RASopathy,VCV000012605,11,533553,11,533553,12605,27644,rs104894227,NC_000011.10:533552:T:C,single nucleotide variant,missense variant,Pathogenic,"Dec 3, 2024",reviewed by expert panel,,,,,,,
NM_005343.4(HRAS):c.187G>A (p.Glu63Lys),HRAS|LRRC56,E63K,not provided|Costello syndrome,VCV000012608,11,533869,11,533869,12608,27647,rs121917756,NC_000011.10:533868:C:T,single nucleotide variant,missense variant|5 prime UTR variant,Pathogenic,"Sep 2, 2022","criteria provided, multiple submitters, no conflicts",,,,,,,
NM_005343.4(HRAS):c.179G>T (p.Gly60Val),HRAS|LRRC56,G60V,"Malignant tumor of urinary bladder|Costello syndrome|Epidermal nevus|Large congenital melanocytic nevus|Linear nevus sebaceous syndrome|Thyroid cancer, nonmedullary, 2|not provided|Costello syndrome",VCV000391700,11,533877,11,533877,391700,374144,rs730880460,NC_000011.10:533876:C:A,single nucleotide variant,missense variant|5 prime UTR variant,Pathogenic,"Aug 3, 2025","criteria provided, multiple submitters, no conflicts",,,,,,,
NM_005343.4(HRAS):c.179G>A (p.Gly60Asp),HRAS|LRRC56,G60D,not provided|Costello syndrome,VCV000040436,11,533877,11,533877,40436,48906,rs730880460,NC_000011.10:533876:C:T,single nucleotide variant,missense variant|5 prime UTR variant,Pathogenic,"Jul 29, 2024","criteria provided, multiple submitters, no conflicts",,,,,,,
NM_005343.4(HRAS):c.173C>T (p.Thr58Ile),HRAS|LRRC56,T58I,RASopathy,VCV000012610,11,533883,11,533883,12610,27649,rs121917758,NC_000011.10:533882:G:A,single nucleotide variant,missense variant|5 prime UTR variant,Pathogenic,"Dec 3, 2024",reviewed by expert panel,,,,,,,
NM_005343.4(HRAS):c.38G>A (p.Gly13Asp),HRAS|LRRC56,G13D,"Epidermal nevus|Malignant tumor of urinary bladder|Large congenital melanocytic nevus|Linear nevus sebaceous syndrome|Thyroid cancer, nonmedullary, 2|Costello syndrome|HRAS-related disorder|Noonan syndrome and Noonan-related syndrome|not provided|RASopathy|Non-immune hydrops fetalis|Costello syndrome|Embryonal rhabdomyosarcoma",VCV000012604,11,534285,11,534285,12604,27643,rs104894226,NC_000011.10:534284:C:T,single nucleotide variant,missense variant|5 prime UTR variant,Pathogenic,"Oct 1, 2025","criteria provided, multiple submitters, no conflicts",Tier I - Strong,"Nov 7, 2024","criteria provided, single submitter",,,,
NM_005343.4(HRAS):c.37G>T (p.Gly13Cys),HRAS|LRRC56,G13C,Noonan syndrome|Rhabdomyosarcoma,VCV000012606,11,534286,11,534286,12606,27645,rs104894228,NC_000011.10:534285:C:A,single nucleotide variant,missense variant|5 prime UTR variant,Pathogenic,"Apr 3, 2017",reviewed by expert panel,Tier I - Strong,"Oct 22, 2022","criteria provided, single submitter",,,,
NM_005343.4(HRAS):c.35G>C (p.Gly12Ala),HRAS|LRRC56,G12A,"Noonan syndrome and Noonan-related syndrome|Thyroid cancer, nonmedullary, 2|Linear nevus sebaceous syndrome|Epidermal nevus|Costello syndrome|Malignant tumor of urinary bladder|Large congenital melanocytic nevus|Inborn genetic diseases|not provided|Costello syndrome",VCV000012603,11,534288,11,534288,12603,27642,rs104894230,NC_000011.10:534287:C:G,single nucleotide variant,missense variant|5 prime UTR variant,Pathogenic,"Sep 24, 2024","criteria provided, multiple submitters, no conflicts",,,,,,,
NM_005343.4(HRAS):c.35G>T (p.Gly12Val),HRAS|LRRC56,G12V,HRAS-related disorder|Cardiovascular phenotype|not provided|Costello syndrome,VCV000012600,11,534288,11,534288,12600,27639,rs104894230,NC_000011.10:534287:C:A,single nucleotide variant,missense variant|5 prime UTR variant,Pathogenic,"Jun 5, 2025","criteria provided, multiple submitters, no conflicts",,,,,,,
NM_005343.4(HRAS):c.34G>T (p.Gly12Cys),HRAS|LRRC56,G12C,"Epidermal nevus|Thyroid cancer, nonmedullary, 2|Costello syndrome|Linear nevus sebaceous syndrome|Large congenital melanocytic nevus|Malignant tumor of urinary bladder|not provided|Costello syndrome|Embryonal rhabdomyosarcoma",VCV000012613,11,534289,11,534289,12613,27652,rs104894229,NC_000011.10:534288:C:A,single nucleotide variant,missense variant|5 prime UTR variant,Pathogenic,"Jul 9, 2024","criteria provided, multiple submitters, no conflicts",Tier I - Strong,"Aug 2, 2023","criteria provided, single submitter",,,,
NM_005343.4(HRAS):c.34G>A (p.Gly12Ser),HRAS|LRRC56,G12S,Costello syndrome|Embryonal rhabdomyosarcoma,VCV000012602,11,534289,11,534289,12602,27641,rs104894229,NC_000011.10:534288:C:T,single nucleotide variant,missense variant|5 prime UTR variant,Pathogenic,"Apr 3, 2017",reviewed by expert panel,Tier I - Strong,"Mar 29, 2023","criteria provided, single submitter",,,,
NM_012250.6(RRAS2):c.215A>T (p.Gln72Leu),RRAS2,"Q37L, Q72L",Noonan syndrome,VCV000009447,11,14316390,11,14294844,9447,24486,rs113954997,NC_000011.10:14294843:T:A,single nucleotide variant,missense variant,Pathogenic,"Sep 17, 2024",reviewed by expert panel,,,,,,,
NM_012250.6(RRAS2):c.68G>A (p.Gly23Asp),LOC130005368|RRAS2,G23D,not provided|Noonan syndrome 12|Central nervous system germ cell tumor,VCV001699117,11,14380349,11,14358803,1699117,1691491,rs1591495779,NC_000011.10:14358802:C:T,single nucleotide variant,missense variant|intron variant,Pathogenic,"Oct 5, 2023","criteria provided, multiple submitters, no conflicts",Tier I - Strong,"Mar 6, 2025","criteria provided, single submitter",,,,
NM_012250.6(RRAS2):c.68G>T (p.Gly23Val),LOC130005368|RRAS2,G23V,Inborn genetic diseases|not provided|Noonan syndrome|Germinoma,VCV000626911,11,14380349,11,14358803,626911,615266,rs1591495779,NC_000011.10:14358802:C:A,single nucleotide variant,missense variant|intron variant,Pathogenic,"Oct 29, 2025","criteria provided, multiple submitters, no conflicts",Tier II - Potential,"May 8, 2023","criteria provided, single submitter",,,,
NM_003476.5(CSRP3):c.377C>G (p.Ser126Ter),CSRP3,"Q70E, S126*",Hypertrophic cardiomyopathy 12|Dilated cardiomyopathy 1M,VCV001008253,11,19207800,11,19186253,1008253,994419,rs1850523074,NC_000011.10:19186252:G:C,single nucleotide variant,missense variant|nonsense,Pathogenic,"Jul 21, 2023","criteria provided, single submitter",,,,,,,
NM_003476.5(CSRP3):c.373A>T (p.Lys125Ter),CSRP3,K125*,Hypertrophic cardiomyopathy 12|Dilated cardiomyopathy 1M,VCV000543042,11,19207804,11,19186257,543042,526520,rs1554967541,NC_000011.10:19186256:T:A,single nucleotide variant,synonymous variant|nonsense,Pathogenic,"Jul 21, 2023","criteria provided, single submitter",,,,,,,
NM_003476.5(CSRP3):c.337A>T (p.Lys113Ter),CSRP3,K113*,Hypertrophic cardiomyopathy 12|Dilated cardiomyopathy 1M,VCV000216572,11,19207840,11,19186293,216572,212924,rs863224716,NC_000011.10:19186292:T:A,single nucleotide variant,synonymous variant|nonsense,Pathogenic,"Aug 4, 2023","criteria provided, single submitter",,,,,,,
NM_003476.5(CSRP3):c.186T>G (p.Tyr62Ter),CSRP3,Y62*,Hypertrophic cardiomyopathy 12|Dilated cardiomyopathy 1M,VCV002932324,11,19209778,11,19188231,2932324,3087978,rs2494223496,NC_000011.10:19188230:A:C,single nucleotide variant,nonsense|intron variant,Pathogenic,"Apr 17, 2025","criteria provided, single submitter",,,,,,,
NM_003476.5(CSRP3):c.172T>G (p.Cys58Gly),CSRP3,C58G,Cardiovascular phenotype|Dilated cardiomyopathy 1M|Hypertrophic cardiomyopathy 12,VCV000008777,11,19209792,11,19188245,8777,23816,rs104894204,NC_000011.10:19188244:A:C,single nucleotide variant,missense variant|intron variant,Pathogenic,"Oct 8, 2025","criteria provided, multiple submitters, no conflicts",,,,,,,
NM_003476.5(CSRP3):c.161C>A (p.Ser54Ter),CSRP3,S54*,Dilated cardiomyopathy 1M|Hypertrophic cardiomyopathy 12,VCV004784477,11,19209803,11,19188256,4784477,4894011,,NC_000011.10:19188255:G:T,single nucleotide variant,nonsense|intron variant,Pathogenic,"Mar 19, 2025","criteria provided, single submitter",,,,,,,
NM_003476.5(CSRP3):c.54C>A (p.Tyr18Ter),CSRP3,Y18*,Dilated cardiomyopathy 1M|Hypertrophic cardiomyopathy 12,VCV003759643,11,19213942,11,19192395,3759643,3867265,,NC_000011.10:19192394:G:T,single nucleotide variant,nonsense,Pathogenic,"Dec 12, 2024","criteria provided, single submitter",,,,,,,
NM_000256.3(MYBPC3):c.3805G>T (p.Glu1269Ter),MYBPC3,E1269*,Hypertrophic cardiomyopathy 4,VCV001705335,11,47353632,11,47332081,1705335,1701424,rs2495735937,NC_000011.10:47332080:C:A,single nucleotide variant,nonsense,Pathogenic,"Jul 6, 2024","criteria provided, single submitter",,,,,,,
NM_000256.3(MYBPC3):c.3773T>A (p.Leu1258Ter),MYBPC3,L1258*,Hypertrophic cardiomyopathy|Cardiovascular phenotype,VCV001452999,11,47353664,11,47332113,1452999,1432139,rs730880604,NC_000011.10:47332112:A:T,single nucleotide variant,nonsense,Pathogenic,"May 3, 2023","criteria provided, multiple submitters, no conflicts",,,,,,,
NM_000256.3(MYBPC3):c.3753T>G (p.Tyr1251Ter),MYBPC3,Y1251*,Hypertrophic cardiomyopathy,VCV000177818,11,47353684,11,47332133,177818,174728,rs397516039,NC_000011.10:47332132:A:C,single nucleotide variant,nonsense,Pathogenic,"Aug 13, 2019","criteria provided, single submitter",,,,,,,
NM_000256.3(MYBPC3):c.3664G>T (p.Gly1222Ter),MYBPC3,G1222*,Cardiovascular phenotype|not provided|Hypertrophic cardiomyopathy,VCV000181016,11,47353773,11,47332222,181016,179183,rs730880598,NC_000011.10:47332221:C:A,single nucleotide variant,nonsense,Pathogenic,"Aug 13, 2024","criteria provided, multiple submitters, no conflicts",,,,,,,
NM_000256.3(MYBPC3):c.3641G>A (p.Trp1214Ter),MYBPC3,W1214*,not provided|Hypertrophic cardiomyopathy,VCV000181015,11,47353796,11,47332245,181015,179184,rs730880597,NC_000011.10:47332244:C:T,single nucleotide variant,nonsense,Pathogenic,"Jan 27, 2026","criteria provided, multiple submitters, no conflicts",,,,,,,
NM_000256.3(MYBPC3):c.3627+2T>G,MYBPC3,,Hypertrophic cardiomyopathy,VCV000656071,11,47354115,11,47332564,656071,652193,rs1299079662,NC_000011.10:47332563:A:C,single nucleotide variant,splice donor variant,Pathogenic,"Feb 14, 2019","criteria provided, single submitter",,,,,,,
NM_000256.3(MYBPC3):c.3627+1G>A,MYBPC3,,Cardiovascular phenotype|Cardiomyopathy|not provided|Primary familial hypertrophic cardiomyopathy|Hypertrophic cardiomyopathy,VCV000042728,11,47354116,11,47332565,42728,51898,rs397516031,NC_000011.10:47332564:C:T,single nucleotide variant,splice donor variant,Pathogenic,"Feb 1, 2026","criteria provided, multiple submitters, no conflicts",,,,,,,
NM_000256.3(MYBPC3):c.3572C>A (p.Ser1191Ter),MYBPC3,S1191*,Hypertrophic cardiomyopathy,VCV000951054,11,47354172,11,47332621,951054,926256,rs761545914,NC_000011.10:47332620:G:T,single nucleotide variant,nonsense,Pathogenic,"Sep 16, 2024","criteria provided, single submitter",,,,,,,
NM_000256.3(MYBPC3):c.3490+1G>A,MYBPC3,,Cardiovascular phenotype|not provided|Hypertrophic cardiomyopathy 4|Hypertrophic cardiomyopathy,VCV000042715,11,47354364,11,47332813,42715,51885,rs397516020,NC_000011.10:47332812:C:T,single nucleotide variant,splice donor variant,Pathogenic,"Jul 21, 2025","criteria provided, multiple submitters, no conflicts",,,,,,,
NM_000256.3(MYBPC3):c.3466G>T (p.Glu1156Ter),MYBPC3,E1156*,Hypertrophic cardiomyopathy,VCV002702912,11,47354389,11,47332838,2702912,2862608,rs1555120359,NC_000011.10:47332837:C:A,single nucleotide variant,nonsense,Pathogenic,"Dec 13, 2023","criteria provided, single submitter",,,,,,,
NM_000256.3(MYBPC3):c.3424C>T (p.Gln1142Ter),MYBPC3,Q1142*,Hypertrophic cardiomyopathy,VCV001073146,11,47354431,11,47332880,1073146,1062347,rs2142850286,NC_000011.10:47332879:G:A,single nucleotide variant,nonsense,Pathogenic,"Oct 17, 2022","criteria provided, single submitter",,,,,,,
NM_000256.3(MYBPC3):c.3408C>G (p.Tyr1136Ter),MYBPC3,Y1136*,Hypertrophic cardiomyopathy,VCV000851340,11,47354447,11,47332896,851340,838494,rs193922383,NC_000011.10:47332895:G:C,single nucleotide variant,nonsense,Pathogenic,"Aug 28, 2021","criteria provided, single submitter",,,,,,,
NM_000256.3(MYBPC3):c.3408C>A (p.Tyr1136Ter),MYBPC3,Y1136*,Cardiovascular phenotype|not provided|Hypertrophic cardiomyopathy,VCV000036611,11,47354447,11,47332896,36611,45273,rs193922383,NC_000011.10:47332895:G:T,single nucleotide variant,nonsense,Pathogenic,"May 1, 2025","criteria provided, multiple submitters, no conflicts",,,,,,,
NM_000256.3(MYBPC3):c.3357C>G (p.Tyr1119Ter),MYBPC3,Y1119*,Hypertrophic cardiomyopathy,VCV001074948,11,47354498,11,47332947,1074948,1062348,rs1565622952,NC_000011.10:47332946:G:C,single nucleotide variant,nonsense,Pathogenic,"Mar 22, 2018","criteria provided, single submitter",,,,,,,
NM_000256.3(MYBPC3):c.3357C>A (p.Tyr1119Ter),MYBPC3,Y1119*,Hypertrophic cardiomyopathy|Cardiovascular phenotype,VCV000579276,11,47354498,11,47332947,579276,567284,rs1565622952,NC_000011.10:47332946:G:T,single nucleotide variant,nonsense,Pathogenic,"Oct 16, 2023","criteria provided, multiple submitters, no conflicts",,,,,,,
NM_000256.3(MYBPC3):c.3335G>A (p.Trp1112Ter),MYBPC3,W1112*,not provided|Hypertrophic cardiomyopathy,VCV000177680,11,47354520,11,47332969,177680,175147,rs727504276,NC_000011.10:47332968:C:T,single nucleotide variant,nonsense,Pathogenic,"Oct 28, 2024","criteria provided, multiple submitters, no conflicts",,,,,,,
NM_000256.3(MYBPC3):c.3330+5G>C,MYBPC3,,Left ventricular noncompaction 10|Hypertrophic cardiomyopathy 4|Left ventricular noncompaction 10|Cardiovascular phenotype|not provided|Cardiomyopathy|Primary familial hypertrophic cardiomyopathy|Hypertrophic cardiomyopathy 4|Hypertrophic cardiomyopathy,VCV000042706,11,47354740,11,47333189,42706,51876,rs373746463,NC_000011.10:47333188:C:G,single nucleotide variant,intron variant,Pathogenic,"Jan 16, 2026","criteria provided, multiple submitters, no conflicts",,,,,,,
NM_000256.3(MYBPC3):c.3330+2T>C,MYBPC3,,not provided|Hypertrophic cardiomyopathy,VCV000181007,11,47354743,11,47333192,181007,179198,rs387906397,NC_000011.10:47333191:A:G,single nucleotide variant,splice donor variant,Pathogenic,"Feb 27, 2025","criteria provided, multiple submitters, no conflicts",,,,,,,
NM_000256.3(MYBPC3):c.3330+2T>G,MYBPC3,,Cardiovascular phenotype|Left ventricular noncompaction 10|Primary familial hypertrophic cardiomyopathy|Hypertrophic cardiomyopathy 4|not provided|Cardiomyopathy|Hypertrophic cardiomyopathy 4|Left ventricular noncompaction 10|Hypertrophic cardiomyopathy,VCV000008621,11,47354743,11,47333192,8621,23660,rs387906397,NC_000011.10:47333191:A:C,single nucleotide variant,splice donor variant,Pathogenic,"Feb 3, 2026","criteria provided, multiple submitters, no conflicts",,,,,,,
NM_000256.3(MYBPC3):c.3294G>A (p.Trp1098Ter),MYBPC3,W1098*,Hypertrophic cardiomyopathy|Cardiovascular phenotype,VCV000520341,11,47354781,11,47333230,520341,510298,rs767039057,NC_000011.10:47333229:C:T,single nucleotide variant,nonsense,Pathogenic,"Dec 25, 2023","criteria provided, multiple submitters, no conflicts",,,,,,,
NM_000256.3(MYBPC3):c.3293G>A (p.Trp1098Ter),MYBPC3,W1098*,Hypertrophic cardiomyopathy 4|Left ventricular noncompaction 10|not provided|Hypertrophic cardiomyopathy,VCV000042701,11,47354782,11,47333231,42701,51871,rs397516013,NC_000011.10:47333230:C:T,single nucleotide variant,nonsense,Pathogenic,"May 23, 2025","criteria provided, multiple submitters, no conflicts",,,,,,,
NM_000256.3(MYBPC3):c.3258G>A (p.Trp1086Ter),MYBPC3,W1086*,not provided|Hypertrophic cardiomyopathy,VCV000816955,11,47354817,11,47333266,816955,805695,rs1595841552,NC_000011.10:47333265:C:T,single nucleotide variant,nonsense,Pathogenic,"Aug 14, 2023","criteria provided, multiple submitters, no conflicts",,,,,,,
NM_000256.3(MYBPC3):c.3257G>A (p.Trp1086Ter),MYBPC3,W1086*,not provided|Cardiomyopathy,VCV000373084,11,47354818,11,47333267,373084,360009,rs779650200,NC_000011.10:47333266:C:T,single nucleotide variant,nonsense,Pathogenic,"Jun 16, 2023","criteria provided, multiple submitters, no conflicts",,,,,,,
NM_000256.3(MYBPC3):c.3253G>T (p.Glu1085Ter),MYBPC3,E1085*,not provided|Hypertrophic cardiomyopathy,VCV000042696,11,47354822,11,47333271,42696,51866,rs397516010,NC_000011.10:47333270:C:A,single nucleotide variant,nonsense,Pathogenic,"Aug 29, 2025","criteria provided, multiple submitters, no conflicts",,,,,,,
NM_000256.3(MYBPC3):c.3233G>A (p.Trp1078Ter),MYBPC3,W1078*,Cardiovascular phenotype|not provided|Cardiomyopathy|Hypertrophic cardiomyopathy 4|Hypertrophic cardiomyopathy,VCV000042692,11,47354842,11,47333291,42692,51862,rs397516006,NC_000011.10:47333290:C:T,single nucleotide variant,nonsense,Pathogenic,"Sep 24, 2025","criteria provided, multiple submitters, no conflicts",,,,,,,
NM_000256.3(MYBPC3):c.3190+2T>G,MYBPC3,,Cardiovascular phenotype|not provided|Hypertrophic cardiomyopathy 4|Left ventricular noncompaction 10|Cardiomyopathy|Primary familial hypertrophic cardiomyopathy|Hypertrophic cardiomyopathy 4|Hypertrophic cardiomyopathy,VCV000042691,11,47355106,11,47333555,42691,51861,rs113358486,NC_000011.10:47333554:A:C,single nucleotide variant,splice donor variant,Pathogenic,"Nov 27, 2025","criteria provided, multiple submitters, no conflicts",,,,,,,
NM_000256.3(MYBPC3):c.3190+1G>A,MYBPC3,,Cardiomyopathy|Hypertrophic cardiomyopathy 4|Cardiovascular phenotype|Hypertrophic cardiomyopathy 4|Left ventricular noncompaction 10|not provided|Hypertrophic cardiomyopathy,VCV000177837,11,47355107,11,47333556,177837,175150,rs111683277,NC_000011.10:47333555:C:T,single nucleotide variant,splice donor variant,Pathogenic,"Nov 18, 2025","criteria provided, multiple submitters, no conflicts",,,,,,,
NM_000256.3(MYBPC3):c.3181C>T (p.Gln1061Ter),MYBPC3,Q1061*,Cardiovascular phenotype|Cardiomyopathy|not provided|Primary familial hypertrophic cardiomyopathy|Hypertrophic cardiomyopathy 4|Hypertrophic cardiomyopathy,VCV000042690,11,47355117,11,47333566,42690,51860,rs397516005,NC_000011.10:47333565:G:A,single nucleotide variant,nonsense,Pathogenic,"Mar 3, 2025","criteria provided, multiple submitters, no conflicts",,,,,,,
NM_000256.3(MYBPC3):c.3163A>T (p.Lys1055Ter),MYBPC3,K1055*,Cardiovascular phenotype|not provided|Hypertrophic cardiomyopathy 4|Hypertrophic cardiomyopathy,VCV000222702,11,47355135,11,47333584,222702,224423,rs869025461,NC_000011.10:47333583:T:A,single nucleotide variant,nonsense,Pathogenic,"Oct 31, 2024","criteria provided, multiple submitters, no conflicts",,,,,,,
NM_000256.3(MYBPC3):c.3130C>T (p.Gln1044Ter),MYBPC3,Q1044*,Cardiomyopathy|Hypertrophic cardiomyopathy,VCV003387098,11,47355168,11,47333617,3387098,3546232,,NC_000011.10:47333616:G:A,single nucleotide variant,nonsense,Pathogenic,"Oct 21, 2024","criteria provided, multiple submitters, no conflicts",,,,,,,
NM_000256.3(MYBPC3):c.3129C>G (p.Tyr1043Ter),MYBPC3,Y1043*,Hypertrophic cardiomyopathy,VCV001451679,11,47355169,11,47333618,1451679,1426079,rs573821685,NC_000011.10:47333617:G:C,single nucleotide variant,nonsense,Pathogenic,"Aug 24, 2022","criteria provided, single submitter",,,,,,,
NM_000256.3(MYBPC3):c.3129C>A (p.Tyr1043Ter),MYBPC3,Y1043*,Hypertrophic cardiomyopathy,VCV000164048,11,47355169,11,47333618,164048,174740,rs573821685,NC_000011.10:47333617:G:T,single nucleotide variant,nonsense,Pathogenic,"Apr 28, 2021","criteria provided, multiple submitters, no conflicts",,,,,,,
NM_000256.3(MYBPC3):c.2998A>T (p.Lys1000Ter),MYBPC3,K1000*,Cardiovascular phenotype|Hypertrophic cardiomyopathy,VCV004715481,11,47355300,11,47333749,4715481,4825798,,NC_000011.10:47333748:T:A,single nucleotide variant,nonsense,Pathogenic,"Jan 23, 2026","criteria provided, multiple submitters, no conflicts",,,,,,,
NM_000256.3(MYBPC3):c.2994+1G>A,MYBPC3,,not provided,VCV001027654,11,47355472,11,47333921,1027654,1015427,rs2095879885,NC_000011.10:47333920:C:T,single nucleotide variant,splice donor variant,Pathogenic,"Jan 12, 2026","criteria provided, single submitter",,,,,,,
NM_000256.3(MYBPC3):c.2992C>T (p.Gln998Ter),MYBPC3,Q998*,Cardiovascular phenotype|not provided|Hypertrophic cardiomyopathy,VCV000180993,11,47355475,11,47333924,180993,179222,rs11570112,NC_000011.10:47333923:G:A,single nucleotide variant,nonsense,Pathogenic,"Oct 3, 2023","criteria provided, multiple submitters, no conflicts",,,,,,,
NM_000256.3(MYBPC3):c.2953A>T (p.Lys985Ter),MYBPC3,K985*,not provided|Hypertrophic cardiomyopathy,VCV000177956,11,47355514,11,47333963,177956,174744,rs727504423,NC_000011.10:47333962:T:A,single nucleotide variant,nonsense,Pathogenic,"Dec 22, 2025","criteria provided, multiple submitters, no conflicts",,,,,,,
NM_000256.3(MYBPC3):c.2950C>T (p.Gln984Ter),MYBPC3,Q984*,Hypertrophic cardiomyopathy,VCV000525030,11,47355517,11,47333966,525030,526230,rs1555120651,NC_000011.10:47333965:G:A,single nucleotide variant,nonsense,Pathogenic,"Jan 29, 2024","criteria provided, single submitter",,,,,,,
NM_000256.3(MYBPC3):c.2920C>T (p.Gln974Ter),MYBPC3,Q974*,Cardiovascular phenotype|not provided|Cardiomyopathy|Hypertrophic cardiomyopathy,VCV000164055,11,47355547,11,47333996,164055,174745,rs727503180,NC_000011.10:47333995:G:A,single nucleotide variant,nonsense,Pathogenic,"Aug 13, 2025","criteria provided, multiple submitters, no conflicts",,,,,,,
NM_000256.3(MYBPC3):c.2905+2T>C,MYBPC3,,Hypertrophic cardiomyopathy,VCV002137070,11,47356591,11,47335040,2137070,1878072,rs2095880858,NC_000011.10:47335039:A:G,single nucleotide variant,splice donor variant,Pathogenic,"May 2, 2022","criteria provided, single submitter",,,,,,,
NM_000256.3(MYBPC3):c.2905+1G>C,MYBPC3,,Cardiovascular phenotype|Cardiomyopathy|Hypertrophic cardiomyopathy,VCV000042667,11,47356592,11,47335041,42667,51837,rs397515991,NC_000011.10:47335040:C:G,single nucleotide variant,splice donor variant,Pathogenic,"Nov 6, 2024","criteria provided, multiple submitters, no conflicts",,,,,,,
NM_000256.3(MYBPC3):c.2905+1G>A,MYBPC3,,Cardiovascular phenotype|not provided|Cardiomyopathy|Hypertrophic cardiomyopathy 4|Primary familial hypertrophic cardiomyopathy|Hypertrophic cardiomyopathy,VCV000042666,11,47356592,11,47335041,42666,51836,rs397515991,NC_000011.10:47335040:C:T,single nucleotide variant,splice donor variant,Pathogenic,"Jan 21, 2026","criteria provided, multiple submitters, no conflicts",,,,,,,
NM_000256.3(MYBPC3):c.2905C>T (p.Gln969Ter),MYBPC3,Q969*,Cardiovascular phenotype|Hypertrophic cardiomyopathy 4|Left ventricular noncompaction 10|not provided|Cardiomyopathy|Hypertrophic cardiomyopathy 1|Hypertrophic cardiomyopathy 4|Hypertrophic cardiomyopathy,VCV000042669,11,47356593,11,47335042,42669,51839,rs397515992,NC_000011.10:47335041:G:A,single nucleotide variant,nonsense,Pathogenic,"Jan 21, 2026","criteria provided, multiple submitters, no conflicts",,,,,,,
NM_000256.3(MYBPC3):c.2893C>T (p.Gln965Ter),MYBPC3,Q965*,not provided|Hypertrophic cardiomyopathy 4|Hypertrophic cardiomyopathy,VCV000180986,11,47356605,11,47335054,180986,179227,rs730880578,NC_000011.10:47335053:G:A,single nucleotide variant,nonsense,Pathogenic,"Mar 31, 2025","criteria provided, multiple submitters, no conflicts",,,,,,,
NM_000256.3(MYBPC3):c.2827C>T (p.Arg943Ter),MYBPC3,R943*,Cardiovascular phenotype|not provided|Cardiomyopathy|Hypertrophic cardiomyopathy 4|Hypertrophic cardiomyopathy,VCV000037039,11,47356671,11,47335120,37039,45725,rs387907267,NC_000011.10:47335119:G:A,single nucleotide variant,nonsense,Pathogenic,"Mar 4, 2026","criteria provided, multiple submitters, no conflicts",,,,,,,
NM_000256.3(MYBPC3):c.2783C>A (p.Ser928Ter),MYBPC3,S928*,Hypertrophic cardiomyopathy,VCV003338109,11,47356715,11,47335164,3338109,3496772,,NC_000011.10:47335163:G:T,single nucleotide variant,nonsense,Pathogenic,"May 13, 2025","criteria provided, single submitter",,,,,,,
NM_000256.3(MYBPC3):c.2761C>T (p.Gln921Ter),MYBPC3,Q921*,Cardiomyopathy|Hypertrophic cardiomyopathy,VCV001362183,11,47356737,11,47335186,1362183,1376808,rs367729718,NC_000011.10:47335185:G:A,single nucleotide variant,nonsense,Pathogenic,"Apr 12, 2023","criteria provided, multiple submitters, no conflicts",,,,,,,
NM_000256.3(MYBPC3):c.2747G>A (p.Trp916Ter),MYBPC3,W916*,Cardiovascular phenotype|not provided|Hypertrophic cardiomyopathy,VCV000177835,11,47356751,11,47335200,177835,175160,rs727504349,NC_000011.10:47335199:C:T,single nucleotide variant,nonsense,Pathogenic,"Dec 22, 2025","criteria provided, multiple submitters, no conflicts",,,,,,,
NM_000256.3(MYBPC3):c.2743G>T (p.Glu915Ter),MYBPC3,E915*,Hypertrophic cardiomyopathy 4,VCV003376852,11,47356755,11,47335204,3376852,3536036,,NC_000011.10:47335203:C:A,single nucleotide variant,nonsense,Pathogenic,"Dec 21, 2023","criteria provided, single submitter",,,,,,,
NM_000256.3(MYBPC3):c.2738-2A>C,MYBPC3,,Hypertrophic cardiomyopathy,VCV004709825,11,47356762,11,47335211,4709825,4827822,,NC_000011.10:47335210:T:G,single nucleotide variant,splice acceptor variant,Pathogenic,"Nov 10, 2025","criteria provided, single submitter",,,,,,,
NM_000256.3(MYBPC3):c.2737+1G>C,MYBPC3,,not provided,VCV000177766,11,47357427,11,47335876,177766,175161,rs727504314,NC_000011.10:47335875:C:G,single nucleotide variant,splice donor variant,Pathogenic,"Jul 25, 2018","criteria provided, single submitter",,,,,,,
NM_000256.3(MYBPC3):c.2719G>T (p.Glu907Ter),MYBPC3,E907*,Hypertrophic cardiomyopathy|not provided,VCV000432126,11,47357446,11,47335895,432126,425928,rs1555120920,NC_000011.10:47335894:C:A,single nucleotide variant,nonsense,Pathogenic,"Jun 17, 2024","criteria provided, multiple submitters, no conflicts",,,,,,,
NM_000256.3(MYBPC3):c.2670G>A (p.Trp890Ter),MYBPC3,W890*,Hypertrophic cardiomyopathy 4|Left ventricular noncompaction 10|Left ventricular noncompaction 10|Cardiomyopathy|not provided|Hypertrophic cardiomyopathy 1|Hypertrophic cardiomyopathy,VCV000042650,11,47357495,11,47335944,42650,51820,rs397515982,NC_000011.10:47335943:C:T,single nucleotide variant,nonsense,Pathogenic,"Jan 26, 2026","criteria provided, multiple submitters, no conflicts",,,,,,,
NM_000256.3(MYBPC3):c.2584C>T (p.Gln862Ter),MYBPC3,Q862*,not provided|Hypertrophic cardiomyopathy|Cardiovascular phenotype,VCV002448101,11,47358960,11,47337409,2448101,2429045,rs1400905582,NC_000011.10:47337408:G:A,single nucleotide variant,nonsense,Pathogenic,"Sep 6, 2024","criteria provided, multiple submitters, no conflicts",,,,,,,
NM_000256.3(MYBPC3):c.2541C>A (p.Tyr847Ter),MYBPC3,Y847*,Hypertrophic cardiomyopathy,VCV000177852,11,47359003,11,47337452,177852,175165,rs397515974,NC_000011.10:47337451:G:T,single nucleotide variant,nonsense,Pathogenic,"Nov 2, 2025","criteria provided, multiple submitters, no conflicts",,,,,,,
NM_000256.3(MYBPC3):c.2526C>A (p.Tyr842Ter),MYBPC3,Y842*,not provided|Hypertrophic cardiomyopathy|Cardiovascular phenotype,VCV000450582,11,47359018,11,47337467,450582,444814,rs373792537,NC_000011.10:47337466:G:T,single nucleotide variant,nonsense,Pathogenic,"Sep 25, 2022","criteria provided, multiple submitters, no conflicts",,,,,,,
NM_000256.3(MYBPC3):c.2494G>T (p.Glu832Ter),MYBPC3,E832*,Hypertrophic cardiomyopathy,VCV001454298,11,47359050,11,47337499,1454298,1366903,rs2142855351,NC_000011.10:47337498:C:A,single nucleotide variant,nonsense,Pathogenic,"Oct 7, 2021","criteria provided, single submitter",,,,,,,
NM_000256.3(MYBPC3):c.2454G>A (p.Trp818Ter),MYBPC3,W818*,not provided|Hypertrophic cardiomyopathy 4|Primary familial hypertrophic cardiomyopathy|Hypertrophic cardiomyopathy,VCV000042622,11,47359090,11,47337539,42622,51792,rs397515965,NC_000011.10:47337538:C:T,single nucleotide variant,nonsense,Pathogenic,"Aug 20, 2025","criteria provided, multiple submitters, no conflicts",,,,,,,
NM_000256.3(MYBPC3):c.2453G>A (p.Trp818Ter),MYBPC3,W818*,not provided|Cardiovascular phenotype|Hypertrophic cardiomyopathy,VCV000620091,11,47359091,11,47337540,620091,611747,rs1419032418,NC_000011.10:47337539:C:T,single nucleotide variant,nonsense,Pathogenic,"Nov 21, 2024","criteria provided, multiple submitters, no conflicts",,,,,,,
NM_000256.3(MYBPC3):c.2437A>T (p.Lys813Ter),MYBPC3,K813*,Hypertrophic cardiomyopathy,VCV000177641,11,47359107,11,47337556,177641,174758,rs727504252,NC_000011.10:47337555:T:A,single nucleotide variant,nonsense,Pathogenic,"Mar 4, 2013",no assertion criteria provided,,,,,,,
NM_000256.3(MYBPC3):c.2401C>T (p.Gln801Ter),MYBPC3,Q801*,Cardiovascular phenotype,VCV003400414,11,47359253,11,47337702,3400414,3554735,,NC_000011.10:47337701:G:A,single nucleotide variant,nonsense,Pathogenic,"Aug 22, 2024","criteria provided, single submitter",,,,,,,
NM_000256.3(MYBPC3):c.2391C>A (p.Tyr797Ter),MYBPC3,Y797*,Hypertrophic cardiomyopathy,VCV000179435,11,47359263,11,47337712,179435,174760,rs727504864,NC_000011.10:47337711:G:T,single nucleotide variant,nonsense,Pathogenic,"May 5, 2022","criteria provided, multiple submitters, no conflicts",,,,,,,
NM_000256.3(MYBPC3):c.2375G>A (p.Trp792Ter),MYBPC3,W792*,Primary familial hypertrophic cardiomyopathy|Cardiovascular phenotype|Hypertrophic cardiomyopathy,VCV003230876,11,47359279,11,47337728,3230876,3391498,rs2495750393,NC_000011.10:47337727:C:T,single nucleotide variant,nonsense,Pathogenic,"Dec 29, 2025","criteria provided, multiple submitters, no conflicts",,,,,,,
NM_000256.3(MYBPC3):c.2364C>A (p.Cys788Ter),MYBPC3,C788*,Cardiovascular phenotype,VCV001790193,11,47359290,11,47337739,1790193,1844939,rs2495750440,NC_000011.10:47337738:G:T,single nucleotide variant,nonsense,Pathogenic,"Nov 17, 2017","criteria provided, single submitter",,,,,,,
NM_000256.3(MYBPC3):c.2309-1G>A,MYBPC3,,Hypertrophic cardiomyopathy 4,VCV003377189,11,47359346,11,47337795,3377189,3536373,,NC_000011.10:47337794:C:T,single nucleotide variant,splice acceptor variant,Pathogenic,"Oct 10, 2024","criteria provided, single submitter",,,,,,,
NM_000256.3(MYBPC3):c.2309-2A>G,MYBPC3,,Cardiovascular phenotype|Hypertrophic cardiomyopathy 4|Left ventricular noncompaction 10|not provided|Cardiomyopathy|Hypertrophic cardiomyopathy 4|Primary familial hypertrophic cardiomyopathy|Hypertrophic cardiomyopathy,VCV000042613,11,47359347,11,47337796,42613,51783,rs111729952,NC_000011.10:47337795:T:C,single nucleotide variant,splice acceptor variant,Pathogenic,"Dec 31, 2025","criteria provided, multiple submitters, no conflicts",,,,,,,
NM_000256.3(MYBPC3):c.2309-3C>G,MYBPC3,,Hypertrophic cardiomyopathy 4,VCV003340524,11,47359348,11,47337797,3340524,3499765,,NC_000011.10:47337796:G:C,single nucleotide variant,intron variant,Pathogenic,"Sep 16, 2024","criteria provided, single submitter",,,,,,,
NM_000256.3(MYBPC3):c.2309-26A>G,MYBPC3,,Hypertrophic cardiomyopathy 4,VCV000008610,11,47359371,11,47337820,8610,23649,rs886041030,NC_000011.10:47337819:T:C,single nucleotide variant,intron variant,Pathogenic,"Mar 1, 1997",no assertion criteria provided,,,,,,,
NM_000256.3(MYBPC3):c.2308+1G>T,MYBPC3,,not provided|Hypertrophic cardiomyopathy,VCV000042611,11,47360070,11,47338519,42611,51781,rs112738974,NC_000011.10:47338518:C:A,single nucleotide variant,splice donor variant,Pathogenic,"Apr 17, 2025","criteria provided, multiple submitters, no conflicts",,,,,,,
NM_000256.3(MYBPC3):c.2308+1G>A,MYBPC3,,not provided|Cardiomyopathy|Hypertrophic cardiomyopathy 1|Hypertrophic cardiomyopathy 4|Hypertrophic cardiomyopathy,VCV000042610,11,47360070,11,47338519,42610,51780,rs112738974,NC_000011.10:47338518:C:T,single nucleotide variant,splice donor variant,Pathogenic,"Jul 9, 2025","criteria provided, multiple submitters, no conflicts",,,,,,,
NM_000256.3(MYBPC3):c.2236G>T (p.Glu746Ter),MYBPC3,E746*,Hypertrophic cardiomyopathy,VCV002864180,11,47360143,11,47338592,2864180,3026545,rs2495752414,NC_000011.10:47338591:C:A,single nucleotide variant,nonsense,Pathogenic,"Aug 30, 2025","criteria provided, single submitter",,,,,,,
NM_000256.3(MYBPC3):c.2182G>T (p.Glu728Ter),MYBPC3,E728*,Cardiomyopathy|not provided|Hypertrophic cardiomyopathy,VCV000042605,11,47360197,11,47338646,42605,51775,rs397515954,NC_000011.10:47338645:C:A,single nucleotide variant,nonsense,Pathogenic,"Dec 2, 2025","criteria provided, multiple submitters, no conflicts",,,,,,,
NM_000256.3(MYBPC3):c.2164G>T (p.Glu722Ter),MYBPC3,E722*,Hypertrophic cardiomyopathy 4|Hypertrophic cardiomyopathy,VCV001074339,11,47360215,11,47338664,1074339,1062352,rs730880696,NC_000011.10:47338663:C:A,single nucleotide variant,nonsense,Pathogenic,"Jul 23, 2025","criteria provided, multiple submitters, no conflicts",,,,,,,
NM_000256.3(MYBPC3):c.2149-1G>T,MYBPC3,,Hypertrophic cardiomyopathy 4,VCV000522435,11,47360231,11,47338680,522435,513091,rs727504334,NC_000011.10:47338679:C:A,single nucleotide variant,splice acceptor variant,Pathogenic,"Sep 18, 2017",no assertion criteria provided,,,,,,,
NM_000256.3(MYBPC3):c.2149-1G>A,MYBPC3,,Cardiovascular phenotype|not specified|not provided|Cardiomyopathy|Primary familial hypertrophic cardiomyopathy|Hypertrophic cardiomyopathy,VCV000177814,11,47360231,11,47338680,177814,174763,rs727504334,NC_000011.10:47338679:C:T,single nucleotide variant,splice acceptor variant,Pathogenic,"Jan 27, 2026","criteria provided, multiple submitters, no conflicts",,,,,,,
NM_000256.3(MYBPC3):c.2149-2A>G,MYBPC3,,not provided,VCV001327787,11,47360232,11,47338681,1327787,1318406,rs2142856729,NC_000011.10:47338680:T:C,single nucleotide variant,splice acceptor variant,Pathogenic,"Dec 3, 2021","criteria provided, single submitter",,,,,,,
NM_000256.3(MYBPC3):c.2133G>A (p.Trp711Ter),MYBPC3,W711*,Cardiovascular phenotype,VCV003297207,11,47360890,11,47339339,3297207,3454179,,NC_000011.10:47339338:C:T,single nucleotide variant,nonsense,Pathogenic,"Apr 9, 2024","criteria provided, single submitter",,,,,,,
NM_000256.3(MYBPC3):c.2132G>A (p.Trp711Ter),MYBPC3,W711*,Hypertrophic cardiomyopathy,VCV001027653,11,47360891,11,47339340,1027653,1015428,rs2095885868,NC_000011.10:47339339:C:T,single nucleotide variant,nonsense,Pathogenic,,no assertion criteria provided,,,,,,,
NM_000256.3(MYBPC3):c.2068-9T>A,MYBPC3,,Hypertrophic cardiomyopathy 4,VCV003370308,11,47360964,11,47339413,3370308,3529499,,NC_000011.10:47339412:A:T,single nucleotide variant,intron variant,Pathogenic,,"criteria provided, single submitter",,,,,,,
NM_000256.3(MYBPC3):c.2067+1G>A,MYBPC3,,Hypertrophic cardiomyopathy|not provided|Cardiomyopathy|Hypertrophic cardiomyopathy 4|Cardiovascular phenotype,VCV000449066,11,47361201,11,47339650,449066,444818,rs1444727212,NC_000011.10:47339649:C:T,single nucleotide variant,splice donor variant,Pathogenic,"Sep 26, 2025","criteria provided, multiple submitters, no conflicts",,,,,,,
NM_000256.3(MYBPC3):c.2048G>A (p.Trp683Ter),MYBPC3,W683*,Hypertrophic cardiomyopathy,VCV000042591,11,47361221,11,47339670,42591,51761,rs397515942,NC_000011.10:47339669:C:T,single nucleotide variant,nonsense,Pathogenic,"Nov 21, 2020","criteria provided, multiple submitters, no conflicts",,,,,,,
NM_000256.3(MYBPC3):c.1953C>A (p.Cys651Ter),MYBPC3,C651*,Hypertrophic cardiomyopathy,VCV001389170,11,47361316,11,47339765,1389170,1476750,rs936188645,NC_000011.10:47339764:G:T,single nucleotide variant,nonsense,Pathogenic,"Dec 16, 2022","criteria provided, single submitter",,,,,,,
NM_000256.3(MYBPC3):c.1928-2A>G,MYBPC3,,Cardiovascular phenotype|MYBPC3-related disorder|Left ventricular noncompaction 10|Hypertrophic cardiomyopathy 4|not provided|Cardiomyopathy|Primary familial hypertrophic cardiomyopathy|Hypertrophic cardiomyopathy 4|Hypertrophic cardiomyopathy,VCV000042585,11,47361343,11,47339792,42585,51755,rs397515937,NC_000011.10:47339791:T:C,single nucleotide variant,splice acceptor variant,Pathogenic,"Mar 11, 2026","criteria provided, multiple submitters, no conflicts",,,,,,,
NM_000256.3(MYBPC3):c.1924C>T (p.Gln642Ter),MYBPC3,Q642*,Cardiovascular phenotype|Primary familial hypertrophic cardiomyopathy|Hypertrophic cardiomyopathy,VCV000177705,11,47362557,11,47341006,177705,175177,rs727504293,NC_000011.10:47341005:G:A,single nucleotide variant,nonsense,Pathogenic,"May 28, 2026","criteria provided, multiple submitters, no conflicts",,,,,,,
NM_000256.3(MYBPC3):c.1903A>T (p.Lys635Ter),MYBPC3,K635*,Hypertrophic cardiomyopathy,VCV001404109,11,47362578,11,47341027,1404109,1479808,rs2142859071,NC_000011.10:47341026:T:A,single nucleotide variant,nonsense,Pathogenic,"Oct 12, 2021","criteria provided, single submitter",,,,,,,
NM_000256.3(MYBPC3):c.1898-1G>T,MYBPC3,,Hypertrophic cardiomyopathy 4,VCV003773673,11,47362584,11,47341033,3773673,3226077,,NC_000011.10:47341032:C:A,single nucleotide variant,splice acceptor variant,Pathogenic,"Mar 4, 2025","criteria provided, single submitter",,,,,,,
NM_000256.3(MYBPC3):c.1898-1G>A,MYBPC3,,not provided|Hypertrophic cardiomyopathy,VCV000180958,11,47362584,11,47341033,180958,179275,rs730880558,NC_000011.10:47341032:C:T,single nucleotide variant,splice acceptor variant,Pathogenic,"Jul 29, 2020","criteria provided, multiple submitters, no conflicts",,,,,,,
NM_000256.3(MYBPC3):c.1855G>T (p.Glu619Ter),MYBPC3,E619*,Hypertrophic cardiomyopathy 4,VCV003376641,11,47362731,11,47341180,3376641,3535825,,NC_000011.10:47341179:C:A,single nucleotide variant,nonsense,Pathogenic,"Sep 2, 2022","criteria provided, single submitter",,,,,,,
NM_000256.3(MYBPC3):c.1842C>G (p.Tyr614Ter),MYBPC3,Y614*,Hypertrophic cardiomyopathy,VCV003658412,11,47362744,11,47341193,3658412,3796833,,NC_000011.10:47341192:G:C,single nucleotide variant,nonsense,Pathogenic,"Dec 26, 2024","criteria provided, single submitter",,,,,,,
NM_000256.3(MYBPC3):c.1831G>T (p.Glu611Ter),MYBPC3,E611*,Cardiovascular phenotype|Hypertrophic cardiomyopathy,VCV001076719,11,47362755,11,47341204,1076719,1062357,rs730880555,NC_000011.10:47341203:C:A,single nucleotide variant,nonsense,Pathogenic,"Sep 2, 2020","criteria provided, multiple submitters, no conflicts",,,,,,,
NM_000256.3(MYBPC3):c.1791-2A>C,MYBPC3,,not provided,VCV000180949,11,47362797,11,47341246,180949,179287,rs112179534,NC_000011.10:47341245:T:G,single nucleotide variant,splice acceptor variant,Pathogenic,"Aug 15, 2014","criteria provided, single submitter",,,,,,,
NM_000256.3(MYBPC3):c.1790+1G>T,MYBPC3,,Hypertrophic cardiomyopathy,VCV003638614,11,47363541,11,47341990,3638614,3774909,,NC_000011.10:47341989:C:A,single nucleotide variant,splice donor variant,Pathogenic,"Feb 3, 2024","criteria provided, single submitter",,,,,,,
NM_000256.3(MYBPC3):c.1790+1G>C,MYBPC3,,Hypertrophic cardiomyopathy,VCV002137078,11,47363541,11,47341990,2137078,1878080,rs1555122053,NC_000011.10:47341989:C:G,single nucleotide variant,splice donor variant,Pathogenic,"May 22, 2025","criteria provided, single submitter",,,,,,,
NM_000256.3(MYBPC3):c.1730G>A (p.Trp577Ter),MYBPC3,W577*,Hypertrophic cardiomyopathy|Cardiovascular phenotype|not provided,VCV001069890,11,47363602,11,47342051,1069890,1062358,rs2095889156,NC_000011.10:47342050:C:T,single nucleotide variant,nonsense,Pathogenic,"Jan 5, 2026","criteria provided, multiple submitters, no conflicts",,,,,,,
NM_000256.3(MYBPC3):c.1699G>T (p.Glu567Ter),MYBPC3,E567*,Hypertrophic cardiomyopathy,VCV002719504,11,47363633,11,47342082,2719504,2870140,rs2495761341,NC_000011.10:47342081:C:A,single nucleotide variant,nonsense,Pathogenic,"Jun 20, 2023","criteria provided, single submitter",,,,,,,
NM_000256.3(MYBPC3):c.1693A>T (p.Lys565Ter),MYBPC3,K565*,Hypertrophic cardiomyopathy,VCV000042560,11,47363639,11,47342088,42560,51730,rs397515920,NC_000011.10:47342087:T:A,single nucleotide variant,nonsense,Pathogenic,"May 21, 2012","criteria provided, single submitter",,,,,,,
NM_000256.3(MYBPC3):c.1624+2T>C,MYBPC3,,Cardiovascular phenotype|not provided|Hypertrophic cardiomyopathy 4|Hypertrophic cardiomyopathy,VCV000164107,11,47364127,11,47342576,164107,175184,rs111437311,NC_000011.10:47342575:A:G,single nucleotide variant,splice donor variant,Pathogenic,"Dec 28, 2025","criteria provided, multiple submitters, no conflicts",,,,,,,
NM_000256.3(MYBPC3):c.1624+1G>A,MYBPC3,,Hypertrophic cardiomyopathy,VCV001284521,11,47364128,11,47342577,1284521,1274375,rs1252584025,NC_000011.10:47342576:C:T,single nucleotide variant,splice donor variant,Pathogenic,"Apr 9, 2024","criteria provided, single submitter",,,,,,,
NM_000256.3(MYBPC3):c.1624G>T (p.Glu542Ter),MYBPC3,E542*,Hypertrophic cardiomyopathy|not provided,VCV000430571,11,47364129,11,47342578,430571,421856,rs121909374,NC_000011.10:47342577:C:A,single nucleotide variant,nonsense,Pathogenic,"Jul 18, 2021","criteria provided, multiple submitters, no conflicts",,,,,,,
NM_000256.3(MYBPC3):c.1624G>C (p.Glu542Gln),MYBPC3,E542Q,MYBPC3-related disorder|Autosomal dominant MYBPC3-related disorders|Cardiovascular phenotype|Left ventricular noncompaction 10|Hypertrophic cardiomyopathy 4|Left ventricular noncompaction 10|not provided|Cardiomyopathy|Hypertrophic cardiomyopathy 1|Hypertrophic cardiomyopathy 4|Primary familial hypertrophic cardiomyopathy|Hypertrophic cardiomyopathy,VCV000008608,11,47364129,11,47342578,8608,23647,rs121909374,NC_000011.10:47342577:C:G,single nucleotide variant,missense variant,Pathogenic,"Jan 27, 2026","criteria provided, multiple submitters, no conflicts",,,,,,,
NM_000256.3(MYBPC3):c.1621C>T (p.Gln541Ter),MYBPC3,Q541*,not provided,VCV000419964,11,47364132,11,47342581,419964,408372,rs1064794209,NC_000011.10:47342580:G:A,single nucleotide variant,nonsense,Pathogenic,"Dec 30, 2025","criteria provided, single submitter",,,,,,,
NM_000256.3(MYBPC3):c.1609G>T (p.Glu537Ter),MYBPC3,E537*,Hypertrophic cardiomyopathy 4|Cardiovascular phenotype|Hypertrophic cardiomyopathy,VCV001333510,11,47364144,11,47342593,1333510,1324281,rs2142860830,NC_000011.10:47342592:C:A,single nucleotide variant,nonsense,Pathogenic,"Oct 25, 2024","criteria provided, multiple submitters, no conflicts",,,,,,,
NM_000256.3(MYBPC3):c.1575T>A (p.Tyr525Ter),MYBPC3,Y525*,Hypertrophic cardiomyopathy,VCV000222700,11,47364178,11,47342627,222700,224428,rs397515910,NC_000011.10:47342626:A:T,single nucleotide variant,nonsense,Pathogenic,"Jan 8, 2021","criteria provided, single submitter",,,,,,,
NM_000256.3(MYBPC3):c.1546G>T (p.Glu516Ter),MYBPC3,E516*,Hypertrophic cardiomyopathy,VCV001069891,11,47364207,11,47342656,1069891,1062359,rs730880545,NC_000011.10:47342655:C:A,single nucleotide variant,nonsense,Pathogenic,"Apr 29, 2020","criteria provided, multiple submitters, no conflicts",,,,,,,
NM_000256.3(MYBPC3):c.1522C>T (p.Gln508Ter),MYBPC3,Q508*,not provided|Hypertrophic cardiomyopathy 4|Hypertrophic cardiomyopathy|MYBPC3-related disorder,VCV000180941,11,47364231,11,47342680,180941,179309,rs730880544,NC_000011.10:47342679:G:A,single nucleotide variant,nonsense,Pathogenic,"Nov 11, 2025","criteria provided, multiple submitters, no conflicts",,,,,,,
NM_000256.3(MYBPC3):c.1505G>A (p.Arg502Gln),MYBPC3,R502Q,Hypertrophic cardiomyopathy,VCV000042541,11,47364248,11,47342697,42541,51711,rs397515907,NC_000011.10:47342696:C:T,single nucleotide variant,missense variant,Pathogenic,"Nov 13, 2025",reviewed by expert panel,,,,,,,
NM_000256.3(MYBPC3):c.1469G>T (p.Gly490Val),MYBPC3,G490V,Hypertrophic cardiomyopathy 4,VCV000064617,11,47364284,11,47342733,64617,75580,rs397514752,NC_000011.10:47342732:C:A,single nucleotide variant,missense variant,Pathogenic,"Jun 28, 2013",no assertion criteria provided,,,,,,,
NM_000256.3(MYBPC3):c.1458G>A (p.Trp486Ter),MYBPC3,W486*,not provided|Cardiovascular phenotype,VCV000372678,11,47364295,11,47342744,372678,359882,rs1057517920,NC_000011.10:47342743:C:T,single nucleotide variant,nonsense,Pathogenic,"Jun 20, 2024","criteria provided, multiple submitters, no conflicts",,,,,,,
NM_000256.3(MYBPC3):c.1458-1G>T,MYBPC3,,Hypertrophic cardiomyopathy,VCV000949225,11,47364296,11,47342745,949225,940999,rs397515903,NC_000011.10:47342744:C:A,single nucleotide variant,splice acceptor variant,Pathogenic,"Nov 9, 2023","criteria provided, single submitter",,,,,,,
NM_000256.3(MYBPC3):c.1458-1G>C,MYBPC3,,Hypertrophic cardiomyopathy 4|Cardiomyopathy,VCV000522220,11,47364296,11,47342745,522220,512848,rs397515903,NC_000011.10:47342744:C:G,single nucleotide variant,splice acceptor variant,Pathogenic,"Oct 28, 2022","criteria provided, multiple submitters, no conflicts",,,,,,,
NM_000256.3(MYBPC3):c.1458-1G>A,MYBPC3,,Cardiovascular phenotype|MYBPC3-related disorder|not provided|Cardiomyopathy|Hypertrophic cardiomyopathy,VCV000042532,11,47364296,11,47342745,42532,51702,rs397515903,NC_000011.10:47342744:C:T,single nucleotide variant,splice acceptor variant,Pathogenic,"Dec 20, 2025","criteria provided, multiple submitters, no conflicts",,,,,,,
NM_000256.3(MYBPC3):c.1457G>A (p.Trp486Ter),MYBPC3,W486*,Cardiovascular phenotype|not provided|Hypertrophic cardiomyopathy,VCV000180937,11,47364381,11,47342830,180937,179312,rs730880542,NC_000011.10:47342829:C:T,single nucleotide variant,nonsense,Pathogenic,"Jan 25, 2026","criteria provided, multiple submitters, no conflicts",,,,,,,
NM_000256.3(MYBPC3):c.1447C>T (p.Gln483Ter),MYBPC3,Q483*,Hypertrophic cardiomyopathy|Cardiovascular phenotype,VCV001772817,11,47364391,11,47342840,1772817,179314,rs730880541,NC_000011.10:47342839:G:A,single nucleotide variant,nonsense,Pathogenic,"Oct 8, 2023","criteria provided, multiple submitters, no conflicts",,,,,,,
NM_000256.3(MYBPC3):c.1420G>T (p.Glu474Ter),MYBPC3,E474*,Hypertrophic cardiomyopathy,VCV001069892,11,47364418,11,47342867,1069892,1062361,rs1415753419,NC_000011.10:47342866:C:A,single nucleotide variant,nonsense,Pathogenic,"Aug 4, 2023","criteria provided, single submitter",,,,,,,
NM_000256.3(MYBPC3):c.1405C>T (p.Gln469Ter),MYBPC3,Q469*,not provided|Cardiovascular phenotype,VCV000180934,11,47364433,11,47342882,180934,179317,rs730880539,NC_000011.10:47342881:G:A,single nucleotide variant,nonsense,Pathogenic,"Jun 29, 2022","criteria provided, multiple submitters, no conflicts",,,,,,,
NM_000256.3(MYBPC3):c.1387C>T (p.Gln463Ter),MYBPC3,Q463*,Cardiovascular phenotype|not provided|Hypertrophic cardiomyopathy,VCV000180933,11,47364451,11,47342900,180933,179318,rs730880538,NC_000011.10:47342899:G:A,single nucleotide variant,nonsense,Pathogenic,"Nov 9, 2022","criteria provided, multiple submitters, no conflicts",,,,,,,
NM_000256.3(MYBPC3):c.1352-1G>A,MYBPC3,,Hypertrophic cardiomyopathy,VCV002137082,11,47364487,11,47342936,2137082,1878084,rs1457904408,NC_000011.10:47342935:C:T,single nucleotide variant,splice acceptor variant,Pathogenic,"Jan 5, 2026","criteria provided, single submitter",,,,,,,
NM_000256.3(MYBPC3):c.1351+1G>C,MYBPC3,,not provided|Cardiovascular phenotype|Hypertrophic cardiomyopathy,VCV000379619,11,47364571,11,47343020,379619,371449,rs727503204,NC_000011.10:47343019:C:G,single nucleotide variant,splice donor variant,Pathogenic,"Sep 30, 2024","criteria provided, multiple submitters, no conflicts",,,,,,,
NM_000256.3(MYBPC3):c.1351+1G>A,MYBPC3,,Cardiovascular phenotype|Cardiomyopathy|Hypertrophic cardiomyopathy,VCV000164119,11,47364571,11,47343020,164119,174779,rs727503204,NC_000011.10:47343019:C:T,single nucleotide variant,splice donor variant,Pathogenic,"Aug 25, 2025","criteria provided, multiple submitters, no conflicts",,,,,,,
NM_000256.3(MYBPC3):c.1351G>T (p.Glu451Ter),MYBPC3,E451*,Cardiovascular phenotype|Hypertrophic cardiomyopathy,VCV001770618,11,47364572,11,47343021,1770618,186387,rs786204338,NC_000011.10:47343020:C:A,single nucleotide variant,nonsense,Pathogenic,"Feb 21, 2024","criteria provided, multiple submitters, no conflicts",,,,,,,
NM_000256.3(MYBPC3):c.1351G>C (p.Glu451Gln),MYBPC3,E451Q,Hypertrophic cardiomyopathy,VCV000959497,11,47364572,11,47343021,959497,947490,rs786204338,NC_000011.10:47343020:C:G,single nucleotide variant,missense variant,Pathogenic,"Nov 12, 2019","criteria provided, single submitter",,,,,,,
NM_000256.3(MYBPC3):c.1308C>A (p.Cys436Ter),MYBPC3,C436*,Cardiovascular phenotype|Hypertrophic cardiomyopathy,VCV001769560,11,47364615,11,47343064,1769560,1835995,rs759826878,NC_000011.10:47343063:G:T,single nucleotide variant,nonsense,Pathogenic,"Oct 3, 2024","criteria provided, multiple submitters, no conflicts",,,,,,,
NM_000256.3(MYBPC3):c.1303C>T (p.Gln435Ter),MYBPC3,Q435*,Cardiomyopathy|Hypertrophic cardiomyopathy 4|not provided|Hypertrophic cardiomyopathy,VCV000488797,11,47364620,11,47343069,488797,481995,rs1432810664,NC_000011.10:47343068:G:A,single nucleotide variant,nonsense,Pathogenic,"Mar 4, 2025","criteria provided, multiple submitters, no conflicts",,,,,,,
NM_000256.3(MYBPC3):c.1302C>G (p.Tyr434Ter),MYBPC3,Y434*,Hypertrophic cardiomyopathy 4,VCV002572994,11,47364621,11,47343070,2572994,2737936,rs190228518,NC_000011.10:47343069:G:C,single nucleotide variant,nonsense,Pathogenic,"May 5, 2023","criteria provided, single submitter",,,,,,,
NM_000256.3(MYBPC3):c.1302C>A (p.Tyr434Ter),MYBPC3,Y434*,Cardiovascular phenotype|Hypertrophic cardiomyopathy 1|Hypertrophic cardiomyopathy 4,VCV000217827,11,47364621,11,47343070,217827,214492,rs190228518,NC_000011.10:47343069:G:T,single nucleotide variant,nonsense,Pathogenic,"Oct 5, 2022","criteria provided, multiple submitters, no conflicts",,,,,,,
NM_000256.3(MYBPC3):c.1273C>T (p.Gln425Ter),MYBPC3,Q425*,not provided|Hypertrophic cardiomyopathy,VCV000042517,11,47364650,11,47343099,42517,51687,rs397515895,NC_000011.10:47343098:G:A,single nucleotide variant,nonsense,Pathogenic,"Feb 16, 2025","criteria provided, multiple submitters, no conflicts",,,,,,,
NM_000256.3(MYBPC3):c.1252A>T (p.Lys418Ter),MYBPC3,K418*,Cardiovascular phenotype|not provided|Cardiomyopathy|Hypertrophic cardiomyopathy,VCV000180927,11,47364671,11,47343120,180927,179327,rs730880533,NC_000011.10:47343119:T:A,single nucleotide variant,nonsense,Pathogenic,"Dec 18, 2023","criteria provided, multiple submitters, no conflicts",,,,,,,
NM_000256.3(MYBPC3):c.1227-1G>C,MYBPC3,,Hypertrophic cardiomyopathy 4,VCV000692124,11,47364697,11,47343146,692124,679872,rs113276889,NC_000011.10:47343145:C:G,single nucleotide variant,splice acceptor variant,Pathogenic,"Dec 13, 2017","criteria provided, single submitter",,,,,,,
NM_000256.3(MYBPC3):c.1225A>T (p.Lys409Ter),MYBPC3,K409*,Cardiovascular phenotype,VCV000427807,11,47364812,11,47343261,427807,418554,rs1114167419,NC_000011.10:47343260:T:A,single nucleotide variant,nonsense,Pathogenic,"Apr 3, 2024","criteria provided, single submitter",,,,,,,
NM_000256.3(MYBPC3):c.1223+2T>C,MYBPC3,,Hypertrophic cardiomyopathy|Hypertrophic cardiomyopathy 4,VCV000843383,11,47365041,11,47343490,843383,852614,rs730880641,NC_000011.10:47343489:A:G,single nucleotide variant,splice donor variant,Pathogenic,"Jun 2, 2023","criteria provided, multiple submitters, no conflicts",,,,,,,
NM_000256.3(MYBPC3):c.1223+2T>G,MYBPC3,,not provided|Hypertrophic cardiomyopathy,VCV000181068,11,47365041,11,47343490,181068,179330,rs730880641,NC_000011.10:47343489:A:C,single nucleotide variant,splice donor variant,Pathogenic,"Dec 12, 2023","criteria provided, multiple submitters, no conflicts",,,,,,,
NM_000256.3(MYBPC3):c.1223+1G>T,MYBPC3,,Left ventricular noncompaction 10|Hypertrophic cardiomyopathy,VCV000861189,11,47365042,11,47343491,861189,852354,rs730880639,NC_000011.10:47343490:C:A,single nucleotide variant,splice donor variant,Pathogenic,"Nov 15, 2022","criteria provided, multiple submitters, no conflicts",,,,,,,
NM_000256.3(MYBPC3):c.1210C>T (p.Gln404Ter),MYBPC3,Q404*,not provided|Cardiomyopathy|Hypertrophic cardiomyopathy,VCV000177796,11,47365056,11,47343505,177796,174783,rs727504329,NC_000011.10:47343504:G:A,single nucleotide variant,nonsense,Pathogenic,"Jan 12, 2026","criteria provided, multiple submitters, no conflicts",,,,,,,
NM_000256.3(MYBPC3):c.1201C>T (p.Gln401Ter),MYBPC3,Q401*,Hypertrophic cardiomyopathy 4|Left ventricular noncompaction 10|not provided|Hypertrophic cardiomyopathy,VCV000181064,11,47365065,11,47343514,181064,179333,rs730880637,NC_000011.10:47343513:G:A,single nucleotide variant,nonsense,Pathogenic,"May 7, 2025","criteria provided, multiple submitters, no conflicts",,,,,,,
NM_000256.3(MYBPC3):c.1188G>A (p.Trp396Ter),MYBPC3,W396*,Cardiovascular phenotype|not provided|Hypertrophic cardiomyopathy,VCV000181141,11,47365078,11,47343527,181141,179334,rs397515890,NC_000011.10:47343526:C:T,single nucleotide variant,nonsense,Pathogenic,"Dec 24, 2025","criteria provided, multiple submitters, no conflicts",,,,,,,
NM_000256.3(MYBPC3):c.1183A>T (p.Lys395Ter),MYBPC3,K395*,Hypertrophic cardiomyopathy|Cardiovascular phenotype,VCV000978357,11,47365083,11,47343532,978357,966461,rs1233894123,NC_000011.10:47343531:T:A,single nucleotide variant,nonsense,Pathogenic,"Nov 13, 2025","criteria provided, multiple submitters, no conflicts",,,,,,,
NM_000256.3(MYBPC3):c.1156G>T (p.Glu386Ter),MYBPC3,E386*,Hypertrophic cardiomyopathy,VCV000042507,11,47365110,11,47343559,42507,51677,rs397515888,NC_000011.10:47343558:C:A,single nucleotide variant,nonsense,Pathogenic,"Aug 13, 2010","criteria provided, single submitter",,,,,,,
NM_000256.3(MYBPC3):c.1120C>T (p.Gln374Ter),MYBPC3,Q374*,Cardiovascular phenotype|not provided|Hypertrophic cardiomyopathy 4|Hypertrophic cardiomyopathy,VCV000181061,11,47365146,11,47343595,181061,179340,rs730880635,NC_000011.10:47343594:G:A,single nucleotide variant,nonsense,Pathogenic,"Jul 23, 2025","criteria provided, multiple submitters, no conflicts",,,,,,,
NM_000256.3(MYBPC3):c.1119C>G (p.Tyr373Ter),MYBPC3,Y373*,Hypertrophic cardiomyopathy,VCV000856666,11,47365147,11,47343596,856666,838528,rs2095891411,NC_000011.10:47343595:G:C,single nucleotide variant,nonsense,Pathogenic,"Jul 30, 2025","criteria provided, single submitter",,,,,,,
NM_000256.3(MYBPC3):c.1096C>T (p.Gln366Ter),MYBPC3,Q366*,Hypertrophic cardiomyopathy,VCV002735597,11,47365170,11,47343619,2735597,2901618,rs2495765804,NC_000011.10:47343618:G:A,single nucleotide variant,nonsense,Pathogenic,"Feb 24, 2024","criteria provided, single submitter",,,,,,,
NM_000256.3(MYBPC3):c.1091-2A>C,MYBPC3,,Cardiovascular phenotype,VCV001789325,11,47365177,11,47343626,1789325,1850995,rs2142862326,NC_000011.10:47343625:T:G,single nucleotide variant,splice acceptor variant,Pathogenic,"Aug 20, 2018","criteria provided, single submitter",,,,,,,
NM_000256.3(MYBPC3):c.1090+2T>G,MYBPC3,,not provided,VCV000181059,11,47367756,11,47346205,181059,179342,rs730880634,NC_000011.10:47346204:A:C,single nucleotide variant,splice donor variant,Pathogenic,"May 16, 2013","criteria provided, single submitter",,,,,,,
NM_000256.3(MYBPC3):c.1090+1G>C,MYBPC3,,not provided|Hypertrophic cardiomyopathy,VCV002735598,11,47367757,11,47346206,2735598,2901619,rs727504269,NC_000011.10:47346205:C:G,single nucleotide variant,splice donor variant,Pathogenic,"Aug 17, 2025","criteria provided, multiple submitters, no conflicts",,,,,,,
NM_000256.3(MYBPC3):c.1090+1G>T,MYBPC3,,not provided|Cardiomyopathy|Hypertrophic cardiomyopathy,VCV000177686,11,47367757,11,47346206,177686,174784,rs727504269,NC_000011.10:47346205:C:A,single nucleotide variant,splice donor variant,Pathogenic,"Jan 6, 2026","criteria provided, multiple submitters, no conflicts",,,,,,,
NM_000256.3(MYBPC3):c.1090+1G>A,MYBPC3,,Cardiovascular phenotype|not provided|Hypertrophic cardiomyopathy 4|Hypertrophic cardiomyopathy,VCV000177668,11,47367757,11,47346206,177668,175196,rs727504269,NC_000011.10:47346205:C:T,single nucleotide variant,splice donor variant,Pathogenic,"Feb 3, 2026","criteria provided, multiple submitters, no conflicts",,,,,,,
NM_000256.3(MYBPC3):c.1075G>T (p.Glu359Ter),MYBPC3,E359*,Hypertrophic cardiomyopathy,VCV000228367,11,47367773,11,47346222,228367,230216,rs876657702,NC_000011.10:47346221:C:A,single nucleotide variant,nonsense,Pathogenic,"Sep 29, 2015","criteria provided, single submitter",,,,,,,
NM_000256.3(MYBPC3):c.1015C>T (p.Gln339Ter),MYBPC3,Q339*,Cardiovascular phenotype|not provided|Hypertrophic cardiomyopathy,VCV000181056,11,47367833,11,47346282,181056,179350,rs730880631,NC_000011.10:47346281:G:A,single nucleotide variant,nonsense,Pathogenic,"Sep 2, 2025","criteria provided, multiple submitters, no conflicts",,,,,,,
NM_000256.3(MYBPC3):c.1000G>T (p.Glu334Ter),MYBPC3,E334*,Cardiovascular phenotype|not provided|Hypertrophic cardiomyopathy 4|Hypertrophic cardiomyopathy,VCV000177850,11,47367848,11,47346297,177850,174785,rs573916965,NC_000011.10:47346296:C:A,single nucleotide variant,nonsense,Pathogenic,"Apr 2, 2024","criteria provided, multiple submitters, no conflicts",,,,,,,
NM_000256.3(MYBPC3):c.999C>A (p.Tyr333Ter),MYBPC3,Y333*,Left ventricular noncompaction 10|not provided|Hypertrophic cardiomyopathy,VCV000960010,11,47367849,11,47346298,960010,947492,rs367947846,NC_000011.10:47346297:G:T,single nucleotide variant,nonsense,Pathogenic,"Oct 4, 2023","criteria provided, multiple submitters, no conflicts",,,,,,,
NM_000256.3(MYBPC3):c.999C>G (p.Tyr333Ter),MYBPC3,Y333*,Cardiovascular phenotype|not provided|Cardiomyopathy|Hypertrophic cardiomyopathy,VCV000177706,11,47367849,11,47346298,177706,174786,rs367947846,NC_000011.10:47346297:G:C,single nucleotide variant,nonsense,Pathogenic,"Nov 23, 2025","criteria provided, multiple submitters, no conflicts",,,,,,,
NM_000256.3(MYBPC3):c.979C>T (p.Gln327Ter),MYBPC3,Q327*,Hypertrophic cardiomyopathy,VCV000164135,11,47367869,11,47346318,164135,174787,rs727503210,NC_000011.10:47346317:G:A,single nucleotide variant,nonsense,Pathogenic,"Jun 24, 2024","criteria provided, multiple submitters, no conflicts",,,,,,,
NM_000256.3(MYBPC3):c.966G>A (p.Trp322Ter),MYBPC3,W322*,Cardiovascular phenotype|not provided|Hypertrophic cardiomyopathy,VCV000164136,11,47367882,11,47346331,164136,175199,rs727503211,NC_000011.10:47346330:C:T,single nucleotide variant,nonsense,Pathogenic,"Nov 9, 2025","criteria provided, multiple submitters, no conflicts",,,,,,,
NM_000256.3(MYBPC3):c.965G>A (p.Trp322Ter),MYBPC3,W322*,Cardiovascular phenotype|Hypertrophic cardiomyopathy,VCV001365234,11,47367883,11,47346332,1365234,1502278,rs2142864321,NC_000011.10:47346331:C:T,single nucleotide variant,nonsense,Pathogenic,"Oct 21, 2024","criteria provided, multiple submitters, no conflicts",,,,,,,
NM_000256.3(MYBPC3):c.932C>A (p.Ser311Ter),MYBPC3,S311*,Cardiovascular phenotype|not provided|Primary familial hypertrophic cardiomyopathy|Hypertrophic cardiomyopathy 4|Hypertrophic cardiomyopathy,VCV000036615,11,47367916,11,47346365,36615,45277,rs193922386,NC_000011.10:47346364:G:T,single nucleotide variant,nonsense,Pathogenic,"Nov 18, 2025","criteria provided, multiple submitters, no conflicts",,,,,,,
NM_000256.3(MYBPC3):c.927-2A>G,MYBPC3,,Cardiovascular phenotype|Left ventricular noncompaction 10|Hypertrophic cardiomyopathy 4|not provided|Cardiomyopathy|Primary familial hypertrophic cardiomyopathy|Hypertrophic cardiomyopathy 4|Hypertrophic cardiomyopathy,VCV000042806,11,47367923,11,47346372,42806,51976,rs397516082,NC_000011.10:47346371:T:C,single nucleotide variant,splice acceptor variant,Pathogenic,"Jan 9, 2026","criteria provided, multiple submitters, no conflicts",,,,,,,
NM_000256.3(MYBPC3):c.927-9G>A,MYBPC3,,Hypertrophic cardiomyopathy 4|Left ventricular noncompaction 10|Cardiomyopathy|not provided|Primary familial hypertrophic cardiomyopathy|Hypertrophic cardiomyopathy 4|Hypertrophic cardiomyopathy,VCV000042807,11,47367930,11,47346379,42807,51977,rs397516083,NC_000011.10:47346378:C:T,single nucleotide variant,intron variant,Pathogenic,"Feb 26, 2026","criteria provided, multiple submitters, no conflicts",,,,,,,
NM_000256.3(MYBPC3):c.906-1G>A,MYBPC3,,Hypertrophic cardiomyopathy|not provided,VCV000279971,11,47368581,11,47347030,279971,264553,rs587776700,NC_000011.10:47347029:C:T,single nucleotide variant,splice acceptor variant,Pathogenic,"Dec 11, 2023","criteria provided, multiple submitters, no conflicts",,,,,,,
NM_000256.3(MYBPC3):c.890C>G (p.Ser297Ter),MYBPC3,S297*,Hypertrophic cardiomyopathy,VCV001460336,11,47368992,11,47347441,1460336,1504388,rs2142865199,NC_000011.10:47347440:G:C,single nucleotide variant,nonsense,Pathogenic,"Jun 8, 2021","criteria provided, single submitter",,,,,,,
NM_000256.3(MYBPC3):c.821+2T>A,MYBPC3,,Hypertrophic cardiomyopathy,VCV000567968,11,47369406,11,47347855,567968,567307,rs397516076,NC_000011.10:47347854:A:T,single nucleotide variant,splice donor variant,Pathogenic,"Mar 28, 2018","criteria provided, single submitter",,,,,,,
NM_000256.3(MYBPC3):c.821+2T>C,MYBPC3,,Cardiomyopathy|Hypertrophic cardiomyopathy,VCV000042795,11,47369406,11,47347855,42795,51965,rs397516076,NC_000011.10:47347854:A:G,single nucleotide variant,splice donor variant,Pathogenic,"Jun 3, 2021","criteria provided, multiple submitters, no conflicts",,,,,,,
NM_000256.3(MYBPC3):c.821+1G>T,MYBPC3,,Hypertrophic cardiomyopathy 4|Hypertrophic cardiomyopathy,VCV000850376,11,47369407,11,47347856,850376,851880,rs397516073,NC_000011.10:47347855:C:A,single nucleotide variant,splice donor variant,Pathogenic,"Sep 2, 2022","criteria provided, multiple submitters, no conflicts",,,,,,,
NM_000256.3(MYBPC3):c.821+1G>C,MYBPC3,,Cardiovascular phenotype|Hypertrophic cardiomyopathy,VCV000178946,11,47369407,11,47347856,178946,175202,rs397516073,NC_000011.10:47347855:C:G,single nucleotide variant,splice donor variant,Pathogenic,"Dec 8, 2025","criteria provided, multiple submitters, no conflicts",,,,,,,
NM_000256.3(MYBPC3):c.821+1G>A,MYBPC3,,MYBPC3-related disorder|Cardiovascular phenotype|Left ventricular noncompaction 10|not provided|Cardiomyopathy|Primary dilated cardiomyopathy|SUDDEN INFANT DEATH SYNDROME|Primary familial hypertrophic cardiomyopathy|Hypertrophic cardiomyopathy 4|Hypertrophic cardiomyopathy,VCV000042791,11,47369407,11,47347856,42791,51961,rs397516073,NC_000011.10:47347855:C:T,single nucleotide variant,splice donor variant,Pathogenic,"Jan 27, 2026","criteria provided, multiple submitters, no conflicts",,,,,,,
NM_000256.3(MYBPC3):c.787G>T (p.Gly263Ter),MYBPC3,G263*,Cardiovascular phenotype|Hypertrophic cardiomyopathy,VCV001460339,11,47369442,11,47347891,1460339,1504391,rs373730381,NC_000011.10:47347890:C:A,single nucleotide variant,nonsense,Pathogenic,"Jun 14, 2025","criteria provided, multiple submitters, no conflicts",,,,,,,
NM_000256.3(MYBPC3):c.772+2T>C,MYBPC3,,Hypertrophic cardiomyopathy,VCV002829431,11,47369973,11,47348422,2829431,2980260,rs2495776642,NC_000011.10:47348421:A:G,single nucleotide variant,splice donor variant,Pathogenic,"Jan 27, 2025","criteria provided, single submitter",,,,,,,
NM_000256.3(MYBPC3):c.772+1G>A,MYBPC3,,Cardiovascular phenotype|not provided|Cardiomyopathy|Hypertrophic cardiomyopathy 4|Hypertrophic cardiomyopathy,VCV000042790,11,47369974,11,47348423,42790,51960,rs397516072,NC_000011.10:47348422:C:T,single nucleotide variant,splice donor variant,Pathogenic,"Jul 21, 2025","criteria provided, multiple submitters, no conflicts",,,,,,,
NM_000256.3(MYBPC3):c.772G>T (p.Glu258Ter),MYBPC3,E258*,Hypertrophic cardiomyopathy,VCV003020531,11,47369975,11,47348424,3020531,3179439,rs397516074,NC_000011.10:47348423:C:A,single nucleotide variant,nonsense,Pathogenic,"Aug 30, 2023","criteria provided, single submitter",,,,,,,
NM_000256.3(MYBPC3):c.688C>T (p.Gln230Ter),MYBPC3,Q230*,Hypertrophic cardiomyopathy,VCV002109962,11,47370059,11,47348508,2109962,2160082,rs2495776914,NC_000011.10:47348507:G:A,single nucleotide variant,nonsense,Pathogenic,"Mar 12, 2022","criteria provided, single submitter",,,,,,,
NM_000256.3(MYBPC3):c.655-1G>A,MYBPC3,,Cardiovascular phenotype|not provided|Hypertrophic cardiomyopathy,VCV000042783,11,47370093,11,47348542,42783,51953,rs397516067,NC_000011.10:47348541:C:T,single nucleotide variant,splice acceptor variant,Pathogenic,"May 1, 2025","criteria provided, multiple submitters, no conflicts",,,,,,,
NM_000256.3(MYBPC3):c.655-2A>C,MYBPC3,,not provided,VCV000636516,11,47370094,11,47348543,636516,624796,rs1219818351,NC_000011.10:47348542:T:G,single nucleotide variant,splice acceptor variant,Pathogenic,"Oct 23, 2017","criteria provided, single submitter",,,,,,,
NM_000256.3(MYBPC3):c.639C>G (p.Tyr213Ter),MYBPC3,Y213*,Hypertrophic cardiomyopathy,VCV004763849,11,47371340,11,47349789,4763849,4878592,,NC_000011.10:47349788:G:C,single nucleotide variant,nonsense,Pathogenic,"Jan 4, 2026","criteria provided, single submitter",,,,,,,
NM_000256.3(MYBPC3):c.613C>T (p.Gln205Ter),MYBPC3,Q205*,Cardiovascular phenotype|not provided|Hypertrophic cardiomyopathy 4|Hypertrophic cardiomyopathy,VCV000042774,11,47371366,11,47349815,42774,51944,rs397516061,NC_000011.10:47349814:G:A,single nucleotide variant,nonsense,Pathogenic,"Jul 21, 2025","criteria provided, multiple submitters, no conflicts",,,,,,,
NM_000256.3(MYBPC3):c.588G>A (p.Trp196Ter),MYBPC3,W196*,Cardiovascular phenotype,VCV003876125,11,47371391,11,47349840,3876125,3983116,,NC_000011.10:47349839:C:T,single nucleotide variant,nonsense,Pathogenic,"Jan 21, 2025","criteria provided, single submitter",,,,,,,
NM_000256.3(MYBPC3):c.587G>A (p.Trp196Ter),MYBPC3,W196*,Hypertrophic cardiomyopathy|Cardiomyopathy,VCV000919810,11,47371392,11,47349841,919810,911849,rs2095898504,NC_000011.10:47349840:C:T,single nucleotide variant,nonsense,Pathogenic,"Apr 26, 2025","criteria provided, multiple submitters, no conflicts",,,,,,,
NM_000256.3(MYBPC3):c.573G>A (p.Trp191Ter),MYBPC3,W191*,Hypertrophic cardiomyopathy,VCV002124940,11,47371406,11,47349855,2124940,2181534,rs755983199,NC_000011.10:47349854:C:T,single nucleotide variant,nonsense,Pathogenic,"Apr 11, 2022","criteria provided, single submitter",,,,,,,
NM_000256.3(MYBPC3):c.524C>G (p.Ser175Ter),MYBPC3,S175*,Hypertrophic cardiomyopathy,VCV004719483,11,47371455,11,47349904,4719483,4833207,,NC_000011.10:47349903:G:C,single nucleotide variant,nonsense,Pathogenic,"May 13, 2025","criteria provided, single submitter",,,,,,,
NM_000256.3(MYBPC3):c.506-1G>A,MYBPC3,,not provided|Hypertrophic cardiomyopathy|Hypertrophic cardiomyopathy 4,VCV000525018,11,47371474,11,47349923,525018,526263,rs397516056,NC_000011.10:47349922:C:T,single nucleotide variant,splice acceptor variant,Pathogenic,"Dec 8, 2025","criteria provided, multiple submitters, no conflicts",,,,,,,
NM_000256.3(MYBPC3):c.506-1G>T,MYBPC3,,Hypertrophic cardiomyopathy,VCV000042764,11,47371474,11,47349923,42764,51934,rs397516056,NC_000011.10:47349922:C:A,single nucleotide variant,splice acceptor variant,Pathogenic,"May 16, 2013","criteria provided, single submitter",,,,,,,
NM_000256.3(MYBPC3):c.506-2A>C,MYBPC3,,Cardiomyopathy|Hypertrophic cardiomyopathy,VCV000042765,11,47371475,11,47349924,42765,51935,rs397516057,NC_000011.10:47349923:T:G,single nucleotide variant,splice acceptor variant,Pathogenic,"May 12, 2025","criteria provided, multiple submitters, no conflicts",,,,,,,
NM_000256.3(MYBPC3):c.484C>T (p.Gln162Ter),MYBPC3,Q162*,Cardiovascular phenotype|Left ventricular noncompaction 10|Primary familial hypertrophic cardiomyopathy|Hypertrophic cardiomyopathy 4|Hypertrophic cardiomyopathy,VCV000181038,11,47371586,11,47350035,181038,179380,rs730880618,NC_000011.10:47350034:G:A,single nucleotide variant,nonsense,Pathogenic,"Apr 29, 2026","criteria provided, multiple submitters, no conflicts",,,,,,,
NM_000256.3(MYBPC3):c.410C>G (p.Ser137Ter),MYBPC3,S137*,Cardiovascular phenotype|not provided|Hypertrophic cardiomyopathy 4|Hypertrophic cardiomyopathy,VCV000181137,11,47371660,11,47350109,181137,179391,rs730880703,NC_000011.10:47350108:G:C,single nucleotide variant,nonsense,Pathogenic,"Feb 26, 2024","criteria provided, multiple submitters, no conflicts",,,,,,,
NM_000256.3(MYBPC3):c.403A>T (p.Lys135Ter),MYBPC3,K135*,Hypertrophic cardiomyopathy,VCV001453071,11,47372056,11,47350505,1453071,1432211,rs2142868665,NC_000011.10:47350504:T:A,single nucleotide variant,nonsense,Pathogenic,"Oct 16, 2021","criteria provided, single submitter",,,,,,,
NM_000256.3(MYBPC3):c.292G>T (p.Glu98Ter),MYBPC3,E98*,Hypertrophic cardiomyopathy,VCV000525015,11,47372790,11,47351239,525015,526275,rs868819340,NC_000011.10:47351238:C:A,single nucleotide variant,nonsense,Pathogenic,"Mar 5, 2022","criteria provided, single submitter",,,,,,,
NM_000256.3(MYBPC3):c.237C>A (p.Tyr79Ter),MYBPC3,Y79*,Hypertrophic cardiomyopathy|not provided,VCV000407333,11,47372845,11,47351294,407333,398654,rs730880698,NC_000011.10:47351293:G:T,single nucleotide variant,nonsense,Pathogenic,"May 22, 2024","criteria provided, multiple submitters, no conflicts",,,,,,,
NM_000256.3(MYBPC3):c.237C>G (p.Tyr79Ter),MYBPC3,Y79*,Cardiovascular phenotype|not provided|Cardiomyopathy|Hypertrophic cardiomyopathy 4|Hypertrophic cardiomyopathy,VCV000181132,11,47372845,11,47351294,181132,179400,rs730880698,NC_000011.10:47351293:G:C,single nucleotide variant,nonsense,Pathogenic,"Dec 1, 2025","criteria provided, multiple submitters, no conflicts",,,,,,,
NM_000256.3(MYBPC3):c.229G>T (p.Gly77Ter),MYBPC3,G77*,Hypertrophic cardiomyopathy 4,VCV000222699,11,47372853,11,47351302,222699,224432,rs869025459,NC_000011.10:47351301:C:A,single nucleotide variant,nonsense,Pathogenic,"Feb 23, 2023","criteria provided, single submitter",,,,,,,
NM_000256.3(MYBPC3):c.226C>T (p.Gln76Ter),MYBPC3,Q76*,Hypertrophic cardiomyopathy 4|MYBPC3-related disorder|Left ventricular noncompaction 10,VCV002582595,11,47372856,11,47351305,2582595,2750165,rs1383067193,NC_000011.10:47351304:G:A,single nucleotide variant,nonsense,Pathogenic,"Jul 7, 2023","criteria provided, multiple submitters, no conflicts",,,,,,,
NM_000256.3(MYBPC3):c.178G>T (p.Glu60Ter),MYBPC3,E60*,Hypertrophic cardiomyopathy 4|Hypertrophic cardiomyopathy,VCV001424922,11,47372904,11,47351353,1424922,1353429,rs1410935154,NC_000011.10:47351352:C:A,single nucleotide variant,nonsense,Pathogenic,"Feb 7, 2025","criteria provided, multiple submitters, no conflicts",,,,,,,
NM_000256.3(MYBPC3):c.175A>G (p.Thr59Ala),MYBPC3,T59A,Hypertrophic cardiomyopathy 4,VCV000008614,11,47372907,11,47351356,8614,23653,rs121909375,NC_000011.10:47351355:T:C,single nucleotide variant,missense variant,Pathogenic,"Jan 29, 2002",no assertion criteria provided,,,,,,,
NM_000256.3(MYBPC3):c.165C>G (p.Tyr55Ter),MYBPC3,Y55*,Hypertrophic cardiomyopathy,VCV002861984,11,47372917,11,47351366,2861984,3029346,rs780012957,NC_000011.10:47351365:G:C,single nucleotide variant,nonsense,Pathogenic,"Jun 27, 2023","criteria provided, single submitter",,,,,,,
NM_000256.3(MYBPC3):c.127C>T (p.Gln43Ter),MYBPC3,Q43*,Hypertrophic cardiomyopathy,VCV004692570,11,47372955,11,47351404,4692570,4805640,,NC_000011.10:47351403:G:A,single nucleotide variant,nonsense,Pathogenic,"Dec 21, 2025","criteria provided, single submitter",,,,,,,
NM_000256.3(MYBPC3):c.53C>A (p.Ser18Ter),MYBPC3,S18*,Cardiomyopathy|Hypertrophic cardiomyopathy,VCV002773777,11,47373029,11,47351478,2773777,2934510,rs1320775536,NC_000011.10:47351477:G:T,single nucleotide variant,nonsense,Pathogenic,"Aug 15, 2023","criteria provided, multiple submitters, no conflicts",,,,,,,
NM_000256.3(MYBPC3):c.26-1G>T,MYBPC3,,Hypertrophic cardiomyopathy 4,VCV002444293,11,47373057,11,47351506,2444293,2418026,rs1222795773,NC_000011.10:47351505:C:A,single nucleotide variant,splice acceptor variant,Pathogenic,"Dec 12, 2024","criteria provided, single submitter",,,,,,,
NM_000256.3(MYBPC3):c.25+1G>C,MYBPC3,,Hypertrophic cardiomyopathy,VCV002798109,11,47374173,11,47352622,2798109,2955346,rs113709679,NC_000011.10:47352621:C:G,single nucleotide variant,splice donor variant,Pathogenic,"Nov 10, 2024","criteria provided, single submitter",,,,,,,
NM_000256.3(MYBPC3):c.25+1G>A,MYBPC3,,Hypertrophic cardiomyopathy 4|Hypertrophic cardiomyopathy|Cardiovascular phenotype|Cardiomyopathy,VCV000810740,11,47374173,11,47352622,810740,799019,rs113709679,NC_000011.10:47352621:C:T,single nucleotide variant,splice donor variant,Pathogenic,"Dec 9, 2025","criteria provided, multiple submitters, no conflicts",,,,,,,
NM_001122955.4(BSCL2):c.1015C>T (p.Arg339Ter),BSCL2|HNRNPUL2-BSCL2,R339*,Congenital generalized lipodystrophy type 2,VCV000004545,11,62458604,11,62691132,4545,19584,rs137852974,NC_000011.10:62691131:G:A,single nucleotide variant,non-coding transcript variant|nonsense|synonymous variant,Pathogenic,"Apr 4, 2017","criteria provided, single submitter",,,,,,,
NM_001122955.4(BSCL2):c.985C>T (p.Arg329Ter),BSCL2|HNRNPUL2-BSCL2,R329*,Charcot-Marie-Tooth disease type 2|Severe neurodegenerative syndrome with lipodystrophy|Congenital generalized lipodystrophy type 2,VCV000143858,11,62458772,11,62691300,143858,153583,rs587777606,NC_000011.10:62691299:G:A,single nucleotide variant,non-coding transcript variant|nonsense|intron variant,Pathogenic,"Aug 26, 2024","criteria provided, multiple submitters, no conflicts",,,,,,,
NM_001122955.4(BSCL2):c.864-2A>G,HNRNPUL2-BSCL2|BSCL2,,"Severe neurodegenerative syndrome with lipodystrophy|Neuronopathy, distal hereditary motor, type 5C|Congenital generalized lipodystrophy type 2|Hereditary spastic paraplegia 17",VCV000372119,11,62458895,11,62691423,372119,359021,rs766061024,NC_000011.10:62691422:T:C,single nucleotide variant,intron variant|splice acceptor variant,Pathogenic,"Jun 13, 2024","criteria provided, single submitter",,,,,,,
NM_001122955.4(BSCL2):c.826G>C (p.Ala276Pro),BSCL2|HNRNPUL2-BSCL2,"A212P, A276P","Congenital generalized lipodystrophy type 2|Neuronopathy, distal hereditary motor, type 5C|Severe neurodegenerative syndrome with lipodystrophy|Hereditary spastic paraplegia 17|Charcot-Marie-Tooth disease type 2",VCV000004539,11,62459885,11,62692413,4539,19578,rs137852971,NC_000011.10:62692412:C:G,single nucleotide variant,non-coding transcript variant|missense variant,Pathogenic,"Mar 20, 2024","criteria provided, multiple submitters, no conflicts",,,,,,,
NM_001122955.4(BSCL2):c.766-2A>G,BSCL2|HNRNPUL2-BSCL2,,not provided|Congenital generalized lipodystrophy type 2,VCV000372117,11,62459947,11,62692475,372117,359023,rs1013079991,NC_000011.10:62692474:T:C,single nucleotide variant,splice acceptor variant,Pathogenic,"Aug 25, 2025","criteria provided, multiple submitters, no conflicts",,,,,,,
NM_001122955.4(BSCL2):c.757G>T (p.Glu253Ter),BSCL2|HNRNPUL2-BSCL2,"E189*, E253*",Charcot-Marie-Tooth disease type 2|Congenital generalized lipodystrophy type 2,VCV000004546,11,62460143,11,62692671,4546,19585,rs137852975,NC_000011.10:62692670:C:A,single nucleotide variant,non-coding transcript variant|nonsense,Pathogenic,"Dec 6, 2023","criteria provided, multiple submitters, no conflicts",,,,,,,
NM_001122955.4(BSCL2):c.630+1G>T,BSCL2|HNRNPUL2-BSCL2,,Congenital generalized lipodystrophy type 2,VCV004532106,11,62462039,11,62694567,4532106,4643579,,NC_000011.10:62694566:C:A,single nucleotide variant,splice donor variant,Pathogenic,"Nov 11, 2025","criteria provided, single submitter",,,,,,,
NM_001122955.4(BSCL2):c.604C>T (p.Arg202Ter),BSCL2|HNRNPUL2-BSCL2,"R138*, R202*","Inborn genetic diseases|Neuronopathy, distal hereditary motor, type 5C|Congenital generalized lipodystrophy type 2",VCV000004537,11,62462066,11,62694594,4537,19576,rs137852970,NC_000011.10:62694593:G:A,single nucleotide variant,non-coding transcript variant|nonsense,Pathogenic,"Nov 3, 2022","criteria provided, multiple submitters, no conflicts",,,,,,,
NM_001122955.4(BSCL2):c.461C>G (p.Ser154Trp),BSCL2|HNRNPUL2-BSCL2,"S154W, S90W","Neuronopathy, distal hereditary motor, type 5C|Charcot-Marie-Tooth disease type 2",VCV000476810,11,62469965,11,62702493,476810,462063,rs137852973,NC_000011.10:62702492:G:C,single nucleotide variant,non-coding transcript variant|missense variant,Pathogenic,"Jul 31, 2023","criteria provided, multiple submitters, no conflicts",,,,,,,
NM_001122955.4(BSCL2):c.455A>G (p.Asn152Ser),BSCL2|HNRNPUL2-BSCL2,"N88S, N152S","Neuronopathy, distal hereditary motor, type 5C|Neuronopathy, distal hereditary motor, type 5C|Hereditary spastic paraplegia 17|Inborn genetic diseases|Charcot-Marie-Tooth disease type 2|not specified|not provided|Hereditary spastic paraplegia|Hereditary spastic paraplegia 17|Neuronopathy, distal hereditary motor, type 5A|Peripheral neuropathy",VCV000004543,11,62469971,11,62702499,4543,19582,rs137852972,NC_000011.10:62702498:T:C,single nucleotide variant,non-coding transcript variant|missense variant,Pathogenic,"Dec 20, 2025","criteria provided, multiple submitters, no conflicts",,,,,,,
NM_001122955.4(BSCL2):c.404+1G>T,BSCL2|HNRNPUL2-BSCL2,,Congenital generalized lipodystrophy type 2,VCV000549713,11,62472772,11,62705300,549713,540482,rs1565152616,NC_000011.10:62705299:C:A,single nucleotide variant,splice donor variant,Pathogenic,"May 11, 2018",no assertion criteria provided,,,,,,,
NM_001122955.4(BSCL2):c.402C>G (p.Tyr134Ter),BSCL2|HNRNPUL2-BSCL2,"Y134*, Y70*",Congenital generalized lipodystrophy type 2,VCV000549716,11,62472775,11,62705303,549716,540483,rs557044760,NC_000011.10:62705302:G:C,single nucleotide variant,non-coding transcript variant|nonsense,Pathogenic,"May 11, 2018",no assertion criteria provided,,,,,,,
NM_002496.4(NDUFS8):c.187G>C (p.Glu63Gln),NDUFS8,E63Q,"Mitochondrial complex I deficiency, nuclear type 2",VCV000039835,11,67800467,11,68033000,39835,48434,rs397514618,NC_000011.10:68032999:G:C,single nucleotide variant,missense variant,Pathogenic,"Apr 1, 2012",no assertion criteria provided,,,,,,,
NM_001289808.2(CRYAB):c.76C>T (p.Gln26Ter),CRYAB,Q26*,Dilated cardiomyopathy 1II,VCV001322163,11,111782373,11,111911649,1322163,1312478,rs1965461881,NC_000011.10:111911648:G:A,single nucleotide variant,nonsense,Pathogenic,"May 5, 2022","criteria provided, single submitter",,,,,,,
NM_003002.4(SDHD):c.275A>G (p.Asp92Gly),SDHD,"D92G, D53G","Mitochondrial complex 2 deficiency, nuclear type 3|Fatal infantile mitochondrial cardiomyopathy",VCV000180590,11,111959696,11,112088972,180590,178768,rs786205436,NC_000011.10:112088971:A:G,single nucleotide variant,missense variant|non-coding transcript variant|intron variant,Pathogenic,"May 26, 2015",no assertion criteria provided,,,,,,,
NM_005188.4(CBL):c.1096-1G>T,CBL,,CBL-related disorder|not provided|Cardiovascular phenotype|RASopathy|Noonan syndrome,VCV000180815,11,119148875,11,119278165,180815,179156,rs397517076,NC_000011.10:119278164:G:T,single nucleotide variant,splice acceptor variant,Pathogenic,"Jul 13, 2025","criteria provided, multiple submitters, no conflicts",,,,,,,
NM_017547.4(FOXRED1):c.1054C>T (p.Arg352Trp),FOXRED1,R352W,"Mitochondrial complex I deficiency, nuclear type 19|Inborn genetic diseases|not provided",VCV000031048,11,126146371,11,126276476,31048,40005,rs387907087,NC_000011.10:126276475:C:T,single nucleotide variant,missense variant|non-coding transcript variant,Pathogenic,"Dec 19, 2025","criteria provided, multiple submitters, no conflicts",,,,,,,
NM_000719.7(CACNA1C):c.1552C>T (p.Arg518Cys),CACNA1C,"R518C, R515C",Long QT syndrome 8|Cardiac arrhythmia|Cardiovascular phenotype|not provided|Long QT syndrome|Timothy syndrome,VCV000190642,12,2675631,12,2566465,190642,188554,rs786205748,NC_000012.12:2566464:C:T,single nucleotide variant,missense variant,Pathogenic,"Mar 6, 2026","criteria provided, multiple submitters, no conflicts",,,,,,,
NM_003324.5(TULP3):c.1023+1G>A,TULP3,,Hepatorenocardiac degenerative fibrosis,VCV001687115,12,3046896,12,2937730,1687115,1679366,rs202037575,NC_000012.12:2937729:G:A,single nucleotide variant,splice donor variant,Pathogenic,"May 27, 2022",no assertion criteria provided,,,,,,,
NM_033360.4(KRAS):c.*22C>G,KRAS,F156L,KRAS-related disorder|not provided|RASopathy,VCV000012595,12,25362828,12,25209894,12595,27634,rs104894362,NC_000012.12:25209893:G:C,single nucleotide variant,3 prime UTR variant|missense variant,Pathogenic,"Mar 29, 2023","criteria provided, multiple submitters, no conflicts",,,,,,,
NM_004985.5(KRAS):c.466T>A (p.Phe156Ile),KRAS,F156I,Noonan syndrome|Cardio-facio-cutaneous syndrome|not provided|Noonan syndrome 3,VCV000163758,12,25362830,12,25209896,163758,175711,rs397517042,NC_000012.12:25209895:A:T,single nucleotide variant,3 prime UTR variant|missense variant,Pathogenic,"Oct 24, 2023","criteria provided, multiple submitters, no conflicts",,,,,,,
NM_004985.5(KRAS):c.458A>T (p.Asp153Val),KRAS,D153V,RASopathy,VCV000012587,12,25362838,12,25209904,12587,27626,rs104894360,NC_000012.12:25209903:T:A,single nucleotide variant,3 prime UTR variant|missense variant,Pathogenic,"Dec 3, 2024",reviewed by expert panel,,,,,,,
NM_033360.4(KRAS):c.*9T>G,KRAS,V152G,Noonan syndrome 3,VCV000012591,12,25362841,12,25209907,12591,27630,rs104894367,NC_000012.12:25209906:A:C,single nucleotide variant,3 prime UTR variant|missense variant,Pathogenic,"Jul 1, 2006",no assertion criteria provided,,,,,,,
NM_033360.4(KRAS):c.440A>G (p.Lys147Arg),KRAS,K147R,Noonan syndrome 3,VCV000431103,12,25378558,12,25225624,431103,424626,rs1135401776,NC_000012.12:25225623:T:C,single nucleotide variant,missense variant,Pathogenic,"Aug 1, 2017","criteria provided, single submitter",,,,,,,
NM_033360.4(KRAS):c.211T>C (p.Tyr71His),KRAS,Y71H,Cardiofaciocutaneous syndrome 2,VCV000031940,12,25380247,12,25227313,31940,40605,rs387907205,NC_000012.12:25227312:A:G,single nucleotide variant,missense variant,Pathogenic,"Jan 15, 2013",no assertion criteria provided,,,,,,,
NM_033360.4(KRAS):c.178G>A (p.Gly60Ser),KRAS,G60S,Fetal anomalies with a likely genetic cause|Cardiofaciocutaneous syndrome 2|not provided|RASopathy|Noonan syndrome 3,VCV000012597,12,25380280,12,25227346,12597,27636,rs104894359,NC_000012.12:25227345:C:T,single nucleotide variant,missense variant,Pathogenic,"Feb 20, 2026","criteria provided, multiple submitters, no conflicts",,,,,,,
NM_004985.5(KRAS):c.178G>C (p.Gly60Arg),KRAS,G60R,Cardio-facio-cutaneous syndrome,VCV000012586,12,25380280,12,25227346,12586,27625,rs104894359,NC_000012.12:25227345:C:G,single nucleotide variant,missense variant,Pathogenic,"Apr 3, 2017",reviewed by expert panel,,,,,,,
NM_004985.5(KRAS):c.173C>T (p.Thr58Ile),KRAS,T58I,Noonan syndrome,VCV000012588,12,25380285,12,25227351,12588,27627,rs104894364,NC_000012.12:25227350:G:A,single nucleotide variant,missense variant,Pathogenic,"Apr 3, 2017",reviewed by expert panel,,,,,,,
NM_004985.5(KRAS):c.101C>T (p.Pro34Leu),KRAS,P34L,Noonan syndrome,VCV000040454,12,25398218,12,25245284,40454,48924,rs104894366,NC_000012.12:25245283:G:A,single nucleotide variant,missense variant,Pathogenic,"Sep 17, 2024",reviewed by expert panel,,,,,,,
NM_004985.5(KRAS):c.65A>G (p.Gln22Arg),KRAS,Q22R,RASopathy,VCV000040452,12,25398254,12,25245320,40452,48922,rs727503110,NC_000012.12:25245319:T:C,single nucleotide variant,missense variant,Pathogenic,"Dec 3, 2024",reviewed by expert panel,,,,,,,
NM_004985.5(KRAS):c.53C>T (p.Ala18Val),KRAS,A18V,Noonan syndrome 3,VCV001695421,12,25398266,12,25245332,1695421,1687832,rs2135806030,NC_000012.12:25245331:G:A,single nucleotide variant,missense variant,Pathogenic,,"criteria provided, single submitter",,,,,,,
NM_004985.5(KRAS):c.40G>A (p.Val14Ile),KRAS,V14I,RASopathy|Colorectal cancer,VCV000012589,12,25398279,12,25245345,12589,27628,rs104894365,NC_000012.12:25245344:C:T,single nucleotide variant,missense variant,Pathogenic,"Dec 3, 2024",reviewed by expert panel,Tier II - Potential,"Oct 10, 2024",no assertion criteria provided,,,,
NM_004985.5(KRAS):c.34G>A (p.Gly12Ser),KRAS,G12S,Vascular malformation|Cardiofaciocutaneous syndrome 2|not provided|RASopathy|Non-small cell lung carcinoma|Rhabdomyosarcoma|Neoplasm,VCV000012584,12,25398285,12,25245351,12584,27623,rs121913530,NC_000012.12:25245350:C:T,single nucleotide variant,missense variant,Pathogenic,"Jan 13, 2025","criteria provided, multiple submitters, no conflicts",Tier I - Strong,"Jul 10, 2023","criteria provided, single submitter",Oncogenic,"Mar 4, 2025","criteria provided, single submitter",
NM_033360.4(KRAS):c.15A>T (p.Lys5Asn),KRAS,K5N,RASopathy,VCV000012594,12,25398304,12,25245370,12594,27633,rs104894361,NC_000012.12:25245369:T:A,single nucleotide variant,missense variant,Pathogenic,"Dec 3, 2024",reviewed by expert panel,,,,,,,
NM_001005242.3(PKP2):c.2014-1G>C,PKP2,,Cardiovascular phenotype|not provided|Arrhythmogenic right ventricular cardiomyopathy|Cardiomyopathy|Arrhythmogenic right ventricular dysplasia 9,VCV000006756,12,32955491,12,32802557,6756,21795,rs193922674,NC_000012.12:32802556:C:G,single nucleotide variant,splice acceptor variant,Pathogenic,"Feb 1, 2026","criteria provided, multiple submitters, no conflicts",,,,,,,
NM_005888.4(SLC25A3):c.215G>A (p.Gly72Glu),SLC25A3|LOC130008523,G72E,Cardiomyopathy-hypotonia-lactic acidosis syndrome,VCV000009149,12,98989268,12,98595490,9149,24188,rs104894375,NC_000012.12:98595489:G:A,single nucleotide variant,missense variant|intron variant,Pathogenic,"Mar 1, 2007",no assertion criteria provided,,,,,,,
NM_002635.4(SLC25A3):c.596T>G (p.Leu199Trp),SLC25A3,"L200W, L199W",Cardiomyopathy-hypotonia-lactic acidosis syndrome,VCV000977465,12,98992436,12,98598658,977465,965594,rs2097595072,NC_000012.12:98598657:T:G,single nucleotide variant,missense variant,Pathogenic,"Sep 1, 2020",no assertion criteria provided,,,,,,,
NM_052845.4(MMAB):c.700C>T (p.Gln234Ter),MMAB,Q234*,"not provided|Methylmalonic acidemia|Methylmalonic aciduria, cblB type",VCV000203820,12,109994886,12,109557081,203820,200226,rs369296618,NC_000012.12:109557080:G:A,single nucleotide variant,nonsense|non-coding transcript variant,Pathogenic,"Sep 30, 2025","criteria provided, multiple submitters, no conflicts",,,,,,,
NM_052845.4(MMAB):c.650G>T (p.Ser217Ile),MMAB,S217I,"Methylmalonic aciduria, cblB type",VCV001174001,12,109994936,12,109557131,1174001,1163088,rs2136192612,NC_000012.12:109557130:C:A,single nucleotide variant,missense variant|non-coding transcript variant,Pathogenic,"Jun 1, 2021",no assertion criteria provided,,,,,,,
NM_052845.4(MMAB):c.638T>G (p.Leu213Ter),MMAB,L213*,"Methylmalonic aciduria, cblB type",VCV001454399,12,109996907,12,109559102,1454399,1444742,rs2136195113,NC_000012.12:109559101:A:C,single nucleotide variant,nonsense|non-coding transcript variant,Pathogenic,"Aug 2, 2021","criteria provided, single submitter",,,,,,,
NM_052845.4(MMAB):c.585-2A>C,MMAB,,"Methylmalonic aciduria, cblB type",VCV000550985,12,109996962,12,109559157,550985,546633,rs1555274254,NC_000012.12:109559156:T:G,single nucleotide variant,splice acceptor variant,Pathogenic,"Aug 16, 2023","criteria provided, single submitter",,,,,,,
NM_052845.4(MMAB):c.572G>A (p.Arg191Gln),MMAB,R191Q,"Inborn genetic diseases|not provided|Methylmalonic aciduria, cblB type",VCV000219006,12,109998857,12,109561052,219006,216056,rs746219370,NC_000012.12:109561051:C:T,single nucleotide variant,missense variant|non-coding transcript variant,Pathogenic,"Jan 16, 2026","criteria provided, multiple submitters, no conflicts",,,,,,,
NM_052845.4(MMAB):c.571C>T (p.Arg191Trp),MMAB,R191W,"Inborn genetic diseases|not provided|Methylmalonic aciduria, cblB type",VCV000218324,12,109998858,12,109561053,218324,215031,rs376128990,NC_000012.12:109561052:G:A,single nucleotide variant,missense variant|non-coding transcript variant,Pathogenic,"Oct 2, 2025","criteria provided, multiple submitters, no conflicts",,,,,,,
NM_052845.4(MMAB):c.569G>A (p.Arg190His),MMAB,R190H,"not provided|Methylmalonic acidemia|Methylmalonic aciduria, cblB type",VCV000203819,12,109998860,12,109561055,203819,200228,rs756414548,NC_000012.12:109561054:C:T,single nucleotide variant,missense variant|non-coding transcript variant,Pathogenic,"May 19, 2025","criteria provided, multiple submitters, no conflicts",,,,,,,
NM_052845.4(MMAB):c.563T>G (p.Val188Gly),MMAB,V188G,"Methylmalonic aciduria, cblB type",VCV000225186,12,109998866,12,109561061,225186,227103,rs869320654,NC_000012.12:109561060:A:C,single nucleotide variant,missense variant|non-coding transcript variant,Pathogenic,"May 18, 2014",no assertion criteria provided,,,,,,,
NM_052845.4(MMAB):c.523G>T (p.Gly175Ter),MMAB,G175*,"MMAB-related disorder|Methylmalonic aciduria, cblB type",VCV001451421,12,109998906,12,109561101,1451421,1429675,rs758790126,NC_000012.12:109561100:C:A,single nucleotide variant,nonsense|non-coding transcript variant,Pathogenic,"Feb 3, 2023","criteria provided, multiple submitters, no conflicts",,,,,,,
NM_052845.4(MMAB):c.487C>T (p.Gln163Ter),MMAB,Q163*,"Methylmalonic aciduria, cblB type",VCV001173997,12,109999257,12,109561452,1173997,1163092,rs2136199221,NC_000012.12:109561451:G:A,single nucleotide variant,nonsense|non-coding transcript variant,Pathogenic,"Jun 1, 2021",no assertion criteria provided,,,,,,,
NM_052845.4(MMAB):c.468G>A (p.Trp156Ter),MMAB,W156*,"Methylmalonic aciduria, cblB type",VCV000834947,12,109999276,12,109561471,834947,839255,rs1884201610,NC_000012.12:109561470:C:T,single nucleotide variant,nonsense|non-coding transcript variant,Pathogenic,"Mar 11, 2019","criteria provided, single submitter",,,,,,,
NM_052845.4(MMAB):c.467G>A (p.Trp156Ter),MMAB,W156*,"Methylmalonic aciduria, cblB type",VCV001402961,12,109999277,12,109561472,1402961,1392573,rs2136199270,NC_000012.12:109561471:C:T,single nucleotide variant,nonsense|non-coding transcript variant,Pathogenic,"Aug 14, 2021","criteria provided, single submitter",,,,,,,
NM_052845.4(MMAB):c.463C>T (p.Gln155Ter),MMAB,Q155*,"Methylmalonic aciduria, cblB type",VCV002865374,12,109999281,12,109561476,2865374,3030155,rs2548604750,NC_000012.12:109561475:G:A,single nucleotide variant,nonsense|non-coding transcript variant,Pathogenic,"May 18, 2023","criteria provided, single submitter",,,,,,,
NM_052845.4(MMAB):c.462G>T (p.Glu154Asp),MMAB,E154D,"Methylmalonic aciduria, cblB type",VCV001173996,12,109999282,12,109561477,1173996,1163093,rs1392513631,NC_000012.12:109561476:C:A,single nucleotide variant,missense variant|non-coding transcript variant,Pathogenic,"Jun 1, 2021",no assertion criteria provided,,,,,,,
NM_052845.4(MMAB):c.460G>T (p.Glu154Ter),MMAB,E154*,"Methylmalonic aciduria, cblB type",VCV001453900,12,109999284,12,109561479,1453900,1451425,rs2136199292,NC_000012.12:109561478:C:A,single nucleotide variant,nonsense|non-coding transcript variant,Pathogenic,"Dec 17, 2020","criteria provided, single submitter",,,,,,,
NM_052845.4(MMAB):c.334G>T (p.Glu112Ter),MMAB,E112*,"Methylmalonic aciduria, cblB type",VCV002735959,12,110002938,12,109565133,2735959,2898954,rs376219481,NC_000012.12:109565132:C:A,single nucleotide variant,nonsense|non-coding transcript variant,Pathogenic,"Nov 25, 2023","criteria provided, single submitter",,,,,,,
NM_052845.4(MMAB):c.291-1G>T,MMAB,,"Methylmalonic aciduria, cblB type",VCV001173991,12,110002982,12,109565177,1173991,1163098,rs199971687,NC_000012.12:109565176:C:A,single nucleotide variant,splice acceptor variant,Pathogenic,"Jun 1, 2021",no assertion criteria provided,,,,,,,
NM_052845.4(MMAB):c.291-1G>A,MMAB,,"not provided|Methylmalonic acidemia|Methylmalonic aciduria, cblB type",VCV000219004,12,110002982,12,109565177,219004,216058,rs199971687,NC_000012.12:109565176:C:T,single nucleotide variant,splice acceptor variant,Pathogenic,"Aug 27, 2025","criteria provided, multiple submitters, no conflicts",,,,,,,
NM_052845.4(MMAB):c.220G>T (p.Glu74Ter),MMAB,E74*,"Methylmalonic aciduria, cblB type",VCV001068489,12,110006645,12,109568840,1068489,1062572,rs2136208377,NC_000012.12:109568839:C:A,single nucleotide variant,nonsense|non-coding transcript variant,Pathogenic,"Jan 7, 2024","criteria provided, multiple submitters, no conflicts",,,,,,,
NM_052845.4(MMAB):c.197-1G>A,MMAB,,"Methylmalonic aciduria, cblB type",VCV001454464,12,110006669,12,109568864,1454464,1444807,rs763935916,NC_000012.12:109568863:C:T,single nucleotide variant,splice acceptor variant,Pathogenic,"Oct 8, 2021","criteria provided, single submitter",,,,,,,
NM_052845.4(MMAB):c.197-1G>T,MMAB,,"Methylmalonic aciduria|Methylmalonic acidemia|Methylmalonic aciduria, cblB type",VCV000219008,12,110006669,12,109568864,219008,216059,rs763935916,NC_000012.12:109568863:C:A,single nucleotide variant,splice acceptor variant,Pathogenic,"Jan 15, 2026","criteria provided, multiple submitters, no conflicts",,,,,,,
NM_052845.4(MMAB):c.139C>T (p.Gln47Ter),MMAB,Q47*,"Methylmalonic aciduria, cblB type",VCV002749351,12,110009511,12,109571706,2749351,2912692,rs1884632948,NC_000012.12:109571705:G:A,single nucleotide variant,nonsense|non-coding transcript variant,Pathogenic,"Jun 23, 2025","criteria provided, multiple submitters, no conflicts",,,,,,,
NM_052845.4(MMAB):c.135-1G>A,MMAB,,"Methylmalonic aciduria, cblB type",VCV001173990,12,110009516,12,109571711,1173990,1163099,rs1566137903,NC_000012.12:109571710:C:T,single nucleotide variant,splice acceptor variant,Pathogenic,"Feb 23, 2024","criteria provided, single submitter",,,,,,,
NM_052845.4(MMAB):c.87T>A (p.Tyr29Ter),MMAB|MVK,Y29*,"Methylmalonic aciduria, cblB type",VCV001173989,12,110011199,12,109573394,1173989,1163100,rs2136213423,NC_000012.12:109573393:A:T,single nucleotide variant,nonsense|non-coding transcript variant,Pathogenic,"Jun 1, 2021",no assertion criteria provided,,,,,,,
NM_052845.4(MMAB):c.12C>A (p.Cys4Ter),MMAB|MVK,C4*,"not provided|Methylmalonic acidemia|Methylmalonic aciduria, cblB type",VCV000550793,12,110011274,12,109573469,550793,546959,rs1481415459,NC_000012.12:109573468:G:T,single nucleotide variant,nonsense|non-coding transcript variant,Pathogenic,"Feb 3, 2025","criteria provided, multiple submitters, no conflicts",,,,,,,
NM_052845.4(MMAB):c.2T>A (p.Met1Lys),MMAB|MVK,M1K,"Methylmalonic aciduria, cblB type",VCV002754610,12,110011284,12,109573479,2754610,2914051,rs869320655,NC_000012.12:109573478:A:T,single nucleotide variant,missense variant|initiator_codon_variant|non-coding transcript variant,Pathogenic,"Aug 23, 2023","criteria provided, single submitter",,,,,,,
NM_052845.4(MMAB):c.1A>C (p.Met1Leu),MMAB|MVK,M1L,"Methylmalonic aciduria, cblB type",VCV000861176,12,110011285,12,109573480,861176,839259,rs1884749143,NC_000012.12:109573479:T:G,single nucleotide variant,missense variant|initiator_codon_variant|non-coding transcript variant,Pathogenic,"Oct 3, 2023","criteria provided, single submitter",,,,,,,
NM_000432.4(MYL2):c.173G>A (p.Arg58Gln),MYL2,R58Q,Cardiovascular phenotype|not provided|Cardiomyopathy|Hypertrophic cardiomyopathy 10|Hypertrophic cardiomyopathy,VCV000014067,12,111352091,12,110914287,14067,29106,rs104894369,NC_000012.12:110914286:C:T,single nucleotide variant,missense variant,Pathogenic,"May 22, 2026","criteria provided, multiple submitters, no conflicts",,,,,,,
NM_002834.5(PTPN11):c.124A>G (p.Thr42Ala),PTPN11,T42A,"Noonan syndrome and Noonan-related syndrome|PTPN11-related disorder|Cardiovascular phenotype|Metachondromatosis|LEOPARD syndrome 1|Noonan syndrome 1|Juvenile myelomonocytic leukemia|not provided|RASopathy|Noonan syndrome|Noonan syndrome 1|Diffuse midline glioma, H3 K27M-mutant",VCV000040482,12,112884189,12,112446385,40482,48952,rs397507501,NC_000012.12:112446384:A:G,single nucleotide variant,missense variant,Pathogenic,"Sep 24, 2025","criteria provided, multiple submitters, no conflicts",Tier II - Potential,"Jan 5, 2023","criteria provided, single submitter",,,,
NM_002834.5(PTPN11):c.155C>T (p.Thr52Ile),PTPN11,"T52I, T51I",RASopathy,VCV000040484,12,112888139,12,112450335,40484,48954,rs397507503,NC_000012.12:112450334:C:T,single nucleotide variant,missense variant,Pathogenic,"Jul 8, 2025",reviewed by expert panel,,,,,,,
NM_002834.5(PTPN11):c.166A>G (p.Ile56Val),PTPN11,"I56V, I55V",Noonan syndrome and Noonan-related syndrome,VCV000040485,12,112888150,12,112450346,40485,48955,rs397507504,NC_000012.12:112450345:A:G,single nucleotide variant,missense variant,Pathogenic,"May 10, 2019",reviewed by expert panel,,,,,,,
NM_002834.5(PTPN11):c.172A>G (p.Asn58Asp),PTPN11,"N58D, N57D",Noonan syndrome and Noonan-related syndrome|Male infertility with azoospermia or oligozoospermia due to single gene mutation|PTPN11-related disorder|Cardiovascular phenotype|Juvenile myelomonocytic leukemia|Metachondromatosis|LEOPARD syndrome 1|Noonan syndrome 1|not provided|RASopathy|Noonan syndrome|LEOPARD syndrome 1|Metachondromatosis|Noonan syndrome 1,VCV000040487,12,112888156,12,112450352,40487,48957,rs397507505,NC_000012.12:112450351:A:G,single nucleotide variant,missense variant,Pathogenic,"Aug 25, 2025","criteria provided, multiple submitters, no conflicts",,,,,,,
NM_002834.5(PTPN11):c.172A>C (p.Asn58His),PTPN11,"N58H, N57H",not provided|RASopathy|Noonan syndrome|Noonan syndrome 1,VCV000040486,12,112888156,12,112450352,40486,48956,rs397507505,NC_000012.12:112450351:A:C,single nucleotide variant,missense variant,Pathogenic,"Aug 20, 2025","criteria provided, multiple submitters, no conflicts",,,,,,,
NM_002834.5(PTPN11):c.174C>A (p.Asn58Lys),PTPN11,"N58K, N57K",Noonan syndrome and Noonan-related syndrome|Metachondromatosis|LEOPARD syndrome 1|Noonan syndrome 1|Juvenile myelomonocytic leukemia|not provided|Noonan syndrome|RASopathy|Noonan syndrome 1|Noonan syndrome 3,VCV000040488,12,112888158,12,112450354,40488,48958,rs397507506,NC_000012.12:112450353:C:A,single nucleotide variant,missense variant,Pathogenic,"Dec 3, 2025","criteria provided, multiple submitters, no conflicts",,,,,,,
NM_002834.5(PTPN11):c.179G>C (p.Gly60Ala),PTPN11,"G60A, G59A",Noonan syndrome and Noonan-related syndrome|Cardiovascular phenotype|not provided|RASopathy|Noonan syndrome|Noonan syndrome 1|PTPN11-related disorder,VCV000040493,12,112888163,12,112450359,40493,48963,rs397507509,NC_000012.12:112450358:G:C,single nucleotide variant,missense variant,Pathogenic,"Feb 26, 2026","criteria provided, multiple submitters, no conflicts",,,,,,,
NM_002834.5(PTPN11):c.181G>A (p.Asp61Asn),PTPN11,"D61N, D60N",Noonan syndrome and Noonan-related syndrome|PTPN11-related disorder|Cardiovascular phenotype|LEOPARD syndrome 1|Noonan syndrome 1|Metachondromatosis|LEOPARD syndrome 1|Noonan syndrome 1|Juvenile myelomonocytic leukemia|not provided|RASopathy|Noonan syndrome|LEOPARD syndrome 1|Noonan syndrome 1|Metachondromatosis,VCV000040495,12,112888165,12,112450361,40495,48965,rs397507510,NC_000012.12:112450360:G:A,single nucleotide variant,missense variant,Pathogenic,"Jan 7, 2026","criteria provided, multiple submitters, no conflicts",,,,,,,
NM_002834.5(PTPN11):c.181G>C (p.Asp61His),PTPN11,"D61H, D60H",Cardiovascular phenotype|not provided|RASopathy|Noonan syndrome 1|Noonan syndrome 3,VCV000040494,12,112888165,12,112450361,40494,48964,rs397507510,NC_000012.12:112450360:G:C,single nucleotide variant,missense variant,Pathogenic,"Oct 21, 2025","criteria provided, multiple submitters, no conflicts",,,,,,,
NM_002834.5(PTPN11):c.182A>T (p.Asp61Val),PTPN11,"D61V, D60V",RASopathy|Noonan syndrome 1,VCV000040496,12,112888166,12,112450362,40496,48966,rs121918461,NC_000012.12:112450361:A:T,single nucleotide variant,missense variant,Pathogenic,"Jan 28, 2025","criteria provided, multiple submitters, no conflicts",,,,,,,
NM_002834.5(PTPN11):c.182A>G (p.Asp61Gly),PTPN11,"D61G, D60G",Noonan syndrome and Noonan-related syndrome|not provided|RASopathy|Juvenile myelomonocytic leukemia|Metachondromatosis|Noonan syndrome 1|LEOPARD syndrome 1|Juvenile myelomonocytic leukemia|Noonan syndrome|Non-immune hydrops fetalis|LEOPARD syndrome 1|Noonan syndrome 1|Metachondromatosis|Abnormal cardiovascular system morphology|Short stature,VCV000013330,12,112888166,12,112450362,13330,28369,rs121918461,NC_000012.12:112450361:A:G,single nucleotide variant,missense variant,Pathogenic,"Feb 4, 2026","criteria provided, multiple submitters, no conflicts",,,,,,,
NM_002834.5(PTPN11):c.184T>G (p.Tyr62Asp),PTPN11,"Y62D, Y61D",RASopathy,VCV000013329,12,112888168,12,112450364,13329,28368,rs121918460,NC_000012.12:112450363:T:G,single nucleotide variant,missense variant,Pathogenic,"Feb 14, 2020",reviewed by expert panel,,,,,,,
NM_002834.5(PTPN11):c.188A>G (p.Tyr63Cys),PTPN11,"Y63C, Y62C",Noonan syndrome|Pilocytic astrocytoma,VCV000013333,12,112888172,12,112450368,13333,28372,rs121918459,NC_000012.12:112450367:A:G,single nucleotide variant,missense variant,Pathogenic,"Sep 17, 2024",reviewed by expert panel,Tier II - Potential,"Sep 27, 2022","criteria provided, single submitter",,,,
NM_002834.5(PTPN11):c.205G>C (p.Glu69Gln),PTPN11,"E69Q, E68Q",RASopathy,VCV000040498,12,112888189,12,112450385,40498,48968,rs397507511,NC_000012.12:112450384:G:C,single nucleotide variant,missense variant,Pathogenic,"Dec 5, 2019",reviewed by expert panel,,,,,,,
NM_002834.5(PTPN11):c.209A>G (p.Lys70Arg),PTPN11,"K70R, K69R",RASopathy,VCV000044603,12,112888193,12,112450389,44603,53770,rs397516801,NC_000012.12:112450388:A:G,single nucleotide variant,missense variant,Pathogenic,"Jun 25, 2020",reviewed by expert panel,,,,,,,
NM_002834.5(PTPN11):c.211T>G (p.Phe71Val),PTPN11,"F71V, F70V",not provided|Noonan syndrome 1,VCV000181495,12,112888195,12,112450391,181495,179444,rs397507512,NC_000012.12:112450390:T:G,single nucleotide variant,missense variant,Pathogenic,"Apr 8, 2025","criteria provided, multiple submitters, no conflicts",,,,,,,
NM_002834.5(PTPN11):c.214G>T (p.Ala72Ser),PTPN11,"A72S, A71S",Noonan syndrome and Noonan-related syndrome|Cardiovascular phenotype|LEOPARD syndrome 1|Metachondromatosis|Juvenile myelomonocytic leukemia|Noonan syndrome 1|LEOPARD syndrome 1|Noonan syndrome 1|RASopathy|not provided|Noonan syndrome|Noonan syndrome 1,VCV000013324,12,112888198,12,112450394,13324,28363,rs121918453,NC_000012.12:112450393:G:T,single nucleotide variant,missense variant,Pathogenic,"May 1, 2025","criteria provided, multiple submitters, no conflicts",,,,,,,
NM_002834.5(PTPN11):c.218C>T (p.Thr73Ile),PTPN11,"T73I, T72I",Noonan syndrome and Noonan-related syndrome|Cardiovascular phenotype|Juvenile myelomonocytic leukemia|Noonan syndrome 1|LEOPARD syndrome 1|Metachondromatosis|RASopathy|not provided|Noonan syndrome|LEOPARD syndrome 1|Noonan syndrome 1|Metachondromatosis|Intellectual disability|Vascular disorder|See cases,VCV000013334,12,112888202,12,112450398,13334,28373,rs121918462,NC_000012.12:112450397:C:T,single nucleotide variant,missense variant,Pathogenic,"Jan 19, 2026","criteria provided, multiple submitters, no conflicts",,,,,,,
NM_002834.5(PTPN11):c.227A>C (p.Glu76Ala),PTPN11,"E76A, E75A",Autosomal dominant PTPN11-related disorders|not provided|Noonan syndrome 1,VCV000013339,12,112888211,12,112450407,13339,28378,rs121918465,NC_000012.12:112450406:A:C,single nucleotide variant,missense variant,Pathogenic,"Oct 28, 2025","criteria provided, multiple submitters, no conflicts",,,,,,,
NM_002834.5(PTPN11):c.228G>C (p.Glu76Asp),PTPN11,"E76D, E75D",Cardiovascular phenotype|Autosomal dominant PTPN11-related disorders|RASopathy|not provided|Noonan syndrome|Noonan syndrome 1,VCV000040503,12,112888212,12,112450408,40503,48973,rs397507514,NC_000012.12:112450407:G:C,single nucleotide variant,missense variant,Pathogenic,"Sep 8, 2025","criteria provided, multiple submitters, no conflicts",,,,,,,
NM_002834.5(PTPN11):c.228G>T (p.Glu76Asp),PTPN11,"E76D, E75D",Noonan syndrome and Noonan-related syndrome|Cardiovascular phenotype|Metachondromatosis|LEOPARD syndrome 1|Noonan syndrome 1|Juvenile myelomonocytic leukemia|not provided|RASopathy|Noonan syndrome,VCV000040502,12,112888212,12,112450408,40502,48972,rs397507514,NC_000012.12:112450407:G:T,single nucleotide variant,missense variant,Pathogenic,"Oct 29, 2025","criteria provided, multiple submitters, no conflicts",,,,,,,
NM_002834.5(PTPN11):c.317A>C (p.Asp106Ala),PTPN11,"D106A, D105A",Noonan syndrome and Noonan-related syndrome|not provided|Noonan syndrome|RASopathy|Noonan syndrome 1,VCV000040506,12,112888301,12,112450497,40506,48976,rs397507517,NC_000012.12:112450496:A:C,single nucleotide variant,missense variant,Pathogenic,"Apr 20, 2026","criteria provided, multiple submitters, no conflicts",,,,,,,
NM_002834.5(PTPN11):c.417G>C (p.Glu139Asp),PTPN11,"E139D, E138D",Noonan syndrome,VCV000040513,12,112891083,12,112453279,40513,48983,rs397507520,NC_000012.12:112453278:G:C,single nucleotide variant,missense variant,Pathogenic,"Apr 3, 2017",reviewed by expert panel,,,,,,,
NM_002834.5(PTPN11):c.417G>T (p.Glu139Asp),PTPN11,"E139D, E138D",Inborn genetic diseases|not provided|RASopathy|Noonan syndrome|Juvenile myelomonocytic leukemia|Noonan syndrome 1,VCV000040512,12,112891083,12,112453279,40512,48982,rs397507520,NC_000012.12:112453278:G:T,single nucleotide variant,missense variant,Pathogenic,"Dec 15, 2023","criteria provided, multiple submitters, no conflicts",,,,,,,
NM_002834.5(PTPN11):c.781C>T (p.Leu261Phe),PTPN11,"L261F, L260F",RASopathy,VCV000040520,12,112910772,12,112472968,40520,48990,rs397507525,NC_000012.12:112472967:C:T,single nucleotide variant,missense variant,Pathogenic,"Apr 3, 2017",reviewed by expert panel,,,,,,,
NM_002834.5(PTPN11):c.785T>G (p.Leu262Arg),PTPN11,"L262R, L261R",RASopathy,VCV000040521,12,112910776,12,112472972,40521,48991,rs397507526,NC_000012.12:112472971:T:G,single nucleotide variant,missense variant,Pathogenic,"Oct 15, 2018","criteria provided, multiple submitters, no conflicts",,,,,,,
NM_002834.5(PTPN11):c.794G>A (p.Arg265Gln),PTPN11,"R265Q, R264Q",RASopathy,VCV000040522,12,112910785,12,112472981,40522,48992,rs376607329,NC_000012.12:112472980:G:A,single nucleotide variant,missense variant,Pathogenic,"Sep 9, 2025",reviewed by expert panel,,,,,,,
NM_002834.5(PTPN11):c.836A>G (p.Tyr279Cys),PTPN11,"Y279C, Y278C",RASopathy,VCV000013328,12,112910827,12,112473023,13328,28367,rs121918456,NC_000012.12:112473022:A:G,single nucleotide variant,missense variant,Pathogenic,"Sep 9, 2025",reviewed by expert panel,,,,,,,
NM_002834.5(PTPN11):c.844A>G (p.Ile282Val),PTPN11,"I282V, I281V",PTPN11-related disorder|Neurodevelopmental abnormality|Cardiovascular phenotype|Noonan syndrome and Noonan-related syndrome|RASopathy|Noonan syndrome|Juvenile myelomonocytic leukemia|Metachondromatosis|Noonan syndrome 1|LEOPARD syndrome 1|not provided|Noonan syndrome 1|Cleft lip/palate|Noonan syndrome|Noonan syndrome with multiple lentigines|Noonan syndrome 1|LEOPARD syndrome 1,VCV000040525,12,112910835,12,112473031,40525,48995,rs397507529,NC_000012.12:112473030:A:G,single nucleotide variant,missense variant,Pathogenic,"Jan 3, 2026","criteria provided, multiple submitters, no conflicts",,,,,,,
NM_002834.5(PTPN11):c.853T>C (p.Phe285Leu),PTPN11,"F285L, F284L",PTPN11-related disorder|Cardiovascular phenotype|not provided|RASopathy|Noonan syndrome|LEOPARD syndrome 1|Juvenile myelomonocytic leukemia|Metachondromatosis|Noonan syndrome 1|LEOPARD syndrome 1|Noonan syndrome 3|Noonan syndrome 1|Monogenic short statue|Metachondromatosis,VCV000040528,12,112910844,12,112473040,40528,48998,rs397507531,NC_000012.12:112473039:T:C,single nucleotide variant,missense variant,Pathogenic,"Dec 11, 2025","criteria provided, multiple submitters, no conflicts",,,,,,,
NM_002834.5(PTPN11):c.854T>C (p.Phe285Ser),PTPN11,"F285S, F284S",PTPN11-related disorder|Autosomal dominant PTPN11-related disorders|Noonan syndrome and Noonan-related syndrome|RASopathy|not provided|Non-immune hydrops fetalis|Noonan syndrome|Noonan syndrome 1|LEOPARD syndrome 1|Metachondromatosis|Pilocytic astrocytoma,VCV000013335,12,112915455,12,112477651,13335,28374,rs121918463,NC_000012.12:112477650:T:C,single nucleotide variant,missense variant,Pathogenic,"Feb 1, 2026","criteria provided, multiple submitters, no conflicts",Tier II - Potential,"Mar 1, 2023","criteria provided, single submitter",,,,
NM_002834.5(PTPN11):c.855T>G (p.Phe285Leu),PTPN11,"F285L, F284L",RASopathy|not provided|Noonan syndrome|Noonan syndrome 1|Noonan syndrome 3,VCV000044615,12,112915456,12,112477652,44615,53782,rs397516810,NC_000012.12:112477651:T:G,single nucleotide variant,missense variant,Pathogenic,"Nov 6, 2025","criteria provided, multiple submitters, no conflicts",,,,,,,
NM_002834.5(PTPN11):c.922A>G (p.Asn308Asp),PTPN11,"N308D, N307D","Noonan syndrome|Diffuse glioma, H3 G34 mutant",VCV000013326,12,112915523,12,112477719,13326,28365,rs28933386,NC_000012.12:112477718:A:G,single nucleotide variant,missense variant,Pathogenic,"Apr 3, 2017",reviewed by expert panel,Tier II - Potential,"Sep 27, 2023","criteria provided, single submitter",,,,
NM_002834.5(PTPN11):c.923A>G (p.Asn308Ser),PTPN11,"N308S, N307S",Noonan syndrome and Noonan-related syndrome|Autosomal dominant PTPN11-related disorders|PTPN11-related disorder|Cardiovascular phenotype|Metachondromatosis|Juvenile myelomonocytic leukemia|Noonan syndrome 1|LEOPARD syndrome 1|Noonan syndrome 1|LEOPARD syndrome 1|not provided|Noonan syndrome|RASopathy|LEOPARD syndrome 1|Noonan syndrome 3|Noonan syndrome 1|Neoplasm,VCV000013327,12,112915524,12,112477720,13327,28366,rs121918455,NC_000012.12:112477719:A:G,single nucleotide variant,missense variant,Pathogenic,"Apr 6, 2026","criteria provided, multiple submitters, no conflicts",,,,Likely oncogenic,"Mar 4, 2025","criteria provided, single submitter",
NM_002834.5(PTPN11):c.1381G>T (p.Ala461Ser),PTPN11,"A461S, A465S, A460S",not provided|RASopathy|LEOPARD syndrome 1|Noonan syndrome with multiple lentigines,VCV000040546,12,112926248,12,112488444,40546,49016,rs121918468,NC_000012.12:112488443:G:T,single nucleotide variant,missense variant,Pathogenic,"Aug 1, 2025","criteria provided, multiple submitters, no conflicts",,,,,,,
NM_002834.5(PTPN11):c.1381G>A (p.Ala461Thr),PTPN11,"A461T, A465T, A460T",RASopathy|Embryonal rhabdomyosarcoma,VCV000013342,12,112926248,12,112488444,13342,28381,rs121918468,NC_000012.12:112488443:G:A,single nucleotide variant,missense variant,Pathogenic,"Sep 9, 2025",reviewed by expert panel,Tier I - Strong,"May 16, 2024","criteria provided, single submitter",,,,
NM_002834.5(PTPN11):c.1391G>C (p.Gly464Ala),PTPN11,"G464A, G468A, G463A",RASopathy,VCV000013343,12,112926258,12,112488454,13343,28382,rs121918469,NC_000012.12:112488453:G:C,single nucleotide variant,missense variant,Pathogenic,"Dec 9, 2025",reviewed by expert panel,,,,,,,
NM_002834.5(PTPN11):c.1402A>C (p.Thr468Pro),PTPN11,"T468P, T472P, T467P",Cardiovascular phenotype|Noonan syndrome and Noonan-related syndrome|RASopathy|not provided|Noonan syndrome with multiple lentigines,VCV000040547,12,112926269,12,112488465,40547,49017,rs397507537,NC_000012.12:112488464:A:C,single nucleotide variant,missense variant,Pathogenic,"Dec 12, 2025","criteria provided, multiple submitters, no conflicts",,,,,,,
NM_002834.5(PTPN11):c.1403C>T (p.Thr468Met),PTPN11,"T468M, T472M, T467M",Noonan syndrome with multiple lentigines,VCV000013331,12,112926270,12,112488466,13331,28370,rs121918457,NC_000012.12:112488465:C:T,single nucleotide variant,missense variant,Pathogenic,"Apr 3, 2017",reviewed by expert panel,,,,,,,
NM_002834.5(PTPN11):c.1471C>T (p.Pro491Ser),PTPN11,"P491S, P495S, P490S",Noonan syndrome and Noonan-related syndrome|Noonan syndrome 1|LEOPARD syndrome 1|Juvenile myelomonocytic leukemia|Metachondromatosis|RASopathy|not provided|Noonan syndrome|Noonan syndrome 1,VCV000040550,12,112926851,12,112489047,40550,49020,rs397507539,NC_000012.12:112489046:C:T,single nucleotide variant,missense variant,Pathogenic,"Dec 1, 2025","criteria provided, multiple submitters, no conflicts",,,,,,,
NM_002834.5(PTPN11):c.1472C>T (p.Pro491Leu),PTPN11,"P491L, P495L, P490L",Noonan syndrome and Noonan-related syndrome|PTPN11-related disorder|Juvenile myelomonocytic leukemia|Metachondromatosis|LEOPARD syndrome 1|Noonan syndrome 1|not provided|RASopathy|Noonan syndrome|LEOPARD syndrome 1|Noonan syndrome 1,VCV000040552,12,112926852,12,112489048,40552,49022,rs397507540,NC_000012.12:112489047:C:T,single nucleotide variant,missense variant,Pathogenic,"Dec 17, 2025","criteria provided, multiple submitters, no conflicts",,,,,,,
NM_002834.5(PTPN11):c.1493G>T (p.Arg498Leu),PTPN11,"R498L, R502L, R497L",Noonan syndrome and Noonan-related syndrome|Cardiovascular phenotype|Noonan syndrome|Noonan syndrome with multiple lentigines|not provided|RASopathy|LEOPARD syndrome 1|Noonan syndrome with multiple lentigines|Noonan syndrome 1|Abnormal facial shape|Cafe-au-lait spot|Specific learning disability|Mild intellectual disability|Scoliosis,VCV000040554,12,112926873,12,112489069,40554,49024,rs397507542,NC_000012.12:112489068:G:T,single nucleotide variant,missense variant,Pathogenic,"Feb 23, 2026","criteria provided, multiple submitters, no conflicts",,,,,,,
NM_002834.5(PTPN11):c.1504T>G (p.Ser502Ala),PTPN11,"S502A, S506A, S501A",Cardiovascular phenotype|Autosomal dominant PTPN11-related disorders|RASopathy|not provided|Noonan syndrome|Juvenile myelomonocytic leukemia,VCV000040556,12,112926884,12,112489080,40556,49026,rs121918458,NC_000012.12:112489079:T:G,single nucleotide variant,missense variant,Pathogenic,"Sep 22, 2025","criteria provided, multiple submitters, no conflicts",,,,,,,
NM_002834.5(PTPN11):c.1504T>A (p.Ser502Thr),PTPN11,"S502T, S506T, S501T",Cardiovascular phenotype|Metachondromatosis|Juvenile myelomonocytic leukemia|Noonan syndrome 1|LEOPARD syndrome 1|not provided|Noonan syndrome|RASopathy|Noonan syndrome 1,VCV000013332,12,112926884,12,112489080,13332,28371,rs121918458,NC_000012.12:112489079:T:A,single nucleotide variant,missense variant,Pathogenic,"Feb 3, 2026","criteria provided, multiple submitters, no conflicts",,,,,,,
NM_002834.5(PTPN11):c.1505C>T (p.Ser502Leu),PTPN11,"S502L, S506L, S501L","RASopathy|not provided|Noonan syndrome|Noonan syndrome 1|Diffuse midline glioma, H3 K27M-mutant",VCV000040557,12,112926885,12,112489081,40557,49027,rs397507544,NC_000012.12:112489080:C:T,single nucleotide variant,missense variant,Pathogenic,"Mar 2, 2026","criteria provided, multiple submitters, no conflicts",Tier II - Potential,"Mar 14, 2023","criteria provided, single submitter",,,,
NM_002834.5(PTPN11):c.1507G>A (p.Gly503Arg),PTPN11,"G503R, G507R, G502R",Cardiovascular phenotype|Noonan syndrome and Noonan-related syndrome|RASopathy|LEOPARD syndrome 1|Juvenile myelomonocytic leukemia|Metachondromatosis|Noonan syndrome 1|LEOPARD syndrome 1|not provided|Juvenile myelomonocytic leukemia|Noonan syndrome|Noonan syndrome 1|Monogenic short statue|Metachondromatosis|Intellectual disability,VCV000040559,12,112926887,12,112489083,40559,49029,rs397507545,NC_000012.12:112489082:G:A,single nucleotide variant,missense variant,Pathogenic,"Jan 17, 2026","criteria provided, multiple submitters, no conflicts",,,,,,,
NM_002834.5(PTPN11):c.1507G>C (p.Gly503Arg),PTPN11,"G503R, G507R, G502R",Monogenic short statue|Neurodevelopmental disorder|Cardiovascular phenotype|Juvenile myelomonocytic leukemia|Metachondromatosis|LEOPARD syndrome 1|Noonan syndrome 1|not provided|RASopathy|Juvenile myelomonocytic leukemia|Noonan syndrome|Noonan syndrome 1,VCV000040558,12,112926887,12,112489083,40558,49028,rs397507545,NC_000012.12:112489082:G:C,single nucleotide variant,missense variant,Pathogenic,"Dec 29, 2025","criteria provided, multiple submitters, no conflicts",,,,,,,
NM_002834.5(PTPN11):c.1510A>G (p.Met504Val),PTPN11,"M504V, M508V, M503V",Noonan syndrome,VCV000040562,12,112926890,12,112489086,40562,49032,rs397507547,NC_000012.12:112489085:A:G,single nucleotide variant,missense variant,Pathogenic,"Apr 3, 2017",reviewed by expert panel,,,,,,,
NM_002834.5(PTPN11):c.1517A>C (p.Gln506Pro),PTPN11,"Q506P, Q510P, Q505P",RASopathy,VCV000040563,12,112926897,12,112489093,40563,49033,rs397507548,NC_000012.12:112489092:A:C,single nucleotide variant,missense variant,Pathogenic,"Sep 9, 2025",reviewed by expert panel,,,,,,,
NM_002834.5(PTPN11):c.1528C>G (p.Gln510Glu),PTPN11,"Q510E, Q514E, Q509E",PTPN11-related disorder|Cardiovascular phenotype|Autosomal dominant PTPN11-related disorders|Noonan syndrome|Noonan syndrome with multiple lentigines|not provided|RASopathy|Noonan syndrome 3|Noonan syndrome 1|See cases,VCV000040566,12,112926908,12,112489104,40566,49036,rs397507549,NC_000012.12:112489103:C:G,single nucleotide variant,missense variant,Pathogenic,"Oct 5, 2025","criteria provided, multiple submitters, no conflicts",,,,,,,
NM_002834.5(PTPN11):c.1529A>C (p.Gln510Pro),PTPN11,"Q510P, Q514P, Q509P",Noonan syndrome with multiple lentigines,VCV000013344,12,112926909,12,112489105,13344,28383,rs121918470,NC_000012.12:112489104:A:C,single nucleotide variant,missense variant,Pathogenic,"Apr 3, 2017",reviewed by expert panel,,,,,,,
NM_002834.5(PTPN11):c.1530G>T (p.Gln510His),PTPN11,"Q509H, Q510H, Q514H",not provided|not specified|PTPN11-related disorder|Noonan syndrome 1,VCV000811634,12,112926910,12,112489106,811634,799666,rs397507550,NC_000012.12:112489105:G:T,single nucleotide variant,missense variant,Pathogenic,"Apr 29, 2025","criteria provided, multiple submitters, no conflicts",,,,,,,
NM_002834.5(PTPN11):c.1530G>C (p.Gln510His),PTPN11,"Q510H, Q514H, Q509H",RASopathy|Embryonal rhabdomyosarcoma,VCV000040567,12,112926910,12,112489106,40567,49037,rs397507550,NC_000012.12:112489105:G:C,single nucleotide variant,missense variant,Pathogenic,"Apr 3, 2017",reviewed by expert panel,Tier I - Strong,"May 16, 2024","criteria provided, single submitter",,,,
NM_004004.6(GJB2):c.205T>C (p.Phe69Leu),GJB2,F69L,Noonan syndrome 1,VCV000804361,13,20763516,13,20189377,804361,792700,rs1593351503,NC_000013.11:20189376:A:G,single nucleotide variant,missense variant,Pathogenic,,"criteria provided, single submitter",,,,,,,
NM_002471.4(MYH6):c.4034T>C (p.Leu1345Pro),MYH6,L1345P,Hypertrophic cardiomyopathy 14,VCV002817839,14,23858209,14,23389000,2817839,2987480,rs2502153575,NC_000014.9:23388999:A:G,single nucleotide variant,missense variant,Pathogenic,"Mar 2, 2023","criteria provided, single submitter",,,,,,,
NM_002471.4(MYH6):c.1410+1G>A,MYH6,,"MYH6-related disorder|Hypertrophic cardiomyopathy 14|not provided|Heart, malformation of",VCV000561059,14,23869917,14,23400708,561059,552173,rs1566513862,NC_000014.9:23400707:C:T,single nucleotide variant,splice donor variant,Pathogenic,"May 16, 2025","criteria provided, multiple submitters, no conflicts",,,,,,,
NM_000257.4(MYH7):c.5594A>C (p.Gln1865Pro),MYH7,Q1865P,Hypertrophic cardiomyopathy,VCV000656887,14,23883277,14,23414068,656887,642256,rs1595070747,NC_000014.9:23414067:T:G,single nucleotide variant,missense variant,Pathogenic,"Nov 1, 2022","criteria provided, single submitter",,,,,,,
NM_000257.4(MYH7):c.5135G>A (p.Arg1712Gln),LOC126861897|MHRT|MYH7,R1712Q,Hypertrophic cardiomyopathy,VCV000036642,14,23884860,14,23415651,36642,45304,rs193922390,NC_000014.9:23415650:C:T,single nucleotide variant,non-coding transcript variant|missense variant,Pathogenic,"Dec 9, 2021",reviewed by expert panel,,,,,,,
NM_000257.4(MYH7):c.4937T>C (p.Leu1646Pro),LOC126861897|MYH7|MHRT,L1646P,Myosin storage myopathy|Hypertrophic cardiomyopathy,VCV000143214,14,23885229,14,23416020,143214,152932,rs587779393,NC_000014.9:23416019:A:G,single nucleotide variant,non-coding transcript variant|missense variant,Pathogenic,"Aug 18, 2025","criteria provided, multiple submitters, no conflicts",,,,,,,
NM_000257.4(MYH7):c.4790T>C (p.Leu1597Pro),LOC126861897|MHRT|MYH7,L1597P,Hypertrophic cardiomyopathy,VCV001075461,14,23885376,14,23416167,1075461,1063076,rs2138642164,NC_000014.9:23416166:A:G,single nucleotide variant,non-coding transcript variant|missense variant,Pathogenic,"May 28, 2025","criteria provided, single submitter",,,,,,,
NM_000257.4(MYH7):c.4598T>C (p.Leu1533Pro),MHRT|MYH7,L1533P,Hypertrophic cardiomyopathy,VCV002780272,14,23886123,14,23416914,2780272,2944012,rs2502248530,NC_000014.9:23416913:A:G,single nucleotide variant,missense variant,Pathogenic,"Jan 31, 2026","criteria provided, single submitter",,,,,,,
NM_000257.4(MYH7):c.4499G>C (p.Arg1500Pro),MYH7|MHRT,R1500P,not provided|Hypertrophic cardiomyopathy,VCV000014115,14,23886382,14,23417173,14115,29154,rs121913647,NC_000014.9:23417172:C:G,single nucleotide variant,missense variant,Pathogenic,"Apr 26, 2023","criteria provided, multiple submitters, no conflicts",,,,,,,
NM_000257.4(MYH7):c.4130C>T (p.Thr1377Met),MYH7,T1377M,Hypertrophic cardiomyopathy,VCV000042992,14,23887458,14,23418249,42992,52162,rs397516201,NC_000014.9:23418248:G:A,single nucleotide variant,missense variant,Pathogenic,"Nov 23, 2021",reviewed by expert panel,,,,,,,
NM_000257.4(MYH7):c.4066G>A (p.Glu1356Lys),MYH7,E1356K,Hypertrophic cardiomyopathy,VCV000164294,14,23887522,14,23418313,164294,175600,rs727503246,NC_000014.9:23418312:C:T,single nucleotide variant,missense variant,Pathogenic,"Nov 30, 2021",reviewed by expert panel,,,,,,,
NM_000257.4(MYH7):c.4048G>A (p.Glu1350Lys),MYH7,E1350K,Hypertrophic cardiomyopathy,VCV001407730,14,23887540,14,23418331,1407730,1506610,rs1316692489,NC_000014.9:23418330:C:T,single nucleotide variant,missense variant,Pathogenic,"Aug 28, 2023","criteria provided, single submitter",,,,,,,
NM_000257.4(MYH7):c.3622G>C (p.Asp1208His),MYH7,D1208H,Hypertrophic cardiomyopathy,VCV000181230,14,23889158,14,23419949,181230,179548,rs730880781,NC_000014.9:23419948:C:G,single nucleotide variant,missense variant,Pathogenic,"Jul 7, 2025","criteria provided, single submitter",,,,,,,
NM_000257.4(MYH7):c.3158G>A (p.Arg1053Gln),MYH7,R1053Q,Hypertrophic cardiomyopathy,VCV000155814,14,23891476,14,23422267,155814,165566,rs587782962,NC_000014.9:23422266:C:T,single nucleotide variant,missense variant,Pathogenic,"Nov 30, 2021",reviewed by expert panel,,,,,,,
NM_000257.4(MYH7):c.2803G>A (p.Glu935Lys),MYH7,E935K,Hypertrophic cardiomyopathy,VCV000014106,14,23893235,14,23424026,14106,29145,rs121913639,NC_000014.9:23424025:C:T,single nucleotide variant,missense variant,Pathogenic,"Jan 15, 2025","criteria provided, single submitter",,,,,,,
NM_000257.4(MYH7):c.2788G>A (p.Glu930Lys),MYH7,E930K,Cardiovascular phenotype|not provided|Hypertrophic cardiomyopathy,VCV000042933,14,23893250,14,23424041,42933,52103,rs397516171,NC_000014.9:23424040:C:T,single nucleotide variant,missense variant,Pathogenic,"Oct 19, 2025","criteria provided, multiple submitters, no conflicts",,,,,,,
NM_000257.4(MYH7):c.2722C>G (p.Leu908Val),MYH7,L908V,Hypertrophic cardiomyopathy,VCV000014097,14,23893316,14,23424107,14097,29136,rs121913631,NC_000014.9:23424106:G:C,single nucleotide variant,missense variant,Pathogenic,"Dec 15, 2016",reviewed by expert panel,,,,,,,
NM_000257.4(MYH7):c.2717A>G (p.Asp906Gly),MYH7,D906G,Hypertrophic cardiomyopathy,VCV000014125,14,23893321,14,23424112,14125,29164,rs267606908,NC_000014.9:23424111:T:C,single nucleotide variant,missense variant,Pathogenic,"Dec 15, 2016",reviewed by expert panel,,,,,,,
NM_000257.4(MYH7):c.2711G>A (p.Arg904His),MYH7,R904H,Primary dilated cardiomyopathy,VCV000042926,14,23893327,14,23424118,42926,52096,rs397516165,NC_000014.9:23424117:C:T,single nucleotide variant,missense variant,Pathogenic,"Sep 27, 2021",reviewed by expert panel,,,,,,,
NM_000257.4(MYH7):c.2710C>T (p.Arg904Cys),MYH7,R904C,Primary dilated cardiomyopathy,VCV000164316,14,23893328,14,23424119,164316,175612,rs727503253,NC_000014.9:23424118:G:A,single nucleotide variant,missense variant,Pathogenic,"Sep 27, 2021",reviewed by expert panel,,,,,,,
NM_000257.4(MYH7):c.2707G>C (p.Glu903Gln),MYH7,E903Q,Hypertrophic cardiomyopathy,VCV000939396,14,23893331,14,23424122,939396,936578,rs730880756,NC_000014.9:23424121:C:G,single nucleotide variant,missense variant,Pathogenic,"Nov 29, 2022","criteria provided, single submitter",,,,,,,
NM_000257.4(MYH7):c.2681A>G (p.Glu894Gly),MYH7,E894G,Hypertrophic cardiomyopathy,VCV000042922,14,23893357,14,23424148,42922,52092,rs397516161,NC_000014.9:23424147:T:C,single nucleotide variant,missense variant,Pathogenic,"Dec 15, 2016",reviewed by expert panel,,,,,,,
NM_000257.4(MYH7):c.2609G>A (p.Arg870His),LOC126861898|MYH7,R870H,Hypertrophic cardiomyopathy,VCV000014120,14,23894048,14,23424839,14120,29159,rs36211715,NC_000014.9:23424838:C:T,single nucleotide variant,missense variant,Pathogenic,"Dec 15, 2016",reviewed by expert panel,,,,,,,
NM_000257.4(MYH7):c.2539A>G (p.Lys847Glu),MYH7|LOC126861898,K847E,Hypertrophic cardiomyopathy,VCV000177757,14,23894118,14,23424909,177757,175619,rs727504310,NC_000014.9:23424908:T:C,single nucleotide variant,missense variant,Pathogenic,"Nov 30, 2021",reviewed by expert panel,,,,,,,
NM_000257.4(MYH7):c.2513C>T (p.Pro838Leu),LOC126861898|MYH7,P838L,Hypertrophic cardiomyopathy,VCV000042910,14,23894144,14,23424935,42910,52080,rs397516153,NC_000014.9:23424934:G:A,single nucleotide variant,missense variant,Pathogenic,"Nov 11, 2025",reviewed by expert panel,,,,,,,
NM_000257.4(MYH7):c.2411T>C (p.Leu804Pro),LOC126861898|MYH7,L804P,Hypertrophic cardiomyopathy,VCV000525035,14,23894503,14,23425294,525035,528116,rs1555337794,NC_000014.9:23425293:A:G,single nucleotide variant,missense variant,Pathogenic,"Jul 8, 2023","criteria provided, single submitter",,,,,,,
NM_000257.4(MYH7):c.2334C>A (p.Asp778Glu),LOC126861898|MYH7,D778E,Cardiovascular phenotype|not provided|Hypertrophic cardiomyopathy,VCV000188615,14,23894580,14,23425371,188615,186494,rs2069544,NC_000014.9:23425370:G:T,single nucleotide variant,missense variant,Pathogenic,"Dec 22, 2018","criteria provided, multiple submitters, no conflicts",,,,,,,
NM_000257.4(MYH7):c.2333A>G (p.Asp778Gly),LOC126861898|MYH7,D778G,Hypertrophic cardiomyopathy,VCV000014100,14,23894581,14,23425372,14100,29139,rs121913634,NC_000014.9:23425371:T:C,single nucleotide variant,missense variant,Pathogenic,"Sep 29, 2023","criteria provided, single submitter",,,,,,,
NM_000257.4(MYH7):c.2302G>C (p.Gly768Arg),LOC126861898|MYH7,G768R,Cardiovascular phenotype|not provided|Cardiomyopathy|Hypertrophic cardiomyopathy,VCV000181180,14,23894612,14,23425403,181180,179617,rs727503260,NC_000014.9:23425402:C:G,single nucleotide variant,missense variant,Pathogenic,"Jan 7, 2026","criteria provided, multiple submitters, no conflicts",,,,,,,
NM_000257.4(MYH7):c.2292C>G (p.Phe764Leu),LOC126861898|MYH7,F764L,Hypertrophic cardiomyopathy,VCV000014109,14,23894622,14,23425413,14109,29148,rs121913643,NC_000014.9:23425412:G:C,single nucleotide variant,missense variant,Pathogenic,"Jun 9, 2024","criteria provided, single submitter",,,,,,,
NM_000257.4(MYH7):c.2221G>T (p.Gly741Trp),MYH7,G741W,Hypertrophic cardiomyopathy,VCV000177665,14,23894969,14,23425760,177665,175480,rs121913632,NC_000014.9:23425759:C:A,single nucleotide variant,missense variant,Pathogenic,"Dec 15, 2016",reviewed by expert panel,,,,,,,
NM_000257.4(MYH7):c.2221G>C (p.Gly741Arg),MYH7,G741R,Hypertrophic cardiomyopathy,VCV000014098,14,23894969,14,23425760,14098,29137,rs121913632,NC_000014.9:23425759:C:G,single nucleotide variant,missense variant,Pathogenic,"Dec 15, 2016",reviewed by expert panel,,,,,,,
NM_000257.4(MYH7):c.2207T>C (p.Ile736Thr),MYH7,I736T,Hypertrophic cardiomyopathy,VCV000164342,14,23894983,14,23425774,164342,175481,rs727503261,NC_000014.9:23425773:A:G,single nucleotide variant,missense variant,Pathogenic,"Dec 15, 2016",reviewed by expert panel,,,,,,,
NM_000257.4(MYH7):c.2185G>C (p.Ala729Pro),MYH7,A729P,Hypertrophic cardiomyopathy 1,VCV003901153,14,23895005,14,23425796,3901153,4016997,,NC_000014.9:23425795:C:G,single nucleotide variant,missense variant,Pathogenic,"May 27, 2025","criteria provided, single submitter",,,,,,,
NM_000257.4(MYH7):c.2167C>G (p.Arg723Gly),MYH7,R723G,Hypertrophic cardiomyopathy,VCV000042885,14,23895023,14,23425814,42885,52055,rs121913630,NC_000014.9:23425813:G:C,single nucleotide variant,missense variant,Pathogenic,"Dec 15, 2016",reviewed by expert panel,,,,,,,
NM_000257.4(MYH7):c.2167C>T (p.Arg723Cys),MYH7,R723C,Hypertrophic cardiomyopathy,VCV000014095,14,23895023,14,23425814,14095,29134,rs121913630,NC_000014.9:23425813:G:A,single nucleotide variant,missense variant,Pathogenic,"Dec 15, 2016",reviewed by expert panel,,,,,,,
NM_000257.4(MYH7):c.2156G>A (p.Arg719Gln),MYH7,R719Q,Hypertrophic cardiomyopathy,VCV000014107,14,23895179,14,23425970,14107,29146,rs121913641,NC_000014.9:23425969:C:T,single nucleotide variant,missense variant,Pathogenic,"Dec 15, 2016",reviewed by expert panel,,,,,,,
NM_000257.4(MYH7):c.2155C>T (p.Arg719Trp),MYH7,R719W,Hypertrophic cardiomyopathy,VCV000014104,14,23895180,14,23425971,14104,29143,rs121913637,NC_000014.9:23425970:G:A,single nucleotide variant,missense variant,Pathogenic,"Dec 15, 2016",reviewed by expert panel,,,,,,,
NM_000257.4(MYH7):c.2150A>G (p.Asp717Gly),MYH7,D717G,Hypertrophic cardiomyopathy,VCV002736084,14,23895185,14,23425976,2736084,2899076,rs2502289272,NC_000014.9:23425975:T:C,single nucleotide variant,missense variant,Pathogenic,"Jan 26, 2023","criteria provided, single submitter",,,,,,,
NM_000257.4(MYH7):c.2150A>C (p.Asp717Ala),MYH7,D717A,Cardiovascular phenotype,VCV001786737,14,23895185,14,23425976,1786737,1844106,rs2502289272,NC_000014.9:23425975:T:G,single nucleotide variant,missense variant,Pathogenic,"Feb 22, 2021","criteria provided, single submitter",,,,,,,
NM_000257.4(MYH7):c.2146G>C (p.Gly716Arg),MYH7,G716R,not provided|Hypertrophic cardiomyopathy,VCV000847327,14,23895189,14,23425980,847327,841298,rs121913638,NC_000014.9:23425979:C:G,single nucleotide variant,missense variant,Pathogenic,"Aug 25, 2025","criteria provided, multiple submitters, no conflicts",,,,,,,
NM_000257.4(MYH7):c.2146G>A (p.Gly716Arg),MYH7,G716R,Hypertrophic cardiomyopathy,VCV000014105,14,23895189,14,23425980,14105,29144,rs121913638,NC_000014.9:23425979:C:T,single nucleotide variant,missense variant,Pathogenic,"Dec 15, 2016",reviewed by expert panel,,,,,,,
NM_000257.4(MYH7):c.2134C>A (p.Arg712Ser),MYH7,R712S,Hypertrophic cardiomyopathy,VCV000841613,14,23895201,14,23425992,841613,841300,rs749007293,NC_000014.9:23425991:G:T,single nucleotide variant,missense variant,Pathogenic,"Jul 23, 2024","criteria provided, single submitter",,,,,,,
NM_000257.4(MYH7):c.1988G>A (p.Arg663His),MYH7,R663H,Hypertrophic cardiomyopathy,VCV000042875,14,23896042,14,23426833,42875,52045,rs371898076,NC_000014.9:23426832:C:T,single nucleotide variant,missense variant,Pathogenic,"Dec 15, 2016",reviewed by expert panel,,,,,,,
NM_000257.4(MYH7):c.1955G>A (p.Arg652Lys),MYH7,R652K,Cardiovascular phenotype,VCV001783295,14,23896450,14,23427241,1783295,1843240,rs2502294654,NC_000014.9:23427240:C:T,single nucleotide variant,missense variant,Pathogenic,"Apr 13, 2022","criteria provided, single submitter",,,,,,,
NM_000257.4(MYH7):c.1954A>G (p.Arg652Gly),MYH7,R652G,Cardiovascular phenotype|not provided|Cardiomyopathy|Hypertrophic cardiomyopathy 1|Primary familial hypertrophic cardiomyopathy|Hypertrophic cardiomyopathy,VCV000177626,14,23896451,14,23427242,177626,175632,rs727504239,NC_000014.9:23427241:T:C,single nucleotide variant,missense variant,Pathogenic,"Jan 14, 2026","criteria provided, multiple submitters, no conflicts",,,,,,,
NM_000257.4(MYH7):c.1833G>C (p.Lys611Asn),MYH7,K611N,Hypertrophic cardiomyopathy 1,VCV003775810,14,23896849,14,23427640,3775810,3891957,,NC_000014.9:23427639:C:G,single nucleotide variant,missense variant,Pathogenic,"Feb 15, 2024","criteria provided, single submitter",,,,,,,
NM_000257.4(MYH7):c.1816G>A (p.Val606Met),MYH7,V606M,"Myosin storage myopathy|Cardiovascular phenotype|not provided|Cardiomyopathy|Myopathy, myosin storage, autosomal recessive|MYH7-related skeletal myopathy|Hypertrophic cardiomyopathy 1|Dilated cardiomyopathy 1S|Primary familial hypertrophic cardiomyopathy|Hypertrophic cardiomyopathy",VCV000014091,14,23896866,14,23427657,14091,29130,rs121913627,NC_000014.9:23427656:C:T,single nucleotide variant,missense variant,Pathogenic,"Jan 9, 2026","criteria provided, multiple submitters, no conflicts",,,,,,,
NM_000257.4(MYH7):c.1810A>G (p.Thr604Ala),MYH7,T604A,not provided,VCV000429741,14,23896872,14,23427663,429741,421983,rs1131691562,NC_000014.9:23427662:T:C,single nucleotide variant,missense variant,Pathogenic,"Sep 28, 2015","criteria provided, single submitter",,,,,,,
NM_000257.4(MYH7):c.1801C>T (p.Leu601Phe),MYH7,L601F,Hypertrophic cardiomyopathy,VCV000574861,14,23896881,14,23427672,574861,567932,rs1131691685,NC_000014.9:23427671:G:A,single nucleotide variant,missense variant,Pathogenic,"Nov 3, 2025","criteria provided, single submitter",,,,,,,
NM_000257.4(MYH7):c.1750G>C (p.Gly584Arg),MYH7,G584R,Hypertrophic cardiomyopathy,VCV000014090,14,23896932,14,23427723,14090,29129,rs121913626,NC_000014.9:23427722:C:G,single nucleotide variant,missense variant,Pathogenic,"Dec 15, 2016",reviewed by expert panel,,,,,,,
NM_000257.4(MYH7):c.1711G>C (p.Gly571Arg),MYH7,G571R,Hypertrophic cardiomyopathy,VCV000656014,14,23896971,14,23427762,656014,642299,rs730880879,NC_000014.9:23427761:C:G,single nucleotide variant,missense variant,Pathogenic,"Nov 29, 2022","criteria provided, single submitter",,,,,,,
NM_000257.4(MYH7):c.1594T>C (p.Ser532Pro),MYH7,S532P,Primary dilated cardiomyopathy,VCV000014108,14,23897088,14,23427879,14108,29147,rs121913642,NC_000014.9:23427878:A:G,single nucleotide variant,missense variant,Pathogenic,"Dec 15, 2016",reviewed by expert panel,,,,,,,
NM_000257.4(MYH7):c.1544T>G (p.Met515Arg),MYH7,M515R,Hypertrophic cardiomyopathy,VCV000407187,14,23897743,14,23428534,407187,399776,rs863224900,NC_000014.9:23428533:A:C,single nucleotide variant,missense variant,Pathogenic,"Jan 29, 2024","criteria provided, single submitter",,,,,,,
NM_000257.4(MYH7):c.1538T>G (p.Phe513Cys),MYH7,F513C,Hypertrophic cardiomyopathy 1,VCV000014103,14,23897749,14,23428540,14103,29142,rs121913636,NC_000014.9:23428539:A:C,single nucleotide variant,missense variant,Pathogenic,"Jan 1, 2007",no assertion criteria provided,,,,,,,
NM_000257.4(MYH7):c.1400T>A (p.Ile467Asn),MYH7,I467N,Hypertrophic cardiomyopathy,VCV000619263,14,23898171,14,23428962,619263,610672,rs730880872,NC_000014.9:23428961:A:T,single nucleotide variant,missense variant,Pathogenic,"Oct 31, 2018","criteria provided, single submitter",,,,,,,
NM_000257.4(MYH7):c.1358G>A (p.Arg453His),MYH7,R453H,Hypertrophic cardiomyopathy,VCV000042838,14,23898213,14,23429004,42838,52008,rs397516101,NC_000014.9:23429003:C:T,single nucleotide variant,missense variant,Pathogenic,"Dec 15, 2016",reviewed by expert panel,,,,,,,
NM_000257.4(MYH7):c.1357C>A (p.Arg453Ser),MYH7,R453S,Hypertrophic cardiomyopathy,VCV000014129,14,23898214,14,23429005,14129,29168,rs121913625,NC_000014.9:23429004:G:T,single nucleotide variant,missense variant,Pathogenic,"Jun 16, 2021",reviewed by expert panel,,,,,,,
NM_000257.4(MYH7):c.1357C>T (p.Arg453Cys),MYH7,R453C,Hypertrophic cardiomyopathy,VCV000014089,14,23898214,14,23429005,14089,29128,rs121913625,NC_000014.9:23429004:G:A,single nucleotide variant,missense variant,Pathogenic,"Dec 15, 2016",reviewed by expert panel,,,,,,,
NM_000257.4(MYH7):c.1350G>T (p.Lys450Asn),MYH7,K450N,Hypertrophic cardiomyopathy 1,VCV001687316,14,23898221,14,23429012,1687316,1679609,rs1555338319,NC_000014.9:23429011:C:A,single nucleotide variant,missense variant,Pathogenic,"Jan 22, 2025","criteria provided, single submitter",,,,,,,
NM_000257.4(MYH7):c.1208G>T (p.Arg403Leu),MYH7,R403L,Cardiovascular phenotype|not provided|Hypertrophic cardiomyopathy,VCV000014101,14,23898487,14,23429278,14101,29140,rs121913624,NC_000014.9:23429277:C:A,single nucleotide variant,missense variant,Pathogenic,"Mar 23, 2025","criteria provided, multiple submitters, no conflicts",,,,,,,
NM_000257.4(MYH7):c.1208G>A (p.Arg403Gln),MYH7,R403Q,Hypertrophic cardiomyopathy,VCV000014087,14,23898487,14,23429278,14087,29126,rs121913624,NC_000014.9:23429277:C:T,single nucleotide variant,missense variant,Pathogenic,"Dec 15, 2016",reviewed by expert panel,,,,,,,
NM_000257.4(MYH7):c.1207C>T (p.Arg403Trp),MYH7,R403W,Hypertrophic cardiomyopathy,VCV000014102,14,23898488,14,23429279,14102,29141,rs3218714,NC_000014.9:23429278:G:A,single nucleotide variant,missense variant,Pathogenic,"Dec 15, 2016",reviewed by expert panel,,,,,,,
NM_000257.4(MYH7):c.1159C>T (p.Leu387Phe),MYH7,L387F,Hypertrophic cardiomyopathy,VCV000524975,14,23898536,14,23429327,524975,528463,rs1555338378,NC_000014.9:23429326:G:A,single nucleotide variant,missense variant,Pathogenic,"Mar 23, 2023","criteria provided, single submitter",,,,,,,
NM_000257.4(MYH7):c.1145A>G (p.Asp382Gly),MYH7,D382G,Hypertrophic cardiomyopathy,VCV000575443,14,23898550,14,23429341,575443,568838,rs1566535491,NC_000014.9:23429340:T:C,single nucleotide variant,missense variant,Pathogenic,"Dec 1, 2025","criteria provided, single submitter",,,,,,,
NM_000257.4(MYH7):c.788T>C (p.Ile263Thr),MYH7,I263T,Hypertrophic cardiomyopathy,VCV000043106,14,23900635,14,23431426,43106,52276,rs397516269,NC_000014.9:23431425:A:G,single nucleotide variant,missense variant,Pathogenic,"Dec 15, 2016",reviewed by expert panel,,,,,,,
NM_000257.4(MYH7):c.767G>A (p.Gly256Glu),MYH7,G256E,Cardiovascular phenotype|not provided|Hypertrophic cardiomyopathy 1|Hypertrophic cardiomyopathy,VCV000014099,14,23900656,14,23431447,14099,29138,rs121913633,NC_000014.9:23431446:C:T,single nucleotide variant,missense variant,Pathogenic,"Nov 27, 2024","criteria provided, multiple submitters, no conflicts",,,,,,,
NM_000257.4(MYH7):c.761C>A (p.Ala254Glu),MYH7,A254E,Hypertrophic cardiomyopathy,VCV000237444,14,23900662,14,23431453,237444,241824,rs878853842,NC_000014.9:23431452:G:T,single nucleotide variant,missense variant,Pathogenic,"Nov 23, 2016","criteria provided, single submitter",,,,,,,
NM_000257.4(MYH7):c.746G>C (p.Arg249Pro),MYH7,R249P,Hypertrophic cardiomyopathy,VCV002853260,14,23900677,14,23431468,2853260,3016732,rs3218713,NC_000014.9:23431467:C:G,single nucleotide variant,missense variant,Pathogenic,"Jun 11, 2025","criteria provided, single submitter",,,,,,,
NM_000257.4(MYH7):c.732+2T>C,MYH7,,Hypertrophic cardiomyopathy,VCV003354701,14,23900792,14,23431583,3354701,3513922,,NC_000014.9:23431582:A:G,single nucleotide variant,splice donor variant,Pathogenic,"Jan 15, 2025","criteria provided, single submitter",,,,,,,
NM_000257.4(MYH7):c.732+2T>G,MYH7,,Hypertrophic cardiomyopathy,VCV000454395,14,23900792,14,23431583,454395,464185,rs1555338658,NC_000014.9:23431582:A:C,single nucleotide variant,splice donor variant,Pathogenic,"Apr 1, 2022","criteria provided, single submitter",,,,,,,
NM_000257.4(MYH7):c.728G>C (p.Arg243Pro),MYH7,R243P,Hypertrophic cardiomyopathy,VCV003338334,14,23900798,14,23431589,3338334,3496996,,NC_000014.9:23431588:C:G,single nucleotide variant,missense variant,Pathogenic,"Mar 1, 2024","criteria provided, single submitter",,,,,,,
NM_000257.4(MYH7):c.495G>A (p.Met165Ile),MYH7,M165I,Hypertrophic cardiomyopathy,VCV000524948,14,23901855,14,23432646,524948,528604,rs1555338758,NC_000014.9:23432645:C:T,single nucleotide variant,missense variant,Pathogenic,"Aug 21, 2025","criteria provided, single submitter",,,,,,,
NM_000257.4(MYH7):c.427C>T (p.Arg143Trp),MYH7,R143W,Hypertrophic cardiomyopathy,VCV000164401,14,23901923,14,23432714,164401,175658,rs727503278,NC_000014.9:23432713:G:A,single nucleotide variant,missense variant,Pathogenic,"Nov 13, 2025",reviewed by expert panel,,,,,,,
NM_000257.4(MYH7):c.415G>C (p.Val139Leu),MYH7,V139L,Hypertrophic cardiomyopathy,VCV002840901,14,23901935,14,23432726,2840901,2996889,rs2138684666,NC_000014.9:23432725:C:G,single nucleotide variant,missense variant,Pathogenic,"Mar 9, 2023","criteria provided, single submitter",,,,,,,
NM_001099274.3(TINF2):c.845G>A (p.Arg282His),TINF2,"R282H, R247H","Dyskeratosis congenita, autosomal dominant 3|Dyskeratosis congenita, autosomal dominant 1|Revesz syndrome|not provided|Dyskeratosis congenita|Dyskeratosis congenita, autosomal dominant 3|Hypertrophic cardiomyopathy 1",VCV000005625,14,24709841,14,24240635,5625,20664,rs121918544,NC_000014.9:24240634:C:T,single nucleotide variant,missense variant,Pathogenic,"Sep 18, 2025","criteria provided, multiple submitters, no conflicts",,,,,,,
NM_006939.4(SOS2):c.1291G>A (p.Glu431Lys),SOS2,"E431K, E398K",Noonan syndrome 9,VCV002039738,14,50626710,14,50159992,2039738,2091200,rs2502991901,NC_000014.9:50159991:C:T,single nucleotide variant,missense variant,Pathogenic,"Mar 14, 2022","criteria provided, single submitter",,,,,,,
NM_006939.4(SOS2):c.1127C>G (p.Thr376Ser),SOS2,T376S,Noonan syndrome 9|not provided,VCV000209091,14,50628269,14,50161551,209091,205688,rs869320687,NC_000014.9:50161550:G:C,single nucleotide variant,missense variant,Pathogenic,"Jan 28, 2026","criteria provided, multiple submitters, no conflicts",,,,,,,
NM_006939.4(SOS2):c.1126A>T (p.Thr376Ser),SOS2,T376S,Noonan syndrome 9,VCV000684625,14,50628270,14,50161552,684625,672276,rs1594982548,NC_000014.9:50161551:T:A,single nucleotide variant,missense variant,Pathogenic,"Apr 20, 2023","criteria provided, single submitter",,,,,,,
NM_006939.4(SOS2):c.800T>C (p.Met267Thr),SOS2,M267T,Noonan syndrome 9|not provided,VCV000373114,14,50649239,14,50182521,373114,360159,rs797045167,NC_000014.9:50182520:A:G,single nucleotide variant,missense variant,Pathogenic,"Jun 24, 2023","criteria provided, multiple submitters, no conflicts",,,,,,,
NM_006939.4(SOS2):c.791C>G (p.Thr264Arg),SOS2,T264R,Noonan syndrome 9,VCV000974590,14,50649248,14,50182530,974590,962888,rs1595001710,NC_000014.9:50182529:G:C,single nucleotide variant,missense variant,Pathogenic,"Jul 17, 2023","criteria provided, multiple submitters, no conflicts",,,,,,,
NM_002863.5(PYGL):c.2426C>T (p.Ser809Leu),PYGL,"S775L, S809L","Glycogen storage disease, type VI",VCV000653702,14,51372228,14,50905510,653702,642497,rs760187622,NC_000014.9:50905509:G:A,single nucleotide variant,missense variant,Pathogenic,"Sep 2, 2025","criteria provided, multiple submitters, no conflicts",,,,,,,
NM_002863.5(PYGL):c.1768+1G>A,PYGL,,"not provided|Glycogen storage disease, type VI",VCV000011992,14,51378873,14,50912155,11992,27031,rs113993982,NC_000014.9:50912154:C:T,single nucleotide variant,splice donor variant,Pathogenic,"Aug 1, 2025","criteria provided, multiple submitters, no conflicts",,,,,,,
NM_002863.5(PYGL):c.1726C>T (p.Arg576Ter),PYGL,"R542*, R576*","Glycogen storage disease, type VI",VCV001076414,14,51378916,14,50912198,1076414,1063109,rs774646420,NC_000014.9:50912197:G:A,single nucleotide variant,nonsense,Pathogenic,"Mar 23, 2023","criteria provided, single submitter",,,,,,,
NM_002863.5(PYGL):c.1620+1G>C,PYGL,,"Glycogen storage disease, type VI",VCV000998110,14,51379746,14,50913028,998110,985841,rs113993981,NC_000014.9:50913027:C:G,single nucleotide variant,splice donor variant,Pathogenic,"Dec 27, 2024","criteria provided, multiple submitters, no conflicts",,,,,,,
NM_002863.5(PYGL):c.1620+1G>T,PYGL,,"Glycogen storage disease, type VI",VCV000849156,14,51379746,14,50913028,849156,852745,rs113993981,NC_000014.9:50913027:C:A,single nucleotide variant,splice donor variant,Pathogenic,"Feb 23, 2019","criteria provided, single submitter",,,,,,,
NM_002863.5(PYGL):c.1475G>A (p.Trp492Ter),PYGL,"W458*, W492*","Glycogen storage disease, type VI|not provided",VCV001935779,14,51381462,14,50914744,1935779,1989490,rs1042609342,NC_000014.9:50914743:C:T,single nucleotide variant,nonsense,Pathogenic,"Sep 18, 2024","criteria provided, multiple submitters, no conflicts",,,,,,,
NM_002863.5(PYGL):c.1404-1G>A,PYGL,,"Glycogen storage disease, type VI",VCV001686118,14,51381534,14,50914816,1686118,1678129,rs750567664,NC_000014.9:50914815:C:T,single nucleotide variant,splice acceptor variant,Pathogenic,"May 4, 2022","criteria provided, single submitter",,,,,,,
NM_002863.5(PYGL):c.1228A>T (p.Lys410Ter),PYGL,"K410*, K376*","Glycogen storage disease, type VI",VCV002815716,14,51382554,14,50915836,2815716,2966552,rs2503498157,NC_000014.9:50915835:T:A,single nucleotide variant,nonsense,Pathogenic,"Nov 23, 2022","criteria provided, single submitter",,,,,,,
NM_002863.5(PYGL):c.1195C>T (p.Arg399Ter),PYGL,"R399*, R365*",not provided,VCV000021327,14,51382587,14,50915869,21327,34179,rs113993978,NC_000014.9:50915868:G:A,single nucleotide variant,nonsense,Pathogenic,"Dec 13, 2023","criteria provided, single submitter",,,,,,,
NM_002863.5(PYGL):c.1131C>G (p.Asn377Lys),PYGL,"N377K, N343K","Glycogen storage disease, type VI",VCV000011995,14,51382651,14,50915933,11995,27034,rs113993977,NC_000014.9:50915932:G:C,single nucleotide variant,missense variant,Pathogenic,"Apr 1, 1998",no assertion criteria provided,,,,,,,
NM_002863.5(PYGL):c.1016A>G (p.Asn339Ser),PYGL,"N339S, N305S","Glycogen storage disease, type VI",VCV000038367,14,51383436,14,50916718,38367,38457,rs113993976,NC_000014.9:50916717:T:C,single nucleotide variant,missense variant,Pathogenic,"Apr 1, 1998",no assertion criteria provided,,,,,,,
NM_002863.5(PYGL):c.808C>T (p.Arg270Ter),PYGL,"R236*, R270*","Glycogen storage disease, type VI",VCV003720984,14,51387306,14,50920588,3720984,3856785,,NC_000014.9:50920587:G:A,single nucleotide variant,nonsense,Pathogenic,"Dec 3, 2024","criteria provided, single submitter",,,,,,,
NM_002863.5(PYGL):c.730C>T (p.Leu244Phe),PYGL,"L210F, L244F","Glycogen storage disease, type VI",VCV003385228,14,51387716,14,50920998,3385228,3544370,,NC_000014.9:50920997:G:A,single nucleotide variant,missense variant,Pathogenic,"Oct 30, 2024","criteria provided, single submitter",,,,,,,
NM_002863.5(PYGL):c.698G>A (p.Gly233Asp),PYGL,"G233D, G199D","Glycogen storage disease, type VI",VCV000021339,14,51387748,14,50921030,21339,34191,rs113993975,NC_000014.9:50921029:C:T,single nucleotide variant,missense variant,Pathogenic,"Aug 21, 2025","criteria provided, single submitter",,,,,,,
NM_002863.5(PYGL):c.647G>A (p.Trp216Ter),PYGL,"W216*, W182*","Glycogen storage disease, type VI",VCV001987284,14,51390700,14,50923982,1987284,2043826,rs2503512754,NC_000014.9:50923981:C:T,single nucleotide variant,nonsense,Pathogenic,"Oct 5, 2022","criteria provided, single submitter",,,,,,,
NM_002863.5(PYGL):c.529-1G>C,PYGL,,"Glycogen storage disease, type VI",VCV000011993,14,51390819,14,50924101,11993,27032,rs113993974,NC_000014.9:50924100:C:G,single nucleotide variant,splice acceptor variant,Pathogenic,"Apr 1, 1998",no assertion criteria provided,,,,,,,
NM_002863.5(PYGL):c.528+2T>C,PYGL,,"Glycogen storage disease, type VI",VCV001029651,14,51398389,14,50931671,1029651,1017801,rs1243388778,NC_000014.9:50931670:A:G,single nucleotide variant,splice donor variant,Pathogenic,"Feb 3, 2020","criteria provided, single submitter",,,,,,,
NM_002863.5(PYGL):c.528+1G>A,PYGL,,"Glycogen storage disease, type VI",VCV002627510,14,51398390,14,50931672,2627510,2795027,rs1170047320,NC_000014.9:50931671:C:T,single nucleotide variant,splice donor variant,Pathogenic,,"criteria provided, single submitter",,,,,,,
NM_002863.5(PYGL):c.514C>T (p.Arg172Ter),PYGL,"R172*, R138*","Glycogen storage disease, type VI",VCV001988522,14,51398405,14,50931687,1988522,2047670,rs2050602182,NC_000014.9:50931686:G:A,single nucleotide variant,nonsense,Pathogenic,"May 15, 2022","criteria provided, single submitter",,,,,,,
NM_002863.5(PYGL):c.280C>T (p.Arg94Ter),PYGL,R94*,"Glycogen storage disease, type VI",VCV000021337,14,51404519,14,50937801,21337,34189,rs113993973,NC_000014.9:50937800:G:A,single nucleotide variant,nonsense|intron variant,Pathogenic,"Feb 7, 2024","criteria provided, multiple submitters, no conflicts",,,,,,,
NM_002863.5(PYGL):c.217C>T (p.Gln73Ter),PYGL,Q73*,"Glycogen storage disease, type VI",VCV004771897,14,51410905,14,50944187,4771897,4884311,,NC_000014.9:50944186:G:A,single nucleotide variant,nonsense,Pathogenic,"Dec 23, 2025","criteria provided, single submitter",,,,,,,
NM_002863.5(PYGL):c.72C>A (p.Asn24Lys),PYGL,N24K,"Glycogen storage disease, type VI",VCV000998111,14,51411050,14,50944332,998111,985842,rs1375868904,NC_000014.9:50944331:G:T,single nucleotide variant,missense variant,Pathogenic,"Aug 27, 2020","criteria provided, single submitter",,,,,,,
NM_005159.5(ACTC1):c.997G>C (p.Ala333Pro),ACTC1|GJD2-DT,A333P,Atrial septal defect 5|Dilated cardiomyopathy 1R|Hypertrophic cardiomyopathy 11,VCV000018329,15,35082750,15,34790549,18329,33368,rs267606629,NC_000015.10:34790548:C:G,single nucleotide variant,missense variant,Pathogenic,"Nov 27, 2019","criteria provided, single submitter",,,,,,,
NM_005159.5(ACTC1):c.889G>T (p.Ala297Ser),ACTC1|GJD2-DT,A297S,Atrial septal defect 5|Dilated cardiomyopathy 1R|Hypertrophic cardiomyopathy 11,VCV000018325,15,35083416,15,34791215,18325,33364,rs121912675,NC_000015.10:34791214:C:A,single nucleotide variant,missense variant,Pathogenic,"Jan 6, 2025","criteria provided, single submitter",,,,,,,
NM_005159.5(ACTC1):c.301G>A (p.Glu101Lys),ACTC1|GJD2-DT,E101K,Hypertrophic cardiomyopathy,VCV000018331,15,35085599,15,34793398,18331,33370,rs193922680,NC_000015.10:34793397:C:T,single nucleotide variant,missense variant,Pathogenic,"Nov 14, 2025",reviewed by expert panel,,,,,,,
NM_016013.4(NDUFAF1):c.619A>C (p.Thr207Pro),NDUFAF1,T207P,"Mitochondrial complex I deficiency, nuclear type 11",VCV000030622,15,41687197,15,41394999,30622,39579,rs387906956,NC_000015.10:41394998:T:G,single nucleotide variant,missense variant|non-coding transcript variant,Pathogenic,"Jul 11, 2007",no assertion criteria provided,,,,,,,
NM_001018005.2(TPM1):c.523G>A (p.Asp175Asn),TPM1,"D175N, D139N, D217N",Cardiovascular phenotype|not provided|Cardiomyopathy|Hypertrophic cardiomyopathy 3|Dilated cardiomyopathy 1Y|Primary dilated cardiomyopathy|Primary familial hypertrophic cardiomyopathy|Hypertrophic cardiomyopathy,VCV000012456,15,63353098,15,63060899,12456,27495,rs104894503,NC_000015.10:63060898:G:A,single nucleotide variant,missense variant,Pathogenic,"Jan 31, 2026","criteria provided, multiple submitters, no conflicts",,,,,,,
NM_001018005.2(TPM1):c.539A>G (p.Glu180Gly),TPM1,"E180G, E222G, E144G",not provided|Hypertrophic cardiomyopathy,VCV000012455,15,63353114,15,63060915,12455,27494,rs104894502,NC_000015.10:63060914:A:G,single nucleotide variant,missense variant,Pathogenic,"Feb 3, 2023","criteria provided, multiple submitters, no conflicts",,,,,,,
NM_001018005.2(TPM1):c.553C>T (p.Leu185Phe),TPM1,"L185F, L149F, L227F",Hypertrophic cardiomyopathy,VCV004763869,15,63353128,15,63060929,4763869,4878611,,NC_000015.10:63060928:C:T,single nucleotide variant,missense variant|non-coding transcript variant,Pathogenic,"Jul 27, 2025","criteria provided, single submitter",,,,,,,
NM_001018005.2(TPM1):c.688G>A (p.Asp230Asn),TPM1,"D230N, D194N, D272N",TPM1-related disorder|Dilated cardiomyopathy 1Y|Hypertrophic cardiomyopathy 3|not provided|Primary dilated cardiomyopathy|Hypertrophic cardiomyopathy,VCV000031884,15,63354462,15,63062263,31884,40544,rs199476317,NC_000015.10:63062262:G:A,single nucleotide variant,missense variant,Pathogenic,"Nov 28, 2025","criteria provided, multiple submitters, no conflicts",,,,,,,
NM_001018005.2(TPM1):c.710C>G (p.Thr237Ser),TPM1,"T201S, T237S, T279S",Hypertrophic cardiomyopathy,VCV001067773,15,63354782,15,63062583,1067773,1056247,rs2140974070,NC_000015.10:63062582:C:G,single nucleotide variant,missense variant,Pathogenic,"Jun 17, 2024","criteria provided, single submitter",,,,,,,
NM_002755.4(MAP2K1):c.124C>T (p.Leu42Phe),MAP2K1,L42F,RASopathy,VCV000044587,15,66727408,15,66435070,44587,53754,rs397516789,NC_000015.10:66435069:C:T,single nucleotide variant,missense variant,Pathogenic,"Feb 11, 2026",reviewed by expert panel,,,,,,,
NM_002755.4(MAP2K1):c.199G>A (p.Asp67Asn),MAP2K1,D67N,Cardio-facio-cutaneous syndrome|Embryonal rhabdomyosarcoma,VCV000040781,15,66727483,15,66435145,40781,49251,rs727504317,NC_000015.10:66435144:G:A,single nucleotide variant,missense variant,Pathogenic,"May 9, 2017",reviewed by expert panel,Tier II - Potential,"Mar 26, 2024","criteria provided, single submitter",,,,
NM_002755.4(MAP2K1):c.275T>G (p.Leu92Arg),MAP2K1,L92R,RASopathy,VCV000044588,15,66727559,15,66435221,44588,53755,rs397516791,NC_000015.10:66435220:T:G,single nucleotide variant,missense variant,Pathogenic,"Sep 17, 2024",reviewed by expert panel,,,,,,,
NM_002755.4(MAP2K1):c.305A>G (p.Glu102Gly),MAP2K1,,RASopathy,VCV000190378,15,66729097,15,66436759,190378,188202,rs797044593,NC_000015.10:66436758:A:G,single nucleotide variant,missense variant,Pathogenic,"Nov 5, 2024","criteria provided, single submitter",,,,,,,
NM_002755.4(MAP2K1):c.364A>G (p.Asn122Asp),MAP2K1,N122D,RASopathy,VCV000228273,15,66729156,15,66436818,228273,230599,rs876657651,NC_000015.10:66436817:A:G,single nucleotide variant,missense variant,Pathogenic,"Mar 16, 2020",reviewed by expert panel,,,,,,,
NM_002755.4(MAP2K1):c.370C>T (p.Pro124Ser),MAP2K1,P124S,RASopathy|Metastatic melanoma,VCV000375981,15,66729162,15,66436824,375981,362860,rs1057519732,NC_000015.10:66436823:C:T,single nucleotide variant,missense variant,Pathogenic,"Jan 10, 2025",reviewed by expert panel,Tier I - Strong,"Mar 2, 2023","criteria provided, single submitter",,,,
NM_002755.4(MAP2K1):c.371C>A (p.Pro124Gln),MAP2K1,P124Q,Cardiofaciocutaneous syndrome 3,VCV000040743,15,66729163,15,66436825,40743,49213,rs397516792,NC_000015.10:66436824:C:A,single nucleotide variant,missense variant,Pathogenic,"Jul 1, 2007",no assertion criteria provided,,,,,,,
NM_002755.4(MAP2K1):c.383G>C (p.Gly128Ala),MAP2K1,G128A,Cardiofaciocutaneous syndrome 3,VCV001297058,15,66729175,15,66436837,1297058,1286848,rs121908596,NC_000015.10:66436836:G:C,single nucleotide variant,missense variant,Pathogenic,"Aug 17, 2021","criteria provided, single submitter",,,,,,,
NM_002755.4(MAP2K1):c.388T>A (p.Tyr130Asn),MAP2K1,Y130N,Cardiofaciocutaneous syndrome 3,VCV000636238,15,66729180,15,66436842,636238,624057,rs397516793,NC_000015.10:66436841:T:A,single nucleotide variant,missense variant,Pathogenic,"Jul 13, 2018","criteria provided, single submitter",,,,,,,
NM_002755.4(MAP2K1):c.389A>G (p.Tyr130Cys),MAP2K1,Y130C,Cardio-facio-cutaneous syndrome|Neoplasm,VCV000013351,15,66729181,15,66436843,13351,28390,rs121908595,NC_000015.10:66436842:A:G,single nucleotide variant,missense variant,Pathogenic,"May 9, 2017",reviewed by expert panel,,,,Likely oncogenic,"Mar 4, 2025","criteria provided, single submitter",
NM_002755.4(MAP2K1):c.607G>C (p.Glu203Gln),MAP2K1,E203Q,Cardiofaciocutaneous syndrome 3,VCV001328146,15,66774131,15,66481793,1328146,1318764,rs1057519733,NC_000015.10:66481792:G:C,single nucleotide variant,missense variant,Pathogenic,"Sep 16, 2021","criteria provided, single submitter",,,,,,,
NM_002755.4(MAP2K1):c.608A>C (p.Glu203Ala),MAP2K1,E203A,RASopathy,VCV000981554,15,66774132,15,66481794,981554,969694,rs727503996,NC_000015.10:66481793:A:C,single nucleotide variant,missense variant,Pathogenic,"Aug 21, 2025","criteria provided, single submitter",,,,,,,
NM_002755.4(MAP2K1):c.608A>G (p.Glu203Gly),MAP2K1,,RASopathy,VCV000167260,15,66774132,15,66481794,167260,177413,rs727503996,NC_000015.10:66481793:A:G,single nucleotide variant,missense variant,Pathogenic,"Jul 8, 2025",reviewed by expert panel,,,,,,,
NM_000126.4(ETFA):c.797C>T (p.Thr266Met),ETFA,"T266M, T217M",Glutaric acidemia type 2A|Inborn genetic diseases|not provided|Multiple acyl-CoA dehydrogenase deficiency,VCV000002594,15,76566772,15,76274431,2594,17633,rs119458970,NC_000015.10:76274430:G:A,single nucleotide variant,missense variant,Pathogenic,"Jan 12, 2026","criteria provided, multiple submitters, no conflicts",,,,,,,
NM_000126.4(ETFA):c.793C>T (p.Gln265Ter),ETFA,"Q216*, Q265*",Multiple acyl-CoA dehydrogenase deficiency,VCV001069254,15,76566776,15,76274435,1069254,1063423,rs757409121,NC_000015.10:76274434:G:A,single nucleotide variant,nonsense,Pathogenic,"Oct 15, 2023","criteria provided, single submitter",,,,,,,
NM_000126.4(ETFA):c.597G>A (p.Trp199Ter),ETFA,"W150*, W199*",Multiple acyl-CoA dehydrogenase deficiency,VCV002894130,15,76578045,15,76285704,2894130,3046062,rs2543022350,NC_000015.10:76285703:C:T,single nucleotide variant,nonsense,Pathogenic,"May 12, 2023","criteria provided, single submitter",,,,,,,
NM_000126.4(ETFA):c.556G>T (p.Glu186Ter),ETFA,"E186*, E137*",Multiple acyl-CoA dehydrogenase deficiency,VCV002021532,15,76578718,15,76286377,2021532,2087135,rs2543023391,NC_000015.10:76286376:C:A,single nucleotide variant,nonsense,Pathogenic,"Aug 4, 2022","criteria provided, single submitter",,,,,,,
NM_000126.4(ETFA):c.1A>G (p.Met1Val),ETFA,M1V,Glutaric acidemia type 2A|Multiple acyl-CoA dehydrogenase deficiency,VCV003577725,15,76603729,15,76311388,3577725,3704334,,NC_000015.10:76311387:T:C,single nucleotide variant,missense variant|initiator_codon_variant,Pathogenic,"May 27, 2025","criteria provided, multiple submitters, no conflicts",,,,,,,
NM_020778.5(ALPK3):c.208C>T (p.Gln70Ter),ALPK3,Q70*,"not provided|Cardiomyopathy, familial hypertrophic 27",VCV002978316,15,85370740,15,84827509,2978316,3134376,rs1963501754,NC_000015.10:84827508:C:T,single nucleotide variant,nonsense,Pathogenic,"Mar 13, 2024","criteria provided, multiple submitters, no conflicts",,,,,,,
NM_020778.5(ALPK3):c.589G>T (p.Glu197Ter),ALPK3,E197*,"Cardiomyopathy, familial hypertrophic 27|not provided",VCV001187004,15,85383099,15,84839868,1187004,1177931,rs1418106287,NC_000015.10:84839867:G:T,single nucleotide variant,nonsense,Pathogenic,"Jan 12, 2025","criteria provided, multiple submitters, no conflicts",,,,,,,
NM_020778.5(ALPK3):c.607G>T (p.Glu203Ter),ALPK3,E203*,"Cardiomyopathy, familial hypertrophic 27|not provided",VCV001996534,15,85383117,15,84839886,1996534,2053609,rs765142581,NC_000015.10:84839885:G:T,single nucleotide variant,nonsense,Pathogenic,"Feb 10, 2025","criteria provided, multiple submitters, no conflicts",,,,,,,
NM_020778.5(ALPK3):c.691C>T (p.Gln231Ter),ALPK3,Q231*,"Cardiomyopathy, familial hypertrophic 27|not provided",VCV002572503,15,85383201,15,84839970,2572503,2737449,rs748725556,NC_000015.10:84839969:C:T,single nucleotide variant,nonsense,Pathogenic,"Apr 25, 2025","criteria provided, multiple submitters, no conflicts",,,,,,,
NM_020778.5(ALPK3):c.913C>T (p.Gln305Ter),ALPK3,Q305*,"Cardiomyopathy, familial hypertrophic 27",VCV001028191,15,85383423,15,84840192,1028191,1017990,rs1225841418,NC_000015.10:84840191:C:T,single nucleotide variant,nonsense,Pathogenic,"May 5, 2020","criteria provided, single submitter",,,,,,,
NM_020778.5(ALPK3):c.2260G>T (p.Glu754Ter),ALPK3,E754*,"Cardiomyopathy, familial hypertrophic 27",VCV003376704,15,85400229,15,84856998,3376704,3535888,,NC_000015.10:84856997:G:T,single nucleotide variant,nonsense,Pathogenic,"Oct 10, 2024","criteria provided, single submitter",,,,,,,
NM_020778.5(ALPK3):c.2455C>T (p.Arg819Ter),ALPK3,R819*,"Cardiovascular phenotype|Cardiomyopathy, familial hypertrophic 27|not provided",VCV001799378,15,85400424,15,84857193,1799378,1854986,rs1186665805,NC_000015.10:84857192:C:T,single nucleotide variant,nonsense,Pathogenic,"Feb 26, 2025","criteria provided, multiple submitters, no conflicts",,,,,,,
NM_020778.5(ALPK3):c.3175C>T (p.Arg1059Ter),ALPK3,"R1261*, R1059*","ALPK3-related disorder|Cardiomyopathy, familial hypertrophic 27|Cardiovascular phenotype|Neurodevelopmental disorder|not provided",VCV000488984,15,85401144,15,84857913,488984,482079,rs749465164,NC_000015.10:84857912:C:T,single nucleotide variant,nonsense,Pathogenic,"Jan 13, 2026","criteria provided, multiple submitters, no conflicts",,,,,,,
NM_020778.5(ALPK3):c.3186G>A (p.Trp1062Ter),ALPK3,"W1264*, W1062*","Cardiomyopathy, familial hypertrophic 27",VCV000548941,15,85401155,15,84857924,548941,539428,rs1555435531,NC_000015.10:84857923:G:A,single nucleotide variant,nonsense,Pathogenic,"Jul 17, 2023","criteria provided, single submitter",,,,,,,
NM_020778.5(ALPK3):c.3340C>T (p.Arg1114Ter),ALPK3,R1114*,"Cardiovascular phenotype|not provided|Cardiomyopathy, familial hypertrophic 27",VCV001414127,15,85401309,15,84858078,1414127,1358150,rs751041696,NC_000015.10:84858077:C:T,single nucleotide variant,nonsense,Pathogenic,"Oct 6, 2025","criteria provided, multiple submitters, no conflicts",,,,,,,
NM_020778.5(ALPK3):c.4234C>T (p.Arg1412Ter),ALPK3,"R1614*, R1412*","not provided|Cardiovascular phenotype|Cardiomyopathy, familial hypertrophic 27",VCV000636381,15,85405970,15,84862739,636381,624529,rs1431206462,NC_000015.10:84862738:C:T,single nucleotide variant,nonsense,Pathogenic,"Oct 13, 2025","criteria provided, multiple submitters, no conflicts",,,,,,,
NM_020778.5(ALPK3):c.4290C>G (p.Tyr1430Ter),ALPK3,Y1430*,"Cardiomyopathy, familial hypertrophic 27|Cardiovascular phenotype|not provided",VCV001953459,15,85406026,15,84862795,1953459,2011019,rs755476608,NC_000015.10:84862794:C:G,single nucleotide variant,nonsense,Pathogenic,"Jan 5, 2026","criteria provided, multiple submitters, no conflicts",,,,,,,
NM_020778.5(ALPK3):c.4423C>T (p.Gln1475Ter),ALPK3,Q1475*,not provided,VCV003340904,15,85406795,15,84863564,3340904,3500143,,NC_000015.10:84863563:C:T,single nucleotide variant,nonsense,Pathogenic,"Oct 23, 2024","criteria provided, multiple submitters, no conflicts",,,,,,,
NM_020778.5(ALPK3):c.4688G>A (p.Trp1563Ter),ALPK3,"W1765*, W1563*",Cardiovascular phenotype,VCV000548940,15,85407861,15,84864630,548940,539427,rs1555436118,NC_000015.10:84864629:G:A,single nucleotide variant,nonsense,Pathogenic,"Sep 1, 2022","criteria provided, single submitter",,,,,,,
NM_016138.5(COQ7):c.422T>A (p.Val141Glu),COQ7,"V141E, V103E, V127E",Primary coenzyme Q10 deficiency 8,VCV000219119,16,19087097,16,19075775,219119,216921,rs864321686,NC_000016.10:19075774:T:A,single nucleotide variant,missense variant|non-coding transcript variant,Pathogenic,"Mar 1, 2024","criteria provided, single submitter",,,,,,,
NM_001042432.2(CLN3):c.494G>A (p.Gly165Glu),CLN3,"G165E, G87E, G141E, G65E, G111E","CEROID LIPOFUSCINOSIS, NEURONAL, 3, PROTRACTED",VCV000183669,16,28497938,16,28486617,183669,181569,rs786201028,NC_000016.10:28486616:C:T,single nucleotide variant,missense variant,Pathogenic,"Jun 10, 2014",no assertion criteria provided,,,,,,,
NM_020312.4(COQ9):c.55C>T (p.Gln19Ter),LOC112469007|COQ9,Q19*,Encephalopathy-hypertrophic cardiomyopathy-renal tubular disease syndrome|not provided,VCV003902374,16,57481472,16,57447560,3902374,4018244,,NC_000016.10:57447559:C:T,single nucleotide variant,nonsense,Pathogenic,"Dec 19, 2025","criteria provided, multiple submitters, no conflicts",,,,,,,
NM_020312.4(COQ9):c.73G>A (p.Val25Met),COQ9|LOC112469007,V25M,Encephalopathy-hypertrophic cardiomyopathy-renal tubular disease syndrome,VCV001027680,16,57481490,16,57447578,1027680,1015457,rs2030153941,NC_000016.10:57447577:G:A,single nucleotide variant,missense variant,Pathogenic,,no assertion criteria provided,,,,,,,
NM_020312.4(COQ9):c.157C>T (p.Gln53Ter),COQ9,Q53*,Encephalopathy-hypertrophic cardiomyopathy-renal tubular disease syndrome,VCV002637678,16,57485035,16,57451123,2637678,2805155,rs2543566429,NC_000016.10:57451122:C:T,single nucleotide variant,nonsense,Pathogenic,"Oct 11, 2023","criteria provided, single submitter",,,,,,,
NM_020312.4(COQ9):c.262G>T (p.Glu88Ter),COQ9,E88*,Encephalopathy-hypertrophic cardiomyopathy-renal tubular disease syndrome,VCV003382518,16,57486732,16,57452820,3382518,3541695,,NC_000016.10:57452819:G:T,single nucleotide variant,nonsense,Pathogenic,,"criteria provided, single submitter",,,,,,,
NM_020312.4(COQ9):c.711+3G>C,COQ9,,Encephalopathy-hypertrophic cardiomyopathy-renal tubular disease syndrome|not provided,VCV002910403,16,57492265,16,57458353,2910403,3072875,rs368777580,NC_000016.10:57458352:G:C,single nucleotide variant,intron variant,Pathogenic,"May 7, 2025","criteria provided, multiple submitters, no conflicts",,,,,,,
NM_020312.4(COQ9):c.730C>T (p.Arg244Ter),COQ9,R244*,not provided|Encephalopathy-hypertrophic cardiomyopathy-renal tubular disease syndrome,VCV000000431,16,57493495,16,57459583,431,15470,rs267606751,NC_000016.10:57459582:C:T,single nucleotide variant,nonsense,Pathogenic,"Nov 3, 2025","criteria provided, multiple submitters, no conflicts",,,,,,,
NM_000018.4(ACADVL):c.4C>T (p.Gln2Ter),ACADVL|DLG4,Q2*,Very long chain acyl-CoA dehydrogenase deficiency,VCV002011730,17,7123307,17,7219988,2011730,2070959,rs2508229196,NC_000017.11:7219987:C:T,single nucleotide variant,5 prime UTR variant|non-coding transcript variant|nonsense|intron variant,Pathogenic,"Dec 3, 2024","criteria provided, single submitter",,,,,,,
NM_000018.4(ACADVL):c.37C>T (p.Gln13Ter),ACADVL|DLG4,Q13*,Very long chain acyl-CoA dehydrogenase deficiency,VCV000812785,17,7123340,17,7220021,812785,801182,rs63750670,NC_000017.11:7220020:C:T,single nucleotide variant,5 prime UTR variant|non-coding transcript variant|nonsense|intron variant,Pathogenic,"Dec 14, 2022",reviewed by expert panel,,,,,,,
NM_000018.4(ACADVL):c.65C>A (p.Ser22Ter),LOC130060113|ACADVL,"S22*, S45*",Very long chain acyl-CoA dehydrogenase deficiency,VCV000166638,17,7123443,17,7220124,166638,177423,rs727503788,NC_000017.11:7220123:C:A,single nucleotide variant,nonsense|5 prime UTR variant,Pathogenic,"Sep 22, 2022",reviewed by expert panel,,,,,,,
NM_000018.4(ACADVL):c.241C>T (p.Gln81Ter),ACADVL,"Q81*, Q104*, Q5*, Q59*",Very long chain acyl-CoA dehydrogenase deficiency,VCV004720477,17,7123959,17,7220640,4720477,4826984,,NC_000017.11:7220639:C:T,single nucleotide variant,nonsense,Pathogenic,"Jul 29, 2025","criteria provided, single submitter",,,,,,,
NM_000018.4(ACADVL):c.277+1G>A,ACADVL,,Very long chain acyl-CoA dehydrogenase deficiency,VCV001707707,17,7123996,17,7220677,1707707,1706006,rs1057517012,NC_000017.11:7220676:G:A,single nucleotide variant,splice donor variant,Pathogenic,"Apr 26, 2022",reviewed by expert panel,,,,,,,
NM_000018.4(ACADVL):c.277+2T>C,ACADVL,,Very long chain acyl-CoA dehydrogenase deficiency,VCV001427529,17,7123997,17,7220678,1427529,1441063,rs1555527745,NC_000017.11:7220677:T:C,single nucleotide variant,splice donor variant,Pathogenic,"Aug 29, 2023","criteria provided, single submitter",,,,,,,
NM_000018.4(ACADVL):c.277+2T>G,ACADVL,,Very long chain acyl-CoA dehydrogenase deficiency,VCV000556238,17,7123997,17,7220678,556238,548628,rs1555527745,NC_000017.11:7220677:T:G,single nucleotide variant,splice donor variant,Pathogenic,"Mar 8, 2022",reviewed by expert panel,,,,,,,
NM_000018.4(ACADVL):c.298C>T (p.Gln100Ter),ACADVL,"Q100*, Q123*, Q24*, Q78*",Very long chain acyl-CoA dehydrogenase deficiency,VCV002680245,17,7124105,17,7220786,2680245,2833972,rs750675692,NC_000017.11:7220785:C:T,single nucleotide variant,nonsense,Pathogenic,"Jan 11, 2026","criteria provided, multiple submitters, no conflicts",,,,,,,
NM_000018.4(ACADVL):c.340G>T (p.Glu114Ter),ACADVL,"E137*, E92*, E114*, E38*",Very long chain acyl-CoA dehydrogenase deficiency,VCV004732396,17,7124147,17,7220828,4732396,4846899,,NC_000017.11:7220827:G:T,single nucleotide variant,nonsense,Pathogenic,"Dec 2, 2025","criteria provided, single submitter",,,,,,,
NM_000018.4(ACADVL):c.342+1G>C,ACADVL,,Very long chain acyl-CoA dehydrogenase deficiency,VCV000474896,17,7124150,17,7220831,474896,468777,rs780020193,NC_000017.11:7220830:G:C,single nucleotide variant,splice donor variant,Pathogenic,"Feb 7, 2022",reviewed by expert panel,,,,,,,
NM_000018.4(ACADVL):c.343-1G>A,ACADVL,,Very long chain acyl-CoA dehydrogenase deficiency,VCV000203594,17,7124242,17,7220923,203594,200318,rs1555527877,NC_000017.11:7220922:G:A,single nucleotide variant,splice acceptor variant,Pathogenic,"Nov 9, 2021",reviewed by expert panel,,,,,,,
NM_000018.4(ACADVL):c.388G>T (p.Glu130Ter),ACADVL,"E108*, E153*, E130*, E54*",Very long chain acyl-CoA dehydrogenase deficiency,VCV003653294,17,7124288,17,7220969,3653294,3788728,,NC_000017.11:7220968:G:T,single nucleotide variant,nonsense,Pathogenic,"May 14, 2024","criteria provided, single submitter",,,,,,,
NM_000018.4(ACADVL):c.437T>G (p.Val146Gly),ACADVL,"V70G, V124G, V146G, V169G",Very long chain acyl-CoA dehydrogenase deficiency,VCV001458622,17,7124337,17,7221018,1458622,1490971,rs2142969655,NC_000017.11:7221017:T:G,single nucleotide variant,missense variant,Pathogenic,"Jan 19, 2021","criteria provided, single submitter",,,,,,,
NM_000018.4(ACADVL):c.544C>T (p.Gln182Ter),ACADVL,"Q106*, Q160*, Q182*, Q205*",Very long chain acyl-CoA dehydrogenase deficiency,VCV002021338,17,7124923,17,7221604,2021338,2086941,rs2508283122,NC_000017.11:7221603:C:T,single nucleotide variant,nonsense,Pathogenic,"Aug 3, 2022","criteria provided, single submitter",,,,,,,
NM_000018.4(ACADVL):c.552C>A (p.Ile184=),ACADVL,,Very long chain acyl-CoA dehydrogenase deficiency,VCV001699014,17,7124931,17,7221612,1699014,1691389,rs770961747,NC_000017.11:7221611:C:A,single nucleotide variant,synonymous variant,Pathogenic,"Jun 24, 2022","criteria provided, single submitter",,,,,,,
NM_000018.4(ACADVL):c.595G>T (p.Glu199Ter),ACADVL,"E222*, E177*, E123*, E199*",Very long chain acyl-CoA dehydrogenase deficiency,VCV002709299,17,7124974,17,7221655,2709299,2867708,rs1305511499,NC_000017.11:7221654:G:T,single nucleotide variant,nonsense,Pathogenic,"Jan 13, 2024","criteria provided, single submitter",,,,,,,
NM_000018.4(ACADVL):c.601T>C (p.Tyr201His),ACADVL,"Y224H, Y125H, Y201H, Y179H",Very long chain acyl-CoA dehydrogenase deficiency,VCV000847007,17,7124980,17,7221661,847007,846149,rs2071233789,NC_000017.11:7221660:T:C,single nucleotide variant,missense variant,Pathogenic,"Aug 26, 2024","criteria provided, single submitter",,,,,,,
NM_000018.4(ACADVL):c.623-2A>G,ACADVL,,Very long chain acyl-CoA dehydrogenase deficiency,VCV004817437,17,7125269,17,7221950,4817437,4929577,,NC_000017.11:7221949:A:G,single nucleotide variant,splice acceptor variant,Pathogenic,"Oct 14, 2025","criteria provided, single submitter",,,,,,,
NM_000018.4(ACADVL):c.655C>A (p.Pro219Thr),ACADVL,"P242T, P143T, P197T, P219T",Very long chain acyl-CoA dehydrogenase deficiency,VCV001454452,17,7125303,17,7221984,1454452,1444795,rs772898391,NC_000017.11:7221983:C:A,single nucleotide variant,missense variant,Pathogenic,"Nov 19, 2025","criteria provided, single submitter",,,,,,,
NM_000018.4(ACADVL):c.685C>T (p.Arg229Ter),ACADVL,"R229*, R207*, R252*, R153*",Very long chain acyl-CoA dehydrogenase deficiency,VCV000188884,17,7125333,17,7222014,188884,186985,rs786204536,NC_000017.11:7222013:C:T,single nucleotide variant,nonsense,Pathogenic,"Nov 28, 2023",reviewed by expert panel,,,,,,,
NM_000018.4(ACADVL):c.739A>T (p.Lys247Ter),ACADVL,"K171*, K225*, K270*, K247*",Very long chain acyl-CoA dehydrogenase deficiency,VCV002857471,17,7125387,17,7222068,2857471,3021368,rs387906253,NC_000017.11:7222067:A:T,single nucleotide variant,nonsense,Pathogenic,"Apr 18, 2023","criteria provided, single submitter",,,,,,,
NM_000018.4(ACADVL):c.747G>A (p.Trp249Ter),ACADVL,"W173*, W227*, W249*, W272*",Very long chain acyl-CoA dehydrogenase deficiency,VCV001437138,17,7125395,17,7222076,1437138,1435708,rs141167669,NC_000017.11:7222075:G:A,single nucleotide variant,nonsense,Pathogenic,"Nov 5, 2020","criteria provided, single submitter",,,,,,,
NM_000018.4(ACADVL):c.753-1G>A,ACADVL,,Very long chain acyl-CoA dehydrogenase deficiency,VCV002115122,17,7125495,17,7222176,2115122,2161358,rs2508302724,NC_000017.11:7222175:G:A,single nucleotide variant,splice acceptor variant,Pathogenic,"Oct 28, 2022","criteria provided, single submitter",,,,,,,
NM_000018.4(ACADVL):c.761G>A (p.Gly254Asp),ACADVL,"G232D, G277D, G178D, G254D",Very long chain acyl-CoA dehydrogenase deficiency,VCV002910410,17,7125504,17,7222185,2910410,3072881,rs1452949965,NC_000017.11:7222184:G:A,single nucleotide variant,missense variant,Pathogenic,"Oct 9, 2023","criteria provided, single submitter",,,,,,,
NM_000018.4(ACADVL):c.800T>G (p.Val267Gly),ACADVL,"V191G, V245G, V290G, V267G",Very long chain acyl-CoA dehydrogenase deficiency,VCV002017598,17,7125543,17,7222224,2017598,2065239,rs2508304063,NC_000017.11:7222223:T:G,single nucleotide variant,missense variant,Pathogenic,"Jul 15, 2022","criteria provided, single submitter",,,,,,,
NM_000018.4(ACADVL):c.829G>T (p.Glu277Ter),ACADVL,"E277*, E300*, E201*, E255*",Very long chain acyl-CoA dehydrogenase deficiency,VCV002761528,17,7125572,17,7222253,2761528,2925293,rs1208459885,NC_000017.11:7222252:G:T,single nucleotide variant,nonsense,Pathogenic,"Sep 25, 2023","criteria provided, single submitter",,,,,,,
NM_000018.4(ACADVL):c.848T>C (p.Val283Ala),ACADVL,"V283A, V207A, V306A, V261A",Very long chain acyl-CoA dehydrogenase deficiency,VCV000021025,17,7125591,17,7222272,21025,33877,rs113994167,NC_000017.11:7222271:T:C,single nucleotide variant,missense variant,Pathogenic,"Aug 23, 2022",reviewed by expert panel,,,,,,,
NM_000018.4(ACADVL):c.918C>A (p.Asn306Lys),ACADVL,"N306K, N329K, N230K, N284K",Very long chain acyl-CoA dehydrogenase deficiency,VCV000857573,17,7126025,17,7222706,857573,846154,rs2071288883,NC_000017.11:7222705:C:A,single nucleotide variant,missense variant,Pathogenic,"Jul 7, 2025","criteria provided, single submitter",,,,,,,
NM_000018.4(ACADVL):c.956C>A (p.Ser319Ter),ACADVL,"S319*, S342*, S297*, S243*",Very long chain acyl-CoA dehydrogenase deficiency,VCV000557676,17,7126063,17,7222744,557676,548664,rs149467828,NC_000017.11:7222743:C:A,single nucleotide variant,nonsense,Pathogenic,"May 14, 2024",reviewed by expert panel,,,,,,,
NM_000018.4(ACADVL):c.965T>C (p.Val322Ala),ACADVL,"V345A, V246A, V300A, V322A",Very long chain acyl-CoA dehydrogenase deficiency,VCV003004166,17,7126072,17,7222753,3004166,3158049,rs2508317139,NC_000017.11:7222752:T:C,single nucleotide variant,missense variant,Pathogenic,"Mar 26, 2023","criteria provided, single submitter",,,,,,,
NM_000018.4(ACADVL):c.1077+2T>A,ACADVL,,Very long chain acyl-CoA dehydrogenase deficiency,VCV001707708,17,7126186,17,7222867,1707708,1706007,rs1057516370,NC_000017.11:7222866:T:A,single nucleotide variant,splice donor variant,Pathogenic,"Sep 22, 2022",reviewed by expert panel,,,,,,,
NM_000018.4(ACADVL):c.1077+2T>C,ACADVL,,Very long chain acyl-CoA dehydrogenase deficiency,VCV000370279,17,7126186,17,7222867,370279,358473,rs1057516370,NC_000017.11:7222866:T:C,single nucleotide variant,splice donor variant,Pathogenic,"Sep 29, 2022",reviewed by expert panel,,,,,,,
NM_000018.4(ACADVL):c.1138C>T (p.Gln380Ter),ACADVL,"Q380*, Q403*, Q304*, Q358*",Very long chain acyl-CoA dehydrogenase deficiency,VCV001391720,17,7126512,17,7223193,1391720,1386518,rs781467053,NC_000017.11:7223192:C:T,single nucleotide variant,nonsense,Pathogenic,"Apr 30, 2021","criteria provided, single submitter",,,,,,,
NM_000018.4(ACADVL):c.1174G>T (p.Val392Leu),ACADVL,"V415L, V316L, V370L, V392L",Very long chain acyl-CoA dehydrogenase deficiency,VCV003678798,17,7126548,17,7223229,3678798,3807534,,NC_000017.11:7223228:G:T,single nucleotide variant,missense variant,Pathogenic,"Feb 10, 2025","criteria provided, single submitter",,,,,,,
NM_000018.4(ACADVL):c.1182+1G>C,ACADVL,,Very long chain acyl-CoA dehydrogenase deficiency,VCV004817240,17,7126557,17,7223238,4817240,4926243,,NC_000017.11:7223237:G:C,single nucleotide variant,splice donor variant,Pathogenic,"Sep 4, 2024","criteria provided, single submitter",,,,,,,
NM_000018.4(ACADVL):c.1182+1G>T,ACADVL,,Very long chain acyl-CoA dehydrogenase deficiency,VCV002750294,17,7126557,17,7223238,2750294,2919252,rs113690956,NC_000017.11:7223237:G:T,single nucleotide variant,splice donor variant,Pathogenic,"May 30, 2023","criteria provided, single submitter",,,,,,,
NM_000018.4(ACADVL):c.1194C>G (p.Tyr398Ter),ACADVL,"Y322*, Y376*, Y398*, Y421*",Very long chain acyl-CoA dehydrogenase deficiency,VCV002434914,17,7126974,17,7223655,2434914,2406226,rs1597533847,NC_000017.11:7223654:C:G,single nucleotide variant,nonsense,Pathogenic,"Sep 11, 2023","criteria provided, multiple submitters, no conflicts",,,,,,,
NM_000018.4(ACADVL):c.1194C>A (p.Tyr398Ter),ACADVL,"Y322*, Y376*, Y398*, Y421*",Very long chain acyl-CoA dehydrogenase deficiency,VCV000810875,17,7126974,17,7223655,810875,800066,rs1597533847,NC_000017.11:7223654:C:A,single nucleotide variant,nonsense,Pathogenic,"Dec 14, 2022",reviewed by expert panel,,,,,,,
NM_000018.4(ACADVL):c.1253G>A (p.Ser418Asn),ACADVL,"S418N, S396N, S342N, S441N",Very long chain acyl-CoA dehydrogenase deficiency,VCV000474880,17,7127033,17,7223714,474880,467450,rs1555528737,NC_000017.11:7223713:G:A,single nucleotide variant,missense variant,Pathogenic,"Feb 1, 2023","criteria provided, single submitter",,,,,,,
NM_000018.4(ACADVL):c.1280G>A (p.Trp427Ter),ACADVL,"W427*, W351*, W405*, W450*",Very long chain acyl-CoA dehydrogenase deficiency,VCV000370480,17,7127142,17,7223823,370480,358477,rs1057516519,NC_000017.11:7223822:G:A,single nucleotide variant,nonsense,Pathogenic,"Oct 30, 2023","criteria provided, single submitter",,,,,,,
NM_000018.4(ACADVL):c.1292A>G (p.Asp431Gly),ACADVL,"D355G, D409G, D431G, D454G",Very long chain acyl-CoA dehydrogenase deficiency,VCV001685495,17,7127154,17,7223835,1685495,1677513,rs2142985073,NC_000017.11:7223834:A:G,single nucleotide variant,missense variant,Pathogenic,"May 4, 2022","criteria provided, single submitter",,,,,,,
NM_000018.4(ACADVL):c.1313G>A (p.Gly438Glu),ACADVL,"G438E, G362E, G461E, G416E",Very long chain acyl-CoA dehydrogenase deficiency,VCV000474882,17,7127175,17,7223856,474882,468310,rs748450834,NC_000017.11:7223855:G:A,single nucleotide variant,missense variant,Pathogenic,"Apr 16, 2025",reviewed by expert panel,,,,,,,
NM_000018.4(ACADVL):c.1316G>C (p.Gly439Ala),ACADVL,"G439A, G363A, G462A, G417A",Very long chain acyl-CoA dehydrogenase deficiency,VCV001484294,17,7127178,17,7223859,1484294,1455224,rs533055438,NC_000017.11:7223858:G:C,single nucleotide variant,missense variant,Pathogenic,"Oct 4, 2023","criteria provided, single submitter",,,,,,,
NM_000018.4(ACADVL):c.1322G>A (p.Gly441Asp),ACADVL,"G441D, G365D, G464D, G419D",Very long chain acyl-CoA dehydrogenase deficiency,VCV000021016,17,7127184,17,7223865,21016,33868,rs2309689,NC_000017.11:7223864:G:A,single nucleotide variant,missense variant,Pathogenic,"Dec 14, 2022",reviewed by expert panel,,,,,,,
NM_000018.4(ACADVL):c.1332+2T>C,ACADVL,,Very long chain acyl-CoA dehydrogenase deficiency,VCV002986823,17,7127196,17,7223877,2986823,3143314,rs1398874051,NC_000017.11:7223876:T:C,single nucleotide variant,splice donor variant,Pathogenic,"Jan 9, 2023","criteria provided, single submitter",,,,,,,
NM_000018.4(ACADVL):c.1348C>T (p.Arg450Cys),ACADVL,"R374C, R450C, R473C, R428C",Very long chain acyl-CoA dehydrogenase deficiency,VCV003016559,17,7127302,17,7223983,3016559,3182041,rs767849841,NC_000017.11:7223982:C:T,single nucleotide variant,missense variant,Pathogenic,"Feb 24, 2025","criteria provided, single submitter",,,,,,,
NM_000018.4(ACADVL):c.1357C>T (p.Arg453Ter),ACADVL,"R453*, R431*, R476*, R377*",Very long chain acyl-CoA dehydrogenase deficiency,VCV000194317,17,7127311,17,7223992,194317,191480,rs794727113,NC_000017.11:7223991:C:T,single nucleotide variant,nonsense,Pathogenic,"Dec 15, 2022",reviewed by expert panel,,,,,,,
NM_000018.4(ACADVL):c.1376G>A (p.Arg459Gln),ACADVL,"R459Q, R482Q, R383Q, R437Q",Very long chain acyl-CoA dehydrogenase deficiency,VCV000203585,17,7127330,17,7224011,203585,200340,rs751995154,NC_000017.11:7224010:G:A,single nucleotide variant,missense variant,Pathogenic,"Aug 9, 2022",reviewed by expert panel,,,,,,,
NM_000018.4(ACADVL):c.1520A>T (p.Lys507Ile),ACADVL,"K485I, K507I, K530I, K431I",Very long chain acyl-CoA dehydrogenase deficiency,VCV002035405,17,7127550,17,7224231,2035405,2097189,rs2508355015,NC_000017.11:7224230:A:T,single nucleotide variant,missense variant,Pathogenic,"May 19, 2025","criteria provided, single submitter",,,,,,,
NM_000018.4(ACADVL):c.1567G>T (p.Gly523Ter),ACADVL,"G447*, G523*, G546*, G501*",Very long chain acyl-CoA dehydrogenase deficiency,VCV002744271,17,7127674,17,7224355,2744271,2903748,rs139425622,NC_000017.11:7224354:G:T,single nucleotide variant,nonsense,Pathogenic,"Jul 17, 2023","criteria provided, single submitter",,,,,,,
NM_000018.4(ACADVL):c.1587G>T (p.Leu529Phe),ACADVL,"L453F, L507F, L529F, L552F",Very long chain acyl-CoA dehydrogenase deficiency,VCV001455065,17,7127694,17,7224375,1455065,1441551,rs2142987900,NC_000017.11:7224374:G:T,single nucleotide variant,missense variant,Pathogenic,"Jul 24, 2023","criteria provided, single submitter",,,,,,,
NM_000018.4(ACADVL):c.1605+1G>A,ACADVL,,Very long chain acyl-CoA dehydrogenase deficiency,VCV002845416,17,7127713,17,7224394,2845416,3011615,rs2142988018,NC_000017.11:7224393:G:A,single nucleotide variant,splice donor variant,Pathogenic,"Dec 30, 2025","criteria provided, single submitter",,,,,,,
NM_000018.4(ACADVL):c.1605+1G>T,ACADVL,,Very long chain acyl-CoA dehydrogenase deficiency,VCV001460064,17,7127713,17,7224394,1460064,1481421,rs2142988018,NC_000017.11:7224393:G:T,single nucleotide variant,splice donor variant,Pathogenic,"Apr 8, 2024","criteria provided, single submitter",,,,,,,
NM_000018.4(ACADVL):c.1605+1G>C,ACADVL,,Very long chain acyl-CoA dehydrogenase deficiency,VCV001427626,17,7127713,17,7224394,1427626,1441160,rs2142988018,NC_000017.11:7224393:G:C,single nucleotide variant,splice donor variant,Pathogenic,"Feb 21, 2022","criteria provided, single submitter",,,,,,,
NM_000018.4(ACADVL):c.1624C>T (p.Gln542Ter),ACADVL,"Q520*, Q542*, Q565*, Q466*",Very long chain acyl-CoA dehydrogenase deficiency,VCV002718168,17,7127817,17,7224498,2718168,2880412,rs1027833102,NC_000017.11:7224497:C:T,single nucleotide variant,nonsense,Pathogenic,"Jun 17, 2023","criteria provided, single submitter",,,,,,,
NM_000018.4(ACADVL):c.1642G>T (p.Glu548Ter),ACADVL,"E526*, E548*, E571*, E472*",Very long chain acyl-CoA dehydrogenase deficiency,VCV004715598,17,7127835,17,7224516,4715598,4822320,,NC_000017.11:7224515:G:T,single nucleotide variant,nonsense,Pathogenic,"Mar 20, 2025","criteria provided, single submitter",,,,,,,
NM_000018.4(ACADVL):c.1752-1G>A,ACADVL,,Very long chain acyl-CoA dehydrogenase deficiency,VCV001685496,17,7128127,17,7224808,1685496,1677514,rs2142990593,NC_000017.11:7224807:G:A,single nucleotide variant,splice acceptor variant,Pathogenic,"May 4, 2022","criteria provided, single submitter",,,,,,,
NM_000018.4(ACADVL):c.1757C>G (p.Ser586Ter),ACADVL,"S586*, S510*, S609*, S564*",Very long chain acyl-CoA dehydrogenase deficiency,VCV002857192,17,7128133,17,7224814,2857192,3014411,rs751002045,NC_000017.11:7224813:C:G,single nucleotide variant,nonsense,Pathogenic,"Oct 10, 2025","criteria provided, single submitter",,,,,,,
NM_000018.4(ACADVL):c.1827+1G>T,ACADVL,,Very long chain acyl-CoA dehydrogenase deficiency,VCV004714947,17,7128204,17,7224885,4714947,4829091,,NC_000017.11:7224884:G:T,single nucleotide variant,splice donor variant,Pathogenic,"Mar 12, 2025","criteria provided, single submitter",,,,,,,
NM_000018.4(ACADVL):c.1827+1G>A,ACADVL,,Very long chain acyl-CoA dehydrogenase deficiency,VCV003252078,17,7128204,17,7224885,3252078,3410875,rs2508371476,NC_000017.11:7224884:G:A,single nucleotide variant,splice donor variant,Pathogenic,"Apr 9, 2024",reviewed by expert panel,,,,,,,
NM_000018.4(ACADVL):c.1838G>C (p.Arg613Pro),ACADVL,"R537P, R591P, R613P, R636P",not provided|Very long chain acyl-CoA dehydrogenase deficiency,VCV002159791,17,7128286,17,7224967,2159791,1886868,rs534647044,NC_000017.11:7224966:G:C,single nucleotide variant,missense variant,Pathogenic,"Apr 1, 2025","criteria provided, multiple submitters, no conflicts",,,,,,,
NM_018127.7(ELAC2):c.1267C>T (p.Leu423Phe),ELAC2,"L423F, L383F, L422F",Combined oxidative phosphorylation defect type 17,VCV000066038,17,12905628,17,13002311,66038,76944,rs397515466,NC_000017.11:13002310:G:A,single nucleotide variant,missense variant,Pathogenic,"Aug 8, 2013",no assertion criteria provided,,,,,,,
NM_018127.7(ELAC2):c.751A>T (p.Arg251Ter),ELAC2,"R211*, R251*",Combined oxidative phosphorylation defect type 17,VCV000066036,17,12909284,17,13005967,66036,76942,rs397515464,NC_000017.11:13005966:T:A,single nucleotide variant,nonsense,Pathogenic,"Aug 8, 2013",no assertion criteria provided,,,,,,,
NM_018127.7(ELAC2):c.460T>C (p.Phe154Leu),ELAC2,F154L,"Prostate cancer, hereditary, 2, susceptibility to|Combined oxidative phosphorylation defect type 17",VCV000066037,17,12917786,17,13014469,66037,76943,rs397515465,NC_000017.11:13014468:A:G,single nucleotide variant,missense variant,Pathogenic,"Apr 14, 2025","criteria provided, multiple submitters, no conflicts",,,,,,,
NM_001303.4(COX10):c.587C>A (p.Thr196Lys),COX10,T196K,"Mitochondrial complex IV deficiency, nuclear type 3",VCV000007523,17,14005522,17,14102205,7523,22562,rs104894555,NC_000017.11:14102204:C:A,single nucleotide variant,missense variant,Pathogenic,"Oct 15, 2003",no assertion criteria provided,,,,,,,
NM_003673.4(TCAP):c.103G>T (p.Glu35Ter),TCAP,E35*,Hypertrophic cardiomyopathy 25|Primary familial hypertrophic cardiomyopathy|not provided,VCV000286261,17,37821715,17,39665462,286261,270498,rs779699520,NC_000017.11:39665461:G:T,single nucleotide variant,nonsense,Pathogenic,"Oct 25, 2022","criteria provided, multiple submitters, no conflicts",,,,,,,
NM_003673.4(TCAP):c.110+2T>C,TCAP,,Hypertrophic cardiomyopathy 25|Primary familial hypertrophic cardiomyopathy,VCV002023376,17,37821724,17,39665471,2023376,2083857,rs2543737997,NC_000017.11:39665470:T:C,single nucleotide variant,splice donor variant,Pathogenic,"Aug 10, 2022","criteria provided, single submitter",,,,,,,
NM_003673.4(TCAP):c.110+5G>A,TCAP,,Primary familial hypertrophic cardiomyopathy|Hypertrophic cardiomyopathy 25,VCV001055526,17,37821727,17,39665474,1055526,1050220,rs794729178,NC_000017.11:39665473:G:A,single nucleotide variant,intron variant,Pathogenic,"Jan 6, 2025","criteria provided, single submitter",,,,,,,
NM_003673.4(TCAP):c.166C>T (p.Gln56Ter),TCAP,Q56*,Primary familial hypertrophic cardiomyopathy|Hypertrophic cardiomyopathy 25,VCV001382475,17,37822024,17,39665771,1382475,1434904,rs1435437660,NC_000017.11:39665770:C:T,single nucleotide variant,nonsense,Pathogenic,"Nov 12, 2021","criteria provided, single submitter",,,,,,,
NM_003673.4(TCAP):c.410C>T (p.Thr137Ile),TCAP,T137I,Hypertrophic cardiomyopathy 25,VCV000189787,17,37822268,17,39666015,189787,187657,rs773317399,NC_000017.11:39666014:C:T,single nucleotide variant,missense variant,Pathogenic,"Dec 7, 2004",no assertion criteria provided,,,,,,,
NM_012232.6(CAVIN1):c.471+1G>T,CAVIN1,,Congenital generalized lipodystrophy type 4,VCV000030330,17,40574644,17,42422626,30330,39286,rs866504928,NC_000017.11:42422625:C:A,single nucleotide variant,splice donor variant,Pathogenic,"Sep 1, 2010",no assertion criteria provided,,,,,,,
NM_012232.6(CAVIN1):c.259C>T (p.Gln87Ter),CAVIN1,Q87*,Congenital generalized lipodystrophy type 4,VCV002506963,17,40574857,17,42422839,2506963,2671944,rs2509876602,NC_000017.11:42422838:G:A,single nucleotide variant,nonsense,Pathogenic,"Jun 27, 2023",no assertion criteria provided,,,,,,,
NM_000152.5(GAA):c.-32-13T>G,GAA,,"Glycogen storage disease, type II",VCV000004027,17,78078341,17,80104542,4027,19066,rs386834236,NC_000017.11:80104541:T:G,single nucleotide variant,intron variant,Pathogenic,"Oct 1, 2024",reviewed by expert panel,,,,,,,
NM_000152.5(GAA):c.-32-3C>A,GAA,,"Glycogen storage disease, type II",VCV000371622,17,78078351,17,80104552,371622,358483,rs1055945806,NC_000017.11:80104551:C:A,single nucleotide variant,intron variant,Pathogenic,"Nov 21, 2023",reviewed by expert panel,,,,,,,
NM_000152.5(GAA):c.1A>G (p.Met1Val),GAA,M1V,"Glycogen storage disease, type II",VCV000188785,17,78078386,17,80104587,188785,186987,rs786204467,NC_000017.11:80104586:A:G,single nucleotide variant,missense variant|initiator_codon_variant,Pathogenic,"Jun 8, 2024",reviewed by expert panel,,,,,,,
NM_000152.5(GAA):c.2T>C (p.Met1Thr),GAA,M1T,"Glycogen storage disease, type II",VCV000984802,17,78078387,17,80104588,984802,972897,rs2039024047,NC_000017.11:80104587:T:C,single nucleotide variant,missense variant|initiator_codon_variant,Pathogenic,"Apr 4, 2023",reviewed by expert panel,,,,,,,
NM_000152.5(GAA):c.118C>T (p.Arg40Ter),GAA,R40*,"Glycogen storage disease, type II",VCV000426593,17,78078503,17,80104704,426593,415589,rs767409395,NC_000017.11:80104703:C:T,single nucleotide variant,nonsense,Pathogenic,"Apr 6, 2020",reviewed by expert panel,,,,,,,
NM_000152.5(GAA):c.148G>T (p.Glu50Ter),GAA,E50*,"Glycogen storage disease, type II",VCV000938653,17,78078533,17,80104734,938653,938282,rs1555598609,NC_000017.11:80104733:G:T,single nucleotide variant,nonsense,Pathogenic,"Aug 22, 2019","criteria provided, single submitter",,,,,,,
NM_000152.5(GAA):c.169C>T (p.Gln57Ter),GAA,Q57*,"Glycogen storage disease, type II",VCV000370124,17,78078554,17,80104755,370124,358484,rs1057516251,NC_000017.11:80104754:C:T,single nucleotide variant,nonsense,Pathogenic,"Nov 6, 2023",reviewed by expert panel,,,,,,,
NM_000152.5(GAA):c.172C>T (p.Gln58Ter),GAA,Q58*,"Glycogen storage disease, type II",VCV000188903,17,78078557,17,80104758,188903,186988,rs201185475,NC_000017.11:80104757:C:T,single nucleotide variant,nonsense,Pathogenic,"Apr 20, 2020",reviewed by expert panel,,,,,,,
NM_000152.5(GAA):c.241C>T (p.Gln81Ter),GAA,Q81*,"Glycogen storage disease, type II",VCV000557360,17,78078626,17,80104827,557360,548360,rs1555598687,NC_000017.11:80104826:C:T,single nucleotide variant,nonsense,Pathogenic,"Jun 15, 2020",reviewed by expert panel,,,,,,,
NM_000152.5(GAA):c.246C>A (p.Cys82Ter),GAA,C82*,"Glycogen storage disease, type II",VCV001693546,17,78078631,17,80104832,1693546,1685980,rs749584846,NC_000017.11:80104831:C:A,single nucleotide variant,nonsense,Pathogenic,"Jan 4, 2022",reviewed by expert panel,,,,,,,
NM_000152.5(GAA):c.307T>G (p.Cys103Gly),CCDC40|GAA,C103G,"Glycogen storage disease, type II",VCV000092483,17,78078692,17,80104893,92483,98392,rs398123174,NC_000017.11:80104892:T:G,single nucleotide variant,missense variant,Pathogenic,"Sep 21, 2022",reviewed by expert panel,,,,,,,
NM_000152.5(GAA):c.309C>G (p.Cys103Trp),GAA,C103W,"Glycogen storage disease, type II",VCV001400946,17,78078694,17,80104895,1400946,1463798,rs373307393,NC_000017.11:80104894:C:G,single nucleotide variant,missense variant,Pathogenic,"Jan 24, 2025","criteria provided, multiple submitters, no conflicts",,,,,,,
NM_000152.5(GAA):c.309C>A (p.Cys103Ter),GAA,C103*,"not provided|Glycogen storage disease, type II",VCV001322963,17,78078694,17,80104895,1322963,1313258,rs373307393,NC_000017.11:80104894:C:A,single nucleotide variant,nonsense,Pathogenic,"Aug 28, 2023","criteria provided, multiple submitters, no conflicts",,,,,,,
NM_000152.5(GAA):c.322T>A (p.Cys108Ser),GAA,C108S,"Glycogen storage disease, type II",VCV000847865,17,78078707,17,80104908,847865,846388,rs2039038743,NC_000017.11:80104907:T:A,single nucleotide variant,missense variant,Pathogenic,"Jan 4, 2020","criteria provided, single submitter",,,,,,,
NM_000152.5(GAA):c.343C>T (p.Gln115Ter),GAA,Q115*,"Glycogen storage disease, type II",VCV000188996,17,78078728,17,80104929,188996,186989,rs786204614,NC_000017.11:80104928:C:T,single nucleotide variant,nonsense,Pathogenic,"Mar 7, 2023",reviewed by expert panel,,,,,,,
NM_000152.5(GAA):c.352C>T (p.Gln118Ter),GAA,Q118*,"Glycogen storage disease, type II",VCV000553894,17,78078737,17,80104938,553894,549141,rs1555598800,NC_000017.11:80104937:C:T,single nucleotide variant,nonsense,Pathogenic,"May 19, 2020",reviewed by expert panel,,,,,,,
NM_000152.5(GAA):c.377G>A (p.Trp126Ter),GAA,W126*,"Glycogen storage disease, type II",VCV000932904,17,78078762,17,80104963,932904,921196,rs1011631903,NC_000017.11:80104962:G:A,single nucleotide variant,nonsense,Pathogenic,"Apr 20, 2020",reviewed by expert panel,,,,,,,
NM_000152.5(GAA):c.378G>A (p.Trp126Ter),GAA,W126*,"Glycogen storage disease, type II",VCV000938008,17,78078763,17,80104964,938008,938284,rs2039041225,NC_000017.11:80104963:G:A,single nucleotide variant,nonsense,Pathogenic,"Dec 2, 2025",reviewed by expert panel,,,,,,,
NM_000152.5(GAA):c.399C>A (p.Tyr133Ter),GAA,Y133*,"Glycogen storage disease, type II",VCV000932906,17,78078784,17,80104985,932906,921197,rs2039042313,NC_000017.11:80104984:C:A,single nucleotide variant,nonsense,Pathogenic,"Feb 14, 2020",reviewed by expert panel,,,,,,,
NM_000152.5(GAA):c.444C>G (p.Tyr148Ter),GAA,Y148*,"Glycogen storage disease, type II",VCV001327503,17,78078829,17,80105030,1327503,1318076,rs886043112,NC_000017.11:80105029:C:G,single nucleotide variant,nonsense,Pathogenic,"Dec 2, 2021",reviewed by expert panel,,,,,,,
NM_000152.5(GAA):c.546G>T (p.Thr182=),GAA,,"Glycogen storage disease, type II",VCV000370637,17,78078931,17,80105132,370637,358489,rs143523371,NC_000017.11:80105131:G:T,single nucleotide variant,synonymous variant,Pathogenic,"Dec 2, 2021",reviewed by expert panel,,,,,,,
NM_000152.5(GAA):c.546G>C (p.Thr182=),GAA,,"Glycogen storage disease, type II",VCV000281056,17,78078931,17,80105132,281056,265293,rs143523371,NC_000017.11:80105131:G:C,single nucleotide variant,synonymous variant,Pathogenic,"Apr 1, 2025",reviewed by expert panel,,,,,,,
NM_000152.5(GAA):c.546G>A (p.Thr182=),GAA,,"Glycogen storage disease, type II",VCV000280955,17,78078931,17,80105132,280955,265192,rs143523371,NC_000017.11:80105131:G:A,single nucleotide variant,synonymous variant,Pathogenic,"Jul 18, 2023",reviewed by expert panel,,,,,,,
NM_000152.5(GAA):c.546+1G>T,GAA,,"Glycogen storage disease, type II",VCV003241650,17,78078932,17,80105133,3241650,3400628,rs2510347650,NC_000017.11:80105132:G:T,single nucleotide variant,splice donor variant,Pathogenic,"Jul 1, 2025",reviewed by expert panel,,,,,,,
NM_000152.5(GAA):c.547-2A>G,GAA,,"Glycogen storage disease, type II",VCV004817594,17,78079546,17,80105747,4817594,4929731,,NC_000017.11:80105746:A:G,single nucleotide variant,splice acceptor variant,Pathogenic,"Jul 1, 2024","criteria provided, single submitter",,,,,,,
NM_000152.5(GAA):c.547-1G>C,GAA,,"Glycogen storage disease, type II",VCV001431937,17,78079547,17,80105748,1431937,1406008,rs2143833579,NC_000017.11:80105747:G:C,single nucleotide variant,splice acceptor variant,Pathogenic,"Oct 8, 2024","criteria provided, single submitter",,,,,,,
NM_000152.5(GAA):c.573C>A (p.Tyr191Ter),GAA,Y191*,"Glycogen storage disease, type II",VCV000370276,17,78079574,17,80105775,370276,358490,rs376229714,NC_000017.11:80105774:C:A,single nucleotide variant,nonsense,Pathogenic,"May 19, 2020",reviewed by expert panel,,,,,,,
NM_000152.5(GAA):c.584T>A (p.Leu195Ter),GAA,L195*,"Glycogen storage disease, type II",VCV002123166,17,78079585,17,80105786,2123166,2181060,rs2510350392,NC_000017.11:80105785:T:A,single nucleotide variant,nonsense,Pathogenic,"Apr 8, 2022","criteria provided, single submitter",,,,,,,
NM_000152.5(GAA):c.643G>T (p.Glu215Ter),GAA,E215*,"Glycogen storage disease, type II",VCV000935900,17,78079644,17,80105845,935900,938286,rs201286896,NC_000017.11:80105844:G:T,single nucleotide variant,nonsense,Pathogenic,"Dec 16, 2025",reviewed by expert panel,,,,,,,
NM_000152.5(GAA):c.655G>A (p.Gly219Arg),GAA,G219R,"Glycogen storage disease, type II",VCV000189065,17,78079656,17,80105857,189065,186993,rs370950728,NC_000017.11:80105856:G:A,single nucleotide variant,missense variant,Pathogenic,"Sep 9, 2025",reviewed by expert panel,,,,,,,
NM_000152.5(GAA):c.670C>T (p.Arg224Trp),GAA,R224W,"Glycogen storage disease, type II",VCV000189188,17,78079671,17,80105872,189188,186994,rs757700700,NC_000017.11:80105871:C:T,single nucleotide variant,missense variant,Pathogenic,"May 3, 2020",reviewed by expert panel,,,,,,,
NM_000152.5(GAA):c.692+1G>T,GAA,,"Glycogen storage disease, type II",VCV002956380,17,78079694,17,80105895,2956380,3115434,rs773281453,NC_000017.11:80105894:G:T,single nucleotide variant,splice donor variant,Pathogenic,"Jan 17, 2024","criteria provided, single submitter",,,,,,,
NM_000152.5(GAA):c.692+1G>C,GAA,,"Glycogen storage disease, type II",VCV000972793,17,78079694,17,80105895,972793,961114,rs773281453,NC_000017.11:80105894:G:C,single nucleotide variant,splice donor variant,Pathogenic,"Jan 7, 2025",reviewed by expert panel,,,,,,,
NM_000152.5(GAA):c.692+1G>A,GAA,,"Glycogen storage disease, type II",VCV000972792,17,78079694,17,80105895,972792,961113,rs773281453,NC_000017.11:80105894:G:A,single nucleotide variant,splice donor variant,Pathogenic,"Jan 16, 2026",reviewed by expert panel,,,,,,,
NM_000152.5(GAA):c.739C>T (p.Gln247Ter),GAA,Q247*,"Glycogen storage disease, type II",VCV002013899,17,78081402,17,80107603,2013899,2067982,rs2510357571,NC_000017.11:80107602:C:T,single nucleotide variant,nonsense,Pathogenic,"Jul 4, 2022","criteria provided, single submitter",,,,,,,
NM_000152.5(GAA):c.763C>T (p.Gln255Ter),GAA,Q255*,"Glycogen storage disease, type II",VCV000984801,17,78081426,17,80107627,984801,972898,rs2039118159,NC_000017.11:80107626:C:T,single nucleotide variant,nonsense,Pathogenic,"Jun 16, 2020",reviewed by expert panel,,,,,,,
NM_000152.5(GAA):c.784G>A (p.Glu262Lys),GAA,E262K,"Glycogen storage disease, type II",VCV000188806,17,78081447,17,80107648,188806,186996,rs201896815,NC_000017.11:80107647:G:A,single nucleotide variant,missense variant,Pathogenic,"Aug 25, 2021",reviewed by expert panel,,,,,,,
NM_000152.5(GAA):c.871C>T (p.Leu291Phe),GAA,L291F,"Glycogen storage disease, type II",VCV000956209,17,78081611,17,80107812,956209,950358,rs773417785,NC_000017.11:80107811:C:T,single nucleotide variant,missense variant,Pathogenic,"Oct 26, 2021",reviewed by expert panel,,,,,,,
NM_000152.5(GAA):c.872T>C (p.Leu291Pro),GAA,L291P,"Glycogen storage disease, type II",VCV001327502,17,78081612,17,80107813,1327502,1318075,rs2143849151,NC_000017.11:80107812:T:C,single nucleotide variant,missense variant,Pathogenic,"Dec 2, 2021",reviewed by expert panel,,,,,,,
NM_000152.5(GAA):c.875A>G (p.Tyr292Cys),GAA,Y292C,"not provided|Glycogen storage disease, type II",VCV000370577,17,78081615,17,80107816,370577,358491,rs1057516600,NC_000017.11:80107815:A:G,single nucleotide variant,missense variant,Pathogenic,"Nov 4, 2025","criteria provided, multiple submitters, no conflicts",,,,,,,
NM_000152.5(GAA):c.876C>G (p.Tyr292Ter),GAA,Y292*,"Glycogen storage disease, type II",VCV000637958,17,78081616,17,80107817,637958,625779,rs763216519,NC_000017.11:80107816:C:G,single nucleotide variant,nonsense,Pathogenic,"Oct 5, 2020",reviewed by expert panel,,,,,,,
NM_000152.5(GAA):c.877G>A (p.Gly293Arg),GAA,G293R,"Glycogen storage disease, type II",VCV000004036,17,78081617,17,80107818,4036,19075,rs121907945,NC_000017.11:80107817:G:A,single nucleotide variant,missense variant,Pathogenic,"Nov 2, 2022",reviewed by expert panel,,,,,,,
NM_000152.5(GAA):c.896T>C (p.Leu299Pro),GAA,L299P,"Glycogen storage disease, type II",VCV000180144,17,78081636,17,80107837,180144,178325,rs121907940,NC_000017.11:80107836:T:C,single nucleotide variant,missense variant,Pathogenic,"May 11, 2022",reviewed by expert panel,,,,,,,
NM_000152.5(GAA):c.925G>A (p.Gly309Arg),GAA,G309R,"Glycogen storage disease, type II",VCV000188797,17,78081665,17,80107866,188797,186997,rs543300039,NC_000017.11:80107865:G:A,single nucleotide variant,missense variant,Pathogenic,"Sep 7, 2021",reviewed by expert panel,,,,,,,
NM_000152.5(GAA):c.953T>C (p.Met318Thr),GAA,M318T,"Glycogen storage disease, type II",VCV000004021,17,78081693,17,80107894,4021,19060,rs121907936,NC_000017.11:80107893:T:C,single nucleotide variant,missense variant,Pathogenic,"Sep 6, 2022",reviewed by expert panel,,,,,,,
NM_000152.5(GAA):c.955+1G>A,GAA,,"Glycogen storage disease, type II",VCV000932905,17,78081696,17,80107897,932905,921200,rs1403691329,NC_000017.11:80107896:G:A,single nucleotide variant,splice donor variant,Pathogenic,"Feb 14, 2020",reviewed by expert panel,,,,,,,
NM_000152.5(GAA):c.989G>A (p.Trp330Ter),GAA,W330*,"Glycogen storage disease, type II",VCV000550355,17,78082122,17,80108323,550355,548409,rs1555599960,NC_000017.11:80108322:G:A,single nucleotide variant,nonsense,Pathogenic,"Apr 21, 2020",reviewed by expert panel,,,,,,,
NM_000152.5(GAA):c.1062C>G (p.Tyr354Ter),GAA,Y354*,"Glycogen storage disease, type II",VCV004710429,17,78082195,17,80108396,4710429,4820985,,NC_000017.11:80108395:C:G,single nucleotide variant,nonsense,Pathogenic,"Feb 27, 2025","criteria provided, single submitter",,,,,,,
NM_000152.5(GAA):c.1062C>A (p.Tyr354Ter),GAA,Y354*,"Glycogen storage disease, type II",VCV000423925,17,78082195,17,80108396,423925,410291,rs1064796703,NC_000017.11:80108395:C:A,single nucleotide variant,nonsense,Pathogenic,"Apr 19, 2023",reviewed by expert panel,,,,,,,
NM_000152.5(GAA):c.1064T>C (p.Leu355Pro),GAA,L355P,"Glycogen storage disease, type II",VCV000284093,17,78082197,17,80108398,284093,268330,rs766074609,NC_000017.11:80108397:T:C,single nucleotide variant,missense variant,Pathogenic,"Sep 7, 2021",reviewed by expert panel,,,,,,,
NM_000152.5(GAA):c.1075G>A (p.Gly359Arg),GAA,G359R,"Glycogen storage disease, type II",VCV002727745,17,78082208,17,80108409,2727745,2892951,rs1064794288,NC_000017.11:80108408:G:A,single nucleotide variant,missense variant,Pathogenic,"Nov 4, 2025",reviewed by expert panel,,,,,,,
NM_000152.5(GAA):c.1075G>T (p.Gly359Ter),GAA,G359*,"Glycogen storage disease, type II",VCV000420101,17,78082208,17,80108409,420101,410292,rs1064794288,NC_000017.11:80108408:G:T,single nucleotide variant,nonsense,Pathogenic,"Oct 5, 2020",reviewed by expert panel,,,,,,,
NM_000152.5(GAA):c.1076-22T>G,GAA,,"Glycogen storage disease, type II",VCV000370278,17,78082266,17,80108467,370278,358492,rs762260678,NC_000017.11:80108466:T:G,single nucleotide variant,intron variant,Pathogenic,"Feb 6, 2024",reviewed by expert panel,,,,,,,
NM_000152.5(GAA):c.1076-2A>G,GAA,,"not provided|Glycogen storage disease, type II",VCV000370173,17,78082286,17,80108487,370173,358493,rs1057516290,NC_000017.11:80108486:A:G,single nucleotide variant,splice acceptor variant,Pathogenic,"Jul 8, 2023","criteria provided, multiple submitters, no conflicts",,,,,,,
NM_000152.5(GAA):c.1076-1G>C,GAA,,"Glycogen storage disease, type II",VCV001353052,17,78082287,17,80108488,1353052,1421034,rs1555600050,NC_000017.11:80108487:G:C,single nucleotide variant,splice acceptor variant,Pathogenic,"Mar 7, 2023",reviewed by expert panel,,,,,,,
NM_000152.5(GAA):c.1082C>T (p.Pro361Leu),GAA,P361L,"Glycogen storage disease, type II",VCV000403712,17,78082294,17,80108495,403712,390687,rs755253527,NC_000017.11:80108494:C:T,single nucleotide variant,missense variant,Pathogenic,"Jun 3, 2022",reviewed by expert panel,,,,,,,
NM_000152.5(GAA):c.1100G>A (p.Trp367Ter),GAA,W367*,"Glycogen storage disease, type II",VCV000972773,17,78082312,17,80108513,972773,961117,rs1478500490,NC_000017.11:80108512:G:A,single nucleotide variant,nonsense,Pathogenic,"Oct 30, 2024","criteria provided, multiple submitters, no conflicts",,,,,,,
NM_000152.5(GAA):c.1115A>T (p.His372Leu),GAA,H372L,"not provided|Glycogen storage disease, type II",VCV000370483,17,78082327,17,80108528,370483,358495,rs1057516520,NC_000017.11:80108527:A:T,single nucleotide variant,missense variant,Pathogenic,"Jul 7, 2025","criteria provided, multiple submitters, no conflicts",,,,,,,
NM_000152.5(GAA):c.1124G>T (p.Arg375Leu),GAA,R375L,"Glycogen storage disease, type II",VCV000283230,17,78082336,17,80108537,283230,267467,rs142752477,NC_000017.11:80108536:G:T,single nucleotide variant,missense variant,Pathogenic,"Dec 16, 2025",reviewed by expert panel,,,,,,,
NM_000152.5(GAA):c.1134C>A (p.Tyr378Ter),GAA,Y378*,"Glycogen storage disease, type II",VCV001070552,17,78082346,17,80108547,1070552,1064452,rs1567830317,NC_000017.11:80108546:C:A,single nucleotide variant,nonsense,Pathogenic,"Mar 23, 2022","criteria provided, single submitter",,,,,,,
NM_000152.5(GAA):c.1134C>G (p.Tyr378Ter),GAA,Y378*,"Glycogen storage disease, type II",VCV000595469,17,78082346,17,80108547,595469,586531,rs1567830317,NC_000017.11:80108546:C:G,single nucleotide variant,nonsense,Pathogenic,"Jul 3, 2023",reviewed by expert panel,,,,,,,
NM_000152.5(GAA):c.1156C>T (p.Gln386Ter),GAA,Q386*,"Glycogen storage disease, type II",VCV000188858,17,78082368,17,80108569,188858,187000,rs786204517,NC_000017.11:80108568:C:T,single nucleotide variant,nonsense,Pathogenic,"Apr 6, 2020",reviewed by expert panel,,,,,,,
NM_000152.5(GAA):c.1195-1G>A,GAA,,"Glycogen storage disease, type II",VCV000549946,17,78082495,17,80108696,549946,548414,rs1555600166,NC_000017.11:80108695:G:A,single nucleotide variant,splice acceptor variant,Pathogenic,"Jan 5, 2026","criteria provided, single submitter",,,,,,,
NM_000152.5(GAA):c.1210G>A (p.Asp404Asn),GAA,D404N,"Glycogen storage disease, type II",VCV000657348,17,78082511,17,80108712,657348,646886,rs141533320,NC_000017.11:80108711:G:A,single nucleotide variant,missense variant,Pathogenic,"Sep 21, 2022",reviewed by expert panel,,,,,,,
NM_000152.5(GAA):c.1285C>T (p.Gln429Ter),GAA,Q429*,"Glycogen storage disease, type II",VCV001992776,17,78082586,17,80108787,1992776,2059297,rs528369909,NC_000017.11:80108786:C:T,single nucleotide variant,nonsense,Pathogenic,"May 10, 2022","criteria provided, single submitter",,,,,,,
NM_000152.5(GAA):c.1309C>T (p.Arg437Cys),GAA,R437C,"Glycogen storage disease, type II",VCV000189082,17,78082610,17,80108811,189082,187001,rs770610356,NC_000017.11:80108810:C:T,single nucleotide variant,missense variant,Pathogenic,"Jun 30, 2022",reviewed by expert panel,,,,,,,
NM_000152.5(GAA):c.1314C>A (p.Tyr438Ter),GAA,Y438*,"Glycogen storage disease, type II",VCV002071694,17,78082615,17,80108816,2071694,2123071,rs1333715186,NC_000017.11:80108815:C:A,single nucleotide variant,nonsense,Pathogenic,"Oct 9, 2023","criteria provided, single submitter",,,,,,,
NM_000152.5(GAA):c.1316T>A (p.Met439Lys),GAA,M439K,"Glycogen storage disease, type II",VCV000371305,17,78082617,17,80108818,371305,358501,rs747610090,NC_000017.11:80108817:T:A,single nucleotide variant,missense variant,Pathogenic,"Jun 3, 2022",reviewed by expert panel,,,,,,,
NM_000152.5(GAA):c.1326+1G>A,GAA,,"Glycogen storage disease, type II",VCV000597944,17,78082628,17,80108829,597944,589005,rs1205507761,NC_000017.11:80108828:G:A,single nucleotide variant,splice donor variant,Pathogenic,"Oct 17, 2022",reviewed by expert panel,,,,,,,
NM_000152.5(GAA):c.1327-2A>G,GAA,,"Glycogen storage disease, type II",VCV000972762,17,78083742,17,80109943,972762,961119,rs1410829147,NC_000017.11:80109942:A:G,single nucleotide variant,splice acceptor variant,Pathogenic,"Sep 17, 2024",reviewed by expert panel,,,,,,,
NM_000152.5(GAA):c.1364A>G (p.Tyr455Cys),GAA,Y455C,"Glycogen storage disease, type II",VCV002736675,17,78083781,17,80109982,2736675,2905249,rs2510370057,NC_000017.11:80109981:A:G,single nucleotide variant,missense variant,Pathogenic,"Nov 29, 2022","criteria provided, single submitter",,,,,,,
NM_000152.5(GAA):c.1374C>A (p.Tyr458Ter),GAA,Y458*,"Glycogen storage disease, type II",VCV003721981,17,78083791,17,80109992,3721981,3860085,,NC_000017.11:80109991:C:A,single nucleotide variant,nonsense,Pathogenic,"Oct 1, 2024","criteria provided, single submitter",,,,,,,
NM_000152.5(GAA):c.1420C>T (p.Gln474Ter),GAA,Q474*,"Glycogen storage disease, type II",VCV003647163,17,78083837,17,80110038,3647163,3784296,,NC_000017.11:80110037:C:T,single nucleotide variant,nonsense,Pathogenic,"Mar 21, 2024","criteria provided, single submitter",,,,,,,
NM_000152.5(GAA):c.1432G>A (p.Gly478Arg),GAA,G478R,"Glycogen storage disease, type II",VCV000551295,17,78083849,17,80110050,551295,548784,rs778068209,NC_000017.11:80110049:G:A,single nucleotide variant,missense variant,Pathogenic,"Nov 5, 2024",reviewed by expert panel,,,,,,,
NM_000152.5(GAA):c.1437+2T>C,GAA,,"Glycogen storage disease, type II",VCV000849313,17,78083856,17,80110057,849313,852925,rs1598580407,NC_000017.11:80110056:T:C,single nucleotide variant,splice donor variant,Pathogenic,"Oct 4, 2024",reviewed by expert panel,,,,,,,
NM_000152.5(GAA):c.1438-2A>G,GAA,,"Glycogen storage disease, type II",VCV000526521,17,78084524,17,80110725,526521,531972,rs1555600730,NC_000017.11:80110724:A:G,single nucleotide variant,splice acceptor variant,Pathogenic,"Mar 30, 2020",reviewed by expert panel,,,,,,,
NM_000152.5(GAA):c.1438-1G>C,GAA,,"Glycogen storage disease, type II",VCV000189184,17,78084525,17,80110726,189184,187003,rs147804176,NC_000017.11:80110725:G:C,single nucleotide variant,splice acceptor variant,Pathogenic,"May 4, 2020",reviewed by expert panel,,,,,,,
NM_000152.5(GAA):c.1441T>C (p.Trp481Arg),GAA,W481R,"Glycogen storage disease, type II",VCV000189007,17,78084529,17,80110730,189007,187004,rs772883420,NC_000017.11:80110729:T:C,single nucleotide variant,missense variant,Pathogenic,"Oct 1, 2023",reviewed by expert panel,,,,,,,
NM_000152.5(GAA):c.1443G>A (p.Trp481Ter),GAA,W481*,"Glycogen storage disease, type II",VCV001073372,17,78084531,17,80110732,1073372,1064457,rs2143871845,NC_000017.11:80110731:G:A,single nucleotide variant,nonsense,Pathogenic,"Mar 30, 2020","criteria provided, multiple submitters, no conflicts",,,,,,,
NM_000152.5(GAA):c.1447G>A (p.Gly483Arg),GAA,G483R,"Glycogen storage disease, type II",VCV000285157,17,78084535,17,80110736,285157,269394,rs770590394,NC_000017.11:80110735:G:A,single nucleotide variant,missense variant,Pathogenic,"May 7, 2024",reviewed by expert panel,,,,,,,
NM_000152.5(GAA):c.1465G>A (p.Asp489Asn),GAA,D489N,"Glycogen storage disease, type II",VCV000092465,17,78084553,17,80110754,92465,98374,rs398123169,NC_000017.11:80110753:G:A,single nucleotide variant,missense variant,Pathogenic,"Feb 7, 2023",reviewed by expert panel,,,,,,,
NM_000152.5(GAA):c.1496G>A (p.Trp499Ter),GAA,W499*,"Glycogen storage disease, type II",VCV000556959,17,78084584,17,80110785,556959,548413,rs766680292,NC_000017.11:80110784:G:A,single nucleotide variant,nonsense,Pathogenic,"Oct 5, 2020",reviewed by expert panel,,,,,,,
NM_000152.5(GAA):c.1497G>A (p.Trp499Ter),GAA,W499*,"Glycogen storage disease, type II",VCV001711447,17,78084585,17,80110786,1711447,1709863,rs2510373982,NC_000017.11:80110785:G:A,single nucleotide variant,nonsense,Pathogenic,"Jul 1, 2025",reviewed by expert panel,,,,,,,
NM_000152.5(GAA):c.1548G>A (p.Trp516Ter),GAA,W516*,"Glycogen storage disease, type II",VCV000189025,17,78084636,17,80110837,189025,187005,rs140826989,NC_000017.11:80110836:G:A,single nucleotide variant,nonsense,Pathogenic,"Feb 14, 2020",reviewed by expert panel,,,,,,,
NM_000152.5(GAA):c.1551+1G>A,GAA,,"Glycogen storage disease, type II",VCV001065143,17,78084640,17,80110841,1065143,1053481,rs770780848,NC_000017.11:80110840:G:A,single nucleotide variant,splice donor variant,Pathogenic,"Jan 21, 2025",reviewed by expert panel,,,,,,,
NM_000152.5(GAA):c.1551+1G>T,GAA,,"Glycogen storage disease, type II",VCV000555986,17,78084640,17,80110841,555986,548423,rs770780848,NC_000017.11:80110840:G:T,single nucleotide variant,splice donor variant,Pathogenic,"May 20, 2025",reviewed by expert panel,,,,,,,
NM_000152.5(GAA):c.1551+1G>C,GAA,,"Glycogen storage disease, type II",VCV000554983,17,78084640,17,80110841,554983,548786,rs770780848,NC_000017.11:80110840:G:C,single nucleotide variant,splice donor variant,Pathogenic,"Oct 4, 2024",reviewed by expert panel,,,,,,,
NM_000152.5(GAA):c.1552-2A>C,GAA,,"Glycogen storage disease, type II",VCV002440386,17,78084738,17,80110939,2440386,2414747,rs1555600846,NC_000017.11:80110938:A:C,single nucleotide variant,splice acceptor variant,Pathogenic,"Mar 3, 2026",reviewed by expert panel,,,,,,,
NM_000152.5(GAA):c.1552-2A>G,GAA,,"Glycogen storage disease, type II",VCV000550010,17,78084738,17,80110939,550010,548788,rs1555600846,NC_000017.11:80110938:A:G,single nucleotide variant,splice acceptor variant,Pathogenic,"Jun 16, 2023","criteria provided, single submitter",,,,,,,
NM_000152.5(GAA):c.1556T>C (p.Met519Thr),GAA,M519T,"Glycogen storage disease, type II",VCV000189124,17,78084744,17,80110945,189124,187006,rs786204720,NC_000017.11:80110944:T:C,single nucleotide variant,missense variant,Pathogenic,"May 7, 2024",reviewed by expert panel,,,,,,,
NM_000152.5(GAA):c.1557G>A (p.Met519Ile),GAA,M519I,"Glycogen storage disease, type II",VCV001415612,17,78084745,17,80110946,1415612,1375119,rs1447365901,NC_000017.11:80110945:G:A,single nucleotide variant,missense variant,Pathogenic,"Dec 3, 2023","criteria provided, multiple submitters, no conflicts",,,,,,,
NM_000152.5(GAA):c.1559A>T (p.Asn520Ile),GAA,N520I,"Glycogen storage disease, type II",VCV003065656,17,78084747,17,80110948,3065656,3225675,rs1555600852,NC_000017.11:80110947:A:T,single nucleotide variant,missense variant,Pathogenic,"Mar 29, 2024","criteria provided, single submitter",,,,,,,
NM_000152.5(GAA):c.1561G>C (p.Glu521Gln),GAA,E521Q,"Glycogen storage disease, type II",VCV002736677,17,78084749,17,80110950,2736677,2905251,rs121907937,NC_000017.11:80110949:G:C,single nucleotide variant,missense variant,Pathogenic,"Sep 25, 2024","criteria provided, single submitter",,,,,,,
NM_000152.5(GAA):c.1561G>A (p.Glu521Lys),GAA,E521K,"Glycogen storage disease, type II",VCV000004022,17,78084749,17,80110950,4022,19061,rs121907937,NC_000017.11:80110949:G:A,single nucleotide variant,missense variant,Pathogenic,"Dec 3, 2024",reviewed by expert panel,,,,,,,
NM_000152.5(GAA):c.1562A>T (p.Glu521Val),GAA,E521V,"Glycogen storage disease, type II",VCV000972760,17,78084750,17,80110951,972760,961121,rs1455277014,NC_000017.11:80110950:A:T,single nucleotide variant,missense variant,Pathogenic,"Dec 16, 2025",reviewed by expert panel,,,,,,,
NM_000152.5(GAA):c.1564C>G (p.Pro522Ala),GAA,P522A,"Glycogen storage disease, type II",VCV000371277,17,78084752,17,80110953,371277,358502,rs892129065,NC_000017.11:80110952:C:G,single nucleotide variant,missense variant,Pathogenic,"Mar 19, 2024",reviewed by expert panel,,,,,,,
NM_000152.5(GAA):c.1585T>C (p.Ser529Pro),GAA,S529P,"Glycogen storage disease, type II",VCV000645572,17,78084773,17,80110974,645572,646894,rs1598582021,NC_000017.11:80110973:T:C,single nucleotide variant,missense variant,Pathogenic,"Dec 28, 2018","criteria provided, single submitter",,,,,,,
NM_000152.5(GAA):c.1588G>T (p.Glu530Ter),GAA,E530*,"Glycogen storage disease, type II",VCV003657633,17,78084776,17,80110977,3657633,3779588,,NC_000017.11:80110976:G:T,single nucleotide variant,nonsense,Pathogenic,"Jun 24, 2024","criteria provided, single submitter",,,,,,,
NM_000152.5(GAA):c.1634C>T (p.Pro545Leu),GAA,P545L,"not provided|Glycogen storage disease, type II",VCV000004032,17,78084822,17,80111023,4032,19071,rs121907942,NC_000017.11:80111022:C:T,single nucleotide variant,missense variant,Pathogenic,"Jan 19, 2026","criteria provided, multiple submitters, no conflicts",,,,,,,
NM_000152.5(GAA):c.1637-2A>G,GAA,,"Glycogen storage disease, type II",VCV001454720,17,78085780,17,80111981,1454720,1445058,rs2143882034,NC_000017.11:80111980:A:G,single nucleotide variant,splice acceptor variant,Pathogenic,"May 31, 2021","criteria provided, single submitter",,,,,,,
NM_000152.5(GAA):c.1645G>A (p.Gly549Arg),GAA,G549R,"Glycogen storage disease, type II",VCV002202283,17,78085790,17,80111991,2202283,1931406,rs780800306,NC_000017.11:80111990:G:A,single nucleotide variant,missense variant,Pathogenic,"Aug 25, 2023","criteria provided, single submitter",,,,,,,
NM_000152.5(GAA):c.1655T>C (p.Leu552Pro),GAA,L552P,"Glycogen storage disease, type II",VCV000279811,17,78085800,17,80112001,279811,265030,rs779556619,NC_000017.11:80112000:T:C,single nucleotide variant,missense variant,Pathogenic,"Sep 7, 2021",reviewed by expert panel,,,,,,,
NM_000152.5(GAA):c.1657C>T (p.Gln553Ter),GAA,Q553*,"Glycogen storage disease, type II",VCV000982109,17,78085802,17,80112003,982109,970243,rs1221156663,NC_000017.11:80112002:C:T,single nucleotide variant,nonsense,Pathogenic,"Apr 15, 2025",reviewed by expert panel,,,,,,,
NM_000152.5(GAA):c.1669A>T (p.Ile557Phe),GAA,I557F,"Glycogen storage disease, type II",VCV000558634,17,78085814,17,80112015,558634,548790,rs747150965,NC_000017.11:80112014:A:T,single nucleotide variant,missense variant,Pathogenic,"Dec 16, 2025",reviewed by expert panel,,,,,,,
NM_000152.5(GAA):c.1687C>T (p.Gln563Ter),GAA,Q563*,"Glycogen storage disease, type II",VCV000370357,17,78085832,17,80112033,370357,358504,rs1057516426,NC_000017.11:80112032:C:T,single nucleotide variant,nonsense,Pathogenic,"Feb 14, 2020",reviewed by expert panel,,,,,,,
NM_000152.5(GAA):c.1703A>G (p.His568Arg),GAA,H568R,"Glycogen storage disease, type II",VCV003235261,17,78085848,17,80112049,3235261,3394380,rs2143882997,NC_000017.11:80112048:A:G,single nucleotide variant,missense variant,Pathogenic,"May 9, 2024","criteria provided, single submitter",,,,,,,
NM_000152.5(GAA):c.1725C>A (p.Tyr575Ter),GAA,Y575*,"Glycogen storage disease, type II",VCV000972744,17,78085870,17,80112071,972744,961124,rs112517802,NC_000017.11:80112070:C:A,single nucleotide variant,nonsense,Pathogenic,"Oct 14, 2025",reviewed by expert panel,,,,,,,
NM_000152.5(GAA):c.1735G>A (p.Glu579Lys),GAA,E579K,"Glycogen storage disease, type II",VCV000495664,17,78085880,17,80112081,495664,487917,rs991082382,NC_000017.11:80112080:G:A,single nucleotide variant,missense variant,Pathogenic,"Dec 6, 2022",reviewed by expert panel,,,,,,,
NM_000152.5(GAA):c.1754+1G>T,GAA,,"Glycogen storage disease, type II",VCV004817583,17,78085900,17,80112101,4817583,4929720,,NC_000017.11:80112100:G:T,single nucleotide variant,splice donor variant,Pathogenic,"May 1, 2024","criteria provided, single submitter",,,,,,,
NM_000152.5(GAA):c.1754+1G>A,GAA,,"Glycogen storage disease, type II",VCV000286458,17,78085900,17,80112101,286458,270695,rs886043399,NC_000017.11:80112100:G:A,single nucleotide variant,splice donor variant,Pathogenic,"Feb 5, 2020",reviewed by expert panel,,,,,,,
NM_000152.5(GAA):c.1754+2T>A,GAA,,"Glycogen storage disease, type II",VCV002736680,17,78085901,17,80112102,2736680,2905254,rs2143884018,NC_000017.11:80112101:T:A,single nucleotide variant,splice donor variant,Pathogenic,"Jan 16, 2026",reviewed by expert panel,,,,,,,
NM_000152.5(GAA):c.1781G>A (p.Arg594His),GAA,R594H,"Glycogen storage disease, type II",VCV000972747,17,78086403,17,80112604,972747,961125,rs775450536,NC_000017.11:80112603:G:A,single nucleotide variant,missense variant,Pathogenic,"Feb 3, 2026",reviewed by expert panel,,,,,,,
NM_000152.5(GAA):c.1798C>T (p.Arg600Cys),GAA,R600C,"Glycogen storage disease, type II",VCV000640911,17,78086420,17,80112621,640911,646900,rs764670084,NC_000017.11:80112620:C:T,single nucleotide variant,missense variant,Pathogenic,"Sep 30, 2021",reviewed by expert panel,,,,,,,
NM_000152.5(GAA):c.1799G>A (p.Arg600His),GAA,R600H,"Glycogen storage disease, type II",VCV000370130,17,78086421,17,80112622,370130,358505,rs377544304,NC_000017.11:80112621:G:A,single nucleotide variant,missense variant,Pathogenic,"Oct 18, 2022",reviewed by expert panel,,,,,,,
NM_000152.5(GAA):c.1802C>A (p.Ser601Ter),GAA,S601*,"Glycogen storage disease, type II",VCV000593486,17,78086424,17,80112625,593486,584550,rs374470794,NC_000017.11:80112624:C:A,single nucleotide variant,nonsense,Pathogenic,"Jun 3, 2020",reviewed by expert panel,,,,,,,
NM_000152.5(GAA):c.1802C>T (p.Ser601Leu),GAA,S601L,"Glycogen storage disease, type II",VCV000194154,17,78086424,17,80112625,194154,191317,rs374470794,NC_000017.11:80112624:C:T,single nucleotide variant,missense variant,Pathogenic,"Sep 7, 2021",reviewed by expert panel,,,,,,,
NM_000152.5(GAA):c.1822C>T (p.Arg608Ter),GAA,R608*,"Glycogen storage disease, type II",VCV000972803,17,78086444,17,80112645,972803,961127,rs749529161,NC_000017.11:80112644:C:T,single nucleotide variant,nonsense,Pathogenic,"Oct 26, 2021",reviewed by expert panel,,,,,,,
NM_000152.5(GAA):c.1827C>G (p.Tyr609Ter),GAA,Y609*,"Glycogen storage disease, type II",VCV002138117,17,78086449,17,80112650,2138117,1868272,rs745754277,NC_000017.11:80112649:C:G,single nucleotide variant,nonsense,Pathogenic,"Dec 2, 2025",reviewed by expert panel,,,,,,,
NM_000152.5(GAA):c.1827C>A (p.Tyr609Ter),GAA,Y609*,"Glycogen storage disease, type II",VCV001902509,17,78086449,17,80112650,1902509,1964040,rs745754277,NC_000017.11:80112649:C:A,single nucleotide variant,nonsense,Pathogenic,"Jan 3, 2022","criteria provided, single submitter",,,,,,,
NM_000152.5(GAA):c.1829C>T (p.Ala610Val),GAA,A610V,"Glycogen storage disease, type II",VCV003902630,17,78086451,17,80112652,3902630,4018499,,NC_000017.11:80112651:C:T,single nucleotide variant,missense variant,Pathogenic,"May 28, 2025","criteria provided, single submitter",,,,,,,
NM_000152.5(GAA):c.1841C>A (p.Thr614Lys),GAA,T614K,"Glycogen storage disease, type II",VCV000167113,17,78086463,17,80112664,167113,177162,rs369531647,NC_000017.11:80112663:C:A,single nucleotide variant,missense variant,Pathogenic,"Apr 21, 2020",reviewed by expert panel,,,,,,,
NM_000152.5(GAA):c.1843G>A (p.Gly615Arg),GAA,G615R,"Glycogen storage disease, type II",VCV000188786,17,78086465,17,80112666,188786,187009,rs549029029,NC_000017.11:80112665:G:A,single nucleotide variant,missense variant,Pathogenic,"Mar 3, 2026",reviewed by expert panel,,,,,,,
NM_000152.5(GAA):c.1844G>T (p.Gly615Val),GAA,G615V,"Glycogen storage disease, type II",VCV001002225,17,78086466,17,80112667,1002225,998022,rs1243515778,NC_000017.11:80112666:G:T,single nucleotide variant,missense variant,Pathogenic,"Dec 9, 2023","criteria provided, single submitter",,,,,,,
NM_000152.5(GAA):c.1853G>A (p.Trp618Ter),GAA,W618*,"not provided|Glycogen storage disease, type II",VCV002419146,17,78086475,17,80112676,2419146,1941722,rs1384805011,NC_000017.11:80112675:G:A,single nucleotide variant,nonsense,Pathogenic,"May 7, 2025","criteria provided, multiple submitters, no conflicts",,,,,,,
NM_000152.5(GAA):c.1855A>C (p.Ser619Arg),GAA,S619R,"Glycogen storage disease, type II",VCV002702493,17,78086477,17,80112678,2702493,2866044,rs2510381595,NC_000017.11:80112677:A:C,single nucleotide variant,missense variant,Pathogenic,"Jul 5, 2025","criteria provided, single submitter",,,,,,,
NM_000152.5(GAA):c.1856G>A (p.Ser619Asn),GAA,S619N,"Glycogen storage disease, type II",VCV000370146,17,78086478,17,80112679,370146,358508,rs753269119,NC_000017.11:80112678:G:A,single nucleotide variant,missense variant,Pathogenic,"Jan 21, 2025",reviewed by expert panel,,,,,,,
NM_000152.5(GAA):c.1857C>G (p.Ser619Arg),GAA,S619R,"Glycogen storage disease, type II",VCV000550825,17,78086479,17,80112680,550825,548801,rs914396317,NC_000017.11:80112679:C:G,single nucleotide variant,missense variant,Pathogenic,"Dec 6, 2022",reviewed by expert panel,,,,,,,
NM_000152.5(GAA):c.1880C>T (p.Ser627Phe),GAA,S627F,"Glycogen storage disease, type II",VCV000597382,17,78086502,17,80112703,597382,588443,rs1024137874,NC_000017.11:80112702:C:T,single nucleotide variant,missense variant,Pathogenic,"Jun 3, 2025",reviewed by expert panel,,,,,,,
NM_000152.5(GAA):c.1895T>G (p.Leu632Arg),GAA,L632R,"Glycogen storage disease, type II",VCV000637961,17,78086681,17,80112882,637961,625782,rs1598585402,NC_000017.11:80112881:T:G,single nucleotide variant,missense variant,Pathogenic,"Jul 10, 2019",no assertion criteria provided,,,,,,,
NM_000152.5(GAA):c.1912G>T (p.Gly638Trp),GAA,G638W,"Glycogen storage disease, type II",VCV000280954,17,78086698,17,80112899,280954,265191,rs757617999,NC_000017.11:80112898:G:T,single nucleotide variant,missense variant,Pathogenic,"Jun 6, 2024",reviewed by expert panel,,,,,,,
NM_000152.5(GAA):c.1913G>T (p.Gly638Val),GAA,G638V,"Glycogen storage disease, type II",VCV000928930,17,78086699,17,80112900,928930,917278,rs1294428728,NC_000017.11:80112899:G:T,single nucleotide variant,missense variant,Pathogenic,"Jun 6, 2024",reviewed by expert panel,,,,,,,
NM_000152.5(GAA):c.1927G>A (p.Gly643Arg),GAA,G643R,"Glycogen storage disease, type II",VCV000004023,17,78086713,17,80112914,4023,19062,rs28937909,NC_000017.11:80112913:G:A,single nucleotide variant,missense variant,Pathogenic,"Jun 6, 2024",reviewed by expert panel,,,,,,,
NM_000152.5(GAA):c.1933G>T (p.Asp645Tyr),GAA,D645Y,"Glycogen storage disease, type II",VCV000556386,17,78086719,17,80112920,556386,548426,rs368438393,NC_000017.11:80112919:G:T,single nucleotide variant,missense variant,Pathogenic,"Dec 19, 2024",reviewed by expert panel,,,,,,,
NM_000152.5(GAA):c.1933G>C (p.Asp645His),GAA,D645H,"not provided|Glycogen storage disease, type II",VCV000189013,17,78086719,17,80112920,189013,187011,rs368438393,NC_000017.11:80112919:G:C,single nucleotide variant,missense variant,Pathogenic,"Nov 16, 2025","criteria provided, multiple submitters, no conflicts",,,,,,,
NM_000152.5(GAA):c.1933G>A (p.Asp645Asn),GAA,D645N,"Glycogen storage disease, type II",VCV000188728,17,78086719,17,80112920,188728,187010,rs368438393,NC_000017.11:80112919:G:A,single nucleotide variant,missense variant,Pathogenic,"May 28, 2020",reviewed by expert panel,,,,,,,
NM_000152.5(GAA):c.1935C>A (p.Asp645Glu),GAA,D645E,"Glycogen storage disease, type II",VCV000004029,17,78086721,17,80112922,4029,19068,rs28940868,NC_000017.11:80112921:C:A,single nucleotide variant,missense variant,Pathogenic,"Sep 7, 2021",reviewed by expert panel,,,,,,,
NM_000152.5(GAA):c.1941C>G (p.Cys647Trp),GAA,C647W,"Glycogen storage disease, type II",VCV000550327,17,78086727,17,80112928,550327,548439,rs776948121,NC_000017.11:80112927:C:G,single nucleotide variant,missense variant,Pathogenic,"Nov 15, 2022",reviewed by expert panel,,,,,,,
NM_000152.5(GAA):c.1942G>A (p.Gly648Ser),GAA,G648S,"Glycogen storage disease, type II",VCV000188902,17,78086728,17,80112929,188902,187012,rs536906561,NC_000017.11:80112928:G:A,single nucleotide variant,missense variant,Pathogenic,"Jul 3, 2023",reviewed by expert panel,,,,,,,
NM_000152.5(GAA):c.1978C>T (p.Arg660Cys),GAA,R660C,"Glycogen storage disease, type II",VCV000558604,17,78086764,17,80112965,558604,549174,rs759518659,NC_000017.11:80112964:C:T,single nucleotide variant,missense variant,Pathogenic,"Mar 1, 2022",reviewed by expert panel,,,,,,,
NM_000152.5(GAA):c.1979G>A (p.Arg660His),GAA,R660H,"Glycogen storage disease, type II",VCV000189172,17,78086765,17,80112966,189172,187013,rs374143224,NC_000017.11:80112965:G:A,single nucleotide variant,missense variant,Pathogenic,"Mar 1, 2022",reviewed by expert panel,,,,,,,
NM_000152.5(GAA):c.1987C>T (p.Gln663Ter),GAA,Q663*,"Glycogen storage disease, type II",VCV001070357,17,78086773,17,80112974,1070357,1064462,rs2143892654,NC_000017.11:80112973:C:T,single nucleotide variant,nonsense,Pathogenic,"May 30, 2020","criteria provided, single submitter",,,,,,,
NM_000152.5(GAA):c.2004C>A (p.Tyr668Ter),GAA,Y668*,"Glycogen storage disease, type II",VCV002736681,17,78086790,17,80112991,2736681,2905255,rs2510384208,NC_000017.11:80112990:C:A,single nucleotide variant,nonsense,Pathogenic,"Apr 6, 2023","criteria provided, single submitter",,,,,,,
NM_000152.5(GAA):c.2014C>T (p.Arg672Trp),GAA,R672W,"Glycogen storage disease, type II",VCV000188773,17,78086800,17,80113001,188773,187014,rs757111744,NC_000017.11:80113000:C:T,single nucleotide variant,missense variant,Pathogenic,"Jan 4, 2022",reviewed by expert panel,,,,,,,
NM_000152.5(GAA):c.2040+1G>C,GAA,,"Glycogen storage disease, type II",VCV001434322,17,78086827,17,80113028,1434322,1494138,rs1057516928,NC_000017.11:80113027:G:C,single nucleotide variant,splice donor variant,Pathogenic,"May 29, 2021","criteria provided, single submitter",,,,,,,
NM_000152.5(GAA):c.2040+1G>T,GAA,,"Glycogen storage disease, type II",VCV000370998,17,78086827,17,80113028,370998,358510,rs1057516928,NC_000017.11:80113027:G:T,single nucleotide variant,splice donor variant,Pathogenic,"Dec 12, 2025",reviewed by expert panel,,,,,,,
NM_000152.5(GAA):c.2055C>A (p.Tyr685Ter),GAA,Y685*,"Glycogen storage disease, type II",VCV001322965,17,78087031,17,80113232,1322965,1313260,rs750214208,NC_000017.11:80113231:C:A,single nucleotide variant,nonsense,Pathogenic,"Aug 31, 2025",reviewed by expert panel,,,,,,,
NM_000152.5(GAA):c.2074C>T (p.Gln692Ter),GAA,Q692*,"Glycogen storage disease, type II",VCV000810666,17,78087050,17,80113251,810666,798953,rs2039287628,NC_000017.11:80113250:C:T,single nucleotide variant,nonsense,Pathogenic,"Apr 30, 2025","criteria provided, single submitter",,,,,,,
NM_000152.5(GAA):c.2096T>C (p.Leu699Pro),GAA,L699P,"Glycogen storage disease, type II",VCV002892105,17,78087072,17,80113273,2892105,3048363,rs1555601748,NC_000017.11:80113272:T:C,single nucleotide variant,missense variant,Pathogenic,"Oct 4, 2023","criteria provided, single submitter",,,,,,,
NM_000152.5(GAA):c.2104C>T (p.Arg702Cys),GAA,R702C,"Glycogen storage disease, type II",VCV000189040,17,78087080,17,80113281,189040,187016,rs786204645,NC_000017.11:80113280:C:T,single nucleotide variant,missense variant,Pathogenic,"Jan 11, 2025",reviewed by expert panel,,,,,,,
NM_000152.5(GAA):c.2105G>A (p.Arg702His),GAA,R702H,"Glycogen storage disease, type II",VCV000426278,17,78087081,17,80113282,426278,415590,rs398123172,NC_000017.11:80113281:G:A,single nucleotide variant,missense variant,Pathogenic,"Mar 5, 2024",reviewed by expert panel,,,,,,,
NM_000152.5(GAA):c.2105G>T (p.Arg702Leu),GAA,R702L,"Glycogen storage disease, type II",VCV000092472,17,78087081,17,80113282,92472,98381,rs398123172,NC_000017.11:80113281:G:T,single nucleotide variant,missense variant,Pathogenic,"Mar 5, 2024",reviewed by expert panel,,,,,,,
NM_000152.5(GAA):c.2109C>A (p.Tyr703Ter),GAA,Y703*,"Glycogen storage disease, type II",VCV001455954,17,78087085,17,80113286,1455954,1380214,rs150728610,NC_000017.11:80113285:C:A,single nucleotide variant,nonsense,Pathogenic,"May 13, 2021","criteria provided, single submitter",,,,,,,
NM_000152.5(GAA):c.2161G>T (p.Glu721Ter),GAA,E721*,"Glycogen storage disease, type II",VCV001322967,17,78087137,17,80113338,1322967,1313262,rs140376273,NC_000017.11:80113337:G:T,single nucleotide variant,nonsense,Pathogenic,"Nov 9, 2025",reviewed by expert panel,,,,,,,
NM_000152.5(GAA):c.2173C>T (p.Arg725Trp),GAA,R725W,"Glycogen storage disease, type II",VCV000004024,17,78087149,17,80113350,4024,19063,rs121907938,NC_000017.11:80113349:C:T,single nucleotide variant,missense variant,Pathogenic,"Oct 3, 2023",reviewed by expert panel,,,,,,,
NM_000152.5(GAA):c.2188G>T (p.Glu730Ter),GAA,E730*,"Glycogen storage disease, type II",VCV000495665,17,78087164,17,80113365,495665,487782,rs1555601828,NC_000017.11:80113364:G:T,single nucleotide variant,nonsense,Pathogenic,"Feb 14, 2020",reviewed by expert panel,,,,,,,
NM_000152.5(GAA):c.2213G>A (p.Trp738Ter),GAA,W738*,"Glycogen storage disease, type II",VCV000370222,17,78090790,17,80116991,370222,358512,rs1057516327,NC_000017.11:80116990:G:A,single nucleotide variant,nonsense,Pathogenic,"Dec 19, 2024",reviewed by expert panel,,,,,,,
NM_000152.5(GAA):c.2214G>A (p.Trp738Ter),GAA,W738*,"Glycogen storage disease, type II",VCV000370223,17,78090791,17,80116992,370223,358513,rs1057516328,NC_000017.11:80116991:G:A,single nucleotide variant,nonsense,Pathogenic,"Oct 5, 2020",reviewed by expert panel,,,,,,,
NM_000152.5(GAA):c.2227C>T (p.Gln743Ter),GAA,Q743*,"Glycogen storage disease, type II",VCV000370157,17,78090804,17,80117005,370157,358514,rs1057516277,NC_000017.11:80117004:C:T,single nucleotide variant,nonsense,Pathogenic,"Sep 29, 2023","criteria provided, multiple submitters, no conflicts",,,,,,,
NM_000152.5(GAA):c.2237G>A (p.Trp746Ter),GAA,W746*,"Glycogen storage disease, type II",VCV000280063,17,78090814,17,80117015,280063,265034,rs752921215,NC_000017.11:80117014:G:A,single nucleotide variant,nonsense,Pathogenic,"May 5, 2020",reviewed by expert panel,,,,,,,
NM_000152.5(GAA):c.2238G>A (p.Trp746Ter),GAA,W746*,"Glycogen storage disease, type II",VCV000370904,17,78090815,17,80117016,370904,358515,rs1800312,NC_000017.11:80117015:G:A,single nucleotide variant,nonsense,Pathogenic,"May 5, 2020",reviewed by expert panel,,,,,,,
NM_000152.5(GAA):c.2238G>C (p.Trp746Cys),GAA,W746C,"Glycogen storage disease, type II",VCV000265160,17,78090815,17,80117016,265160,260196,rs1800312,NC_000017.11:80117015:G:C,single nucleotide variant,missense variant,Pathogenic,"Oct 26, 2021",reviewed by expert panel,,,,,,,
NM_000152.5(GAA):c.2242G>T (p.Glu748Ter),GAA,E748*,"Glycogen storage disease, type II",VCV000370268,17,78090819,17,80117020,370268,358516,rs1057516363,NC_000017.11:80117019:G:T,single nucleotide variant,nonsense,Pathogenic,"Apr 11, 2023",reviewed by expert panel,,,,,,,
NM_000152.5(GAA):c.2269C>T (p.Gln757Ter),GAA,Q757*,"Glycogen storage disease, type II",VCV000429727,17,78090846,17,80117047,429727,422208,rs200483245,NC_000017.11:80117046:C:T,single nucleotide variant,nonsense,Pathogenic,"May 5, 2020",reviewed by expert panel,,,,,,,
NM_000152.5(GAA):c.2284G>T (p.Glu762Ter),GAA,E762*,"Glycogen storage disease, type II",VCV000939413,17,78090861,17,80117062,939413,938292,rs760063214,NC_000017.11:80117061:G:T,single nucleotide variant,nonsense,Pathogenic,"Jun 18, 2019","criteria provided, single submitter",,,,,,,
NM_000152.5(GAA):c.2297A>C (p.Tyr766Ser),GAA,Y766S,"Glycogen storage disease, type II",VCV000420102,17,78090874,17,80117075,420102,410298,rs144016984,NC_000017.11:80117074:A:C,single nucleotide variant,missense variant,Pathogenic,"Jun 3, 2022",reviewed by expert panel,,,,,,,
NM_000152.5(GAA):c.2297A>G (p.Tyr766Cys),GAA,Y766C,"Glycogen storage disease, type II",VCV000285197,17,78090874,17,80117075,285197,269434,rs144016984,NC_000017.11:80117074:A:G,single nucleotide variant,missense variant,Pathogenic,"Jun 6, 2024",reviewed by expert panel,,,,,,,
NM_000152.5(GAA):c.2331+1G>A,GAA,,"Glycogen storage disease, type II",VCV002675789,17,78090909,17,80117110,2675789,2835908,rs780655708,NC_000017.11:80117109:G:A,single nucleotide variant,splice donor variant,Pathogenic,"Jul 20, 2025","criteria provided, multiple submitters, no conflicts",,,,,,,
NM_000152.5(GAA):c.2331+2T>A,GAA,,"Glycogen storage disease, type II",VCV000371281,17,78090910,17,80117111,371281,358520,rs1057517148,NC_000017.11:80117110:T:A,single nucleotide variant,splice donor variant,Pathogenic,"Dec 19, 2024",reviewed by expert panel,,,,,,,
NM_000152.5(GAA):c.2383G>T (p.Glu795Ter),GAA,E795*,"Glycogen storage disease, type II",VCV000649354,17,78091450,17,80117651,649354,646906,rs886043882,NC_000017.11:80117650:G:T,single nucleotide variant,nonsense,Pathogenic,"Jun 27, 2023",reviewed by expert panel,,,,,,,
NM_000152.5(GAA):c.2399G>T (p.Ser800Ile),GAA,S800I,"Glycogen storage disease, type II",VCV002747737,17,78091466,17,80117667,2747737,2904630,rs2510399260,NC_000017.11:80117666:G:T,single nucleotide variant,missense variant,Pathogenic,"Sep 11, 2025","criteria provided, multiple submitters, no conflicts",,,,,,,
NM_000152.5(GAA):c.2407C>T (p.Gln803Ter),GAA,Q803*,"Glycogen storage disease, type II",VCV000552368,17,78091474,17,80117675,552368,548817,rs1344266804,NC_000017.11:80117674:C:T,single nucleotide variant,nonsense,Pathogenic,"Jul 3, 2023",reviewed by expert panel,,,,,,,
NM_000152.5(GAA):c.2411G>A (p.Trp804Ter),GAA,W804*,"Glycogen storage disease, type II",VCV001693552,17,78091478,17,80117679,1693552,1685986,rs2143925134,NC_000017.11:80117678:G:A,single nucleotide variant,nonsense,Pathogenic,"Mar 6, 2024",reviewed by expert panel,,,,,,,
NM_000152.5(GAA):c.2434G>A (p.Asp812Asn),GAA,D812N,"Glycogen storage disease, type II",VCV000918084,17,78091501,17,80117702,918084,915010,rs1433117170,NC_000017.11:80117701:G:A,single nucleotide variant,missense variant,Pathogenic,"Dec 1, 2019","criteria provided, single submitter",,,,,,,
NM_000152.5(GAA):c.2512C>T (p.Gln838Ter),GAA,Q838*,"Glycogen storage disease, type II",VCV000092479,17,78092022,17,80118223,92479,98388,rs369532274,NC_000017.11:80118222:C:T,single nucleotide variant,nonsense,Pathogenic,"May 4, 2020",reviewed by expert panel,,,,,,,
NM_000152.5(GAA):c.2554G>T (p.Glu852Ter),GAA,E852*,"Glycogen storage disease, type II",VCV002701302,17,78092064,17,80118265,2701302,2862296,rs2510402647,NC_000017.11:80118264:G:T,single nucleotide variant,nonsense,Pathogenic,"Dec 6, 2023","criteria provided, single submitter",,,,,,,
NM_000152.5(GAA):c.2560C>T (p.Arg854Ter),GAA,R854*,"Glycogen storage disease, type II",VCV000004034,17,78092070,17,80118271,4034,19073,rs121907943,NC_000017.11:80118270:C:T,single nucleotide variant,nonsense,Pathogenic,"May 5, 2020",reviewed by expert panel,,,,,,,
NM_000152.5(GAA):c.2577G>A (p.Trp859Ter),GAA,W859*,"Glycogen storage disease, type II",VCV002030537,17,78092087,17,80118288,2030537,2085884,rs757577323,NC_000017.11:80118287:G:A,single nucleotide variant,nonsense,Pathogenic,"Jan 14, 2026","criteria provided, multiple submitters, no conflicts",,,,,,,
NM_000152.5(GAA):c.2608C>T (p.Arg870Ter),GAA,R870*,"Glycogen storage disease, type II",VCV000189009,17,78092118,17,80118319,189009,187018,rs780321415,NC_000017.11:80118318:C:T,single nucleotide variant,nonsense,Pathogenic,"Feb 14, 2020",reviewed by expert panel,,,,,,,
NM_000152.5(GAA):c.2619C>G (p.Tyr873Ter),GAA,Y873*,"Glycogen storage disease, type II",VCV002419147,17,78092129,17,80118330,2419147,1941723,rs1555603132,NC_000017.11:80118329:C:G,single nucleotide variant,nonsense,Pathogenic,"Jan 6, 2022","criteria provided, single submitter",,,,,,,
NM_000152.5(GAA):c.2623C>T (p.Gln875Ter),GAA,Q875*,"not provided|Glycogen storage disease, type II",VCV001322956,17,78092133,17,80118334,1322956,1313251,rs2143930800,NC_000017.11:80118333:C:T,single nucleotide variant,nonsense,Pathogenic,"Oct 3, 2023","criteria provided, multiple submitters, no conflicts",,,,,,,
NM_000152.5(GAA):c.2662G>T (p.Glu888Ter),GAA,E888*,"Glycogen storage disease, type II",VCV000578595,17,78092467,17,80118668,578595,571734,rs765718882,NC_000017.11:80118667:G:T,single nucleotide variant,nonsense,Pathogenic,"May 4, 2020",reviewed by expert panel,,,,,,,
NM_000152.5(GAA):c.2702T>A (p.Leu901Gln),GAA,L901Q,"Glycogen storage disease, type II",VCV002585303,17,78092507,17,80118708,2585303,2752865,rs2510404334,NC_000017.11:80118707:T:A,single nucleotide variant,missense variant,Pathogenic,,"criteria provided, single submitter",,,,,,,
NM_000152.5(GAA):c.2743C>T (p.Gln915Ter),GAA,Q915*,"Glycogen storage disease, type II",VCV002869228,17,78092548,17,80118749,2869228,3027711,rs2510404730,NC_000017.11:80118748:C:T,single nucleotide variant,nonsense,Pathogenic,"Sep 26, 2023","criteria provided, single submitter",,,,,,,
NM_000152.5(GAA):c.2799G>A (p.Lys933=),GAA,,"Glycogen storage disease, type II",VCV003393042,17,78092604,17,80118805,3393042,3552120,,NC_000017.11:80118804:G:A,single nucleotide variant,synonymous variant,Pathogenic,"Nov 1, 2024","criteria provided, single submitter",,,,,,,
NM_000371.4(TTR):c.95T>C (p.Leu32Pro),TTR,L32P,"not specified|Amyloidosis, hereditary systemic 1",VCV000013457,18,29172884,18,31592921,13457,28496,rs121918094,NC_000018.10:31592920:T:C,single nucleotide variant,missense variant,Pathogenic,"Feb 2, 2024","criteria provided, multiple submitters, no conflicts",,,,,,,
NM_030662.4(MAP2K2):c.400T>C (p.Tyr134His),MAP2K2,Y134H,RASopathy,VCV000008274,19,4110557,19,4110559,8274,23313,rs121434499,NC_000019.10:4110558:A:G,single nucleotide variant,missense variant,Pathogenic,"Dec 3, 2024",reviewed by expert panel,,,,,,,
NM_030662.4(MAP2K2):c.383C>A (p.Pro128Gln),MAP2K2,,RASopathy,VCV000008275,19,4110574,19,4110576,8275,23314,rs267607230,NC_000019.10:4110575:G:T,single nucleotide variant,missense variant,Pathogenic,"Sep 17, 2024",reviewed by expert panel,,,,,,,
NM_030662.4(MAP2K2):c.170T>G (p.Phe57Cys),MAP2K2,,RASopathy,VCV000008272,19,4117550,19,4117552,8272,23311,rs121434497,NC_000019.10:4117551:A:C,single nucleotide variant,missense variant,Pathogenic,"Dec 3, 2024",reviewed by expert panel,,,,,,,
NM_030662.4(MAP2K2):c.169T>G (p.Phe57Val),MAP2K2,F57V,Cardio-facio-cutaneous syndrome,VCV000008273,19,4117551,19,4117553,8273,23312,rs121434498,NC_000019.10:4117552:A:C,single nucleotide variant,missense variant,Pathogenic,"May 9, 2017",reviewed by expert panel,,,,,,,
NM_175614.5(NDUFA11):c.97+5G>A,LOC112552175|NDUFA11,,not provided,VCV000449316,19,5903618,19,5903607,449316,446193,rs1348957889,NC_000019.10:5903606:C:T,single nucleotide variant,intron variant,Pathogenic,"Mar 21, 2016","criteria provided, single submitter",,,,,,,
NM_032620.4(GTPBP3):c.1009G>C (p.Asp337His),GTPBP3,"D337H, D359H, D369H",Combined oxidative phosphorylation defect type 23,VCV000180618,19,17451887,19,17341078,180618,178784,rs886037735,NC_000019.10:17341077:G:C,single nucleotide variant,missense variant|intron variant,Pathogenic,"Dec 4, 2014",no assertion criteria provided,,,,,,,
NM_015965.7(NDUFA13):c.107T>C (p.Leu36Pro),NDUFA13|LOC125371495,L36P,"Mitochondrial complex I deficiency, nuclear type 28",VCV000983478,19,19637003,19,19526194,983478,971545,rs2061098856,NC_000019.10:19526193:T:C,single nucleotide variant,missense variant,Pathogenic,"Jul 16, 2024",no assertion criteria provided,,,,,,,
NM_001985.3(ETFB):c.454C>T (p.Gln152Ter),ETFB,"Q152*, Q243*",Multiple acyl-CoA dehydrogenase deficiency,VCV002032940,19,51850297,19,51347043,2032940,2079301,rs2514144323,NC_000019.10:51347042:G:A,single nucleotide variant,nonsense,Pathogenic,"May 9, 2023","criteria provided, single submitter",,,,,,,
NM_000363.5(TNNI3):c.616A>C (p.Lys206Gln),TNNI3,K206Q,Hypertrophic cardiomyopathy 7,VCV000012420,19,55663219,19,55151851,12420,27459,rs104894725,NC_000019.10:55151850:T:G,single nucleotide variant,missense variant,Pathogenic,"Aug 1, 1997",no assertion criteria provided,,,,,,,
NM_000363.5(TNNI3):c.607G>A (p.Gly203Ser),TNNI3,G203S,Hypertrophic cardiomyopathy 7,VCV000012432,19,55663228,19,55151860,12432,27471,rs267607127,NC_000019.10:55151859:C:T,single nucleotide variant,missense variant,Pathogenic,"Aug 1, 1997",no assertion criteria provided,,,,,,,
NM_000363.5(TNNI3):c.575G>A (p.Arg192His),TNNI3,R192H,Hypertrophic cardiomyopathy,VCV000012424,19,55663260,19,55151892,12424,27463,rs104894729,NC_000019.10:55151891:C:T,single nucleotide variant,missense variant,Pathogenic,"Nov 13, 2025",reviewed by expert panel,,,,,,,
NM_000363.5(TNNI3):c.569A>G (p.Asp190Gly),TNNI3,D190G,"Cardiomyopathy, familial restrictive, 1|Hypertrophic cardiomyopathy 7",VCV000012423,19,55663266,19,55151898,12423,27462,rs104894728,NC_000019.10:55151897:T:C,single nucleotide variant,missense variant,Pathogenic,"Jan 1, 2003",no assertion criteria provided,,,,,,,
NM_000363.5(TNNI3):c.549G>T (p.Lys183Asn),TNNI3,K183N,Hypertrophic cardiomyopathy,VCV001409842,19,55665398,19,55154030,1409842,1435098,rs2085710902,NC_000019.10:55154029:C:A,single nucleotide variant,missense variant,Pathogenic,"Oct 28, 2025","criteria provided, single submitter",,,,,,,
NM_000363.5(TNNI3):c.548A>C (p.Lys183Thr),TNNI3,K183T,not provided,VCV000181587,19,55665399,19,55154031,181587,179844,rs730881078,NC_000019.10:55154030:T:G,single nucleotide variant,missense variant,Pathogenic,"Feb 15, 2014","criteria provided, single submitter",,,,,,,
NM_000363.5(TNNI3):c.532A>G (p.Lys178Glu),TNNI3,K178E,"Cardiomyopathy, familial restrictive, 1|Hypertrophic cardiomyopathy 7",VCV000012425,19,55665415,19,55154047,12425,27464,rs104894730,NC_000019.10:55154046:T:C,single nucleotide variant,missense variant,Pathogenic,"Feb 20, 2025","criteria provided, multiple submitters, no conflicts",,,,,,,
NM_000363.5(TNNI3):c.523C>T (p.Gln175Ter),TNNI3,Q175*,Cardiovascular phenotype,VCV000235062,19,55665424,19,55154056,235062,236817,rs876661394,NC_000019.10:55154055:G:A,single nucleotide variant,nonsense,Pathogenic,"Feb 27, 2017","criteria provided, single submitter",,,,,,,
NM_000363.5(TNNI3):c.509G>C (p.Arg170Pro),TNNI3,R170P,Hypertrophic cardiomyopathy,VCV001994254,19,55665438,19,55154070,1994254,2056054,rs727503503,NC_000019.10:55154069:C:G,single nucleotide variant,missense variant,Pathogenic,"Aug 29, 2024","criteria provided, single submitter",,,,,,,
NM_000363.5(TNNI3):c.433C>T (p.Arg145Trp),TNNI3,R145W,"Hypertrophic cardiomyopathy|Restrictive cardiomyopathy|Dilated cardiomyopathy 1FF|Cardiomyopathy, familial restrictive, 1|Dilated cardiomyopathy 2A|Hypertrophic cardiomyopathy 7|Cardiomyopathy|not provided|Hypertrophic cardiomyopathy 7|SUDDEN INFANT DEATH SYNDROME|Hypertrophic cardiomyopathy",VCV000012426,19,55665514,19,55154146,12426,27465,rs104894724,NC_000019.10:55154145:G:A,single nucleotide variant,missense variant,Pathogenic,"Dec 1, 2025","criteria provided, multiple submitters, no conflicts",,,,,,,
NM_000363.5(TNNI3):c.433C>G (p.Arg145Gly),TNNI3,R145G,Cardiovascular phenotype|not provided|Cardiomyopathy|Hypertrophic cardiomyopathy 7|Hypertrophic cardiomyopathy,VCV000012419,19,55665514,19,55154146,12419,27458,rs104894724,NC_000019.10:55154145:G:C,single nucleotide variant,missense variant,Pathogenic,"Jan 4, 2024","criteria provided, multiple submitters, no conflicts",,,,,,,
NM_000363.5(TNNI3):c.280C>T (p.Gln94Ter),TNNI3,Q94*,Hypertrophic cardiomyopathy,VCV003723680,19,55667571,19,55156203,3723680,3860496,,NC_000019.10:55156202:G:A,single nucleotide variant,nonsense,Pathogenic,"Oct 10, 2024","criteria provided, single submitter",,,,,,,
NM_000363.5(TNNI3):c.190G>T (p.Glu64Ter),TNNI3,E64*,Hypertrophic cardiomyopathy,VCV000525007,19,55667661,19,55156293,525007,533401,rs1245885836,NC_000019.10:55156292:C:A,single nucleotide variant,nonsense,Pathogenic,"Apr 22, 2024","criteria provided, single submitter",,,,,,,
NM_000363.5(TNNI3):c.187C>T (p.Arg63Ter),TNNI3,R63*,Hypertrophic cardiomyopathy,VCV002798268,19,55667664,19,55156296,2798268,2955504,rs1286340820,NC_000019.10:55156295:G:A,single nucleotide variant,nonsense,Pathogenic,"Oct 6, 2023","criteria provided, single submitter",,,,,,,
NM_000363.5(TNNI3):c.61C>T (p.Arg21Cys),TNNI3,R21C,Cardiovascular phenotype|Hypertrophic cardiomyopathy,VCV000012434,19,55668465,19,55157097,12434,27473,rs267607128,NC_000019.10:55157096:G:A,single nucleotide variant,missense variant,Pathogenic,"Nov 18, 2024","criteria provided, multiple submitters, no conflicts",,,,,,,
NM_020884.7(MYH7B):c.624+1G>A,MYH7B,,Hypertrophic cardiomyopathy 1,VCV000638683,20,33570359,20,34982556,638683,626459,rs1050997719,NC_000020.11:34982555:G:A,single nucleotide variant,splice donor variant,Pathogenic,"Jun 20, 2019",no assertion criteria provided,,,,,,,
NM_020433.5(JPH2):c.494C>T (p.Ser165Phe),JPH2,S165F,Hypertrophic cardiomyopathy 17,VCV000030457,20,42788933,20,44160293,30457,39414,rs387906898,NC_000020.11:44160292:G:A,single nucleotide variant,missense variant,Pathogenic,"Jun 1, 2007",no assertion criteria provided,,,,,,,
NM_020433.5(JPH2):c.301A>C (p.Ser101Arg),JPH2,S101R,Hypertrophic cardiomyopathy 17,VCV000030455,20,42815045,20,44186405,30455,39412,rs1600482909,NC_000020.11:44186404:T:G,single nucleotide variant,missense variant,Pathogenic,"Jun 1, 2007",no assertion criteria provided,,,,,,,
NM_006767.4(LZTR1):c.485G>A (p.Trp162Ter),LZTR1,W162*,Noonan syndrome 2|Noonan syndrome 10|Hereditary cancer-predisposing syndrome|Cardiovascular phenotype|not provided,VCV001321013,22,21342383,22,20988094,1321013,1311257,rs1458120855,NC_000022.11:20988093:G:A,single nucleotide variant,nonsense,Pathogenic,"Dec 2, 2025","criteria provided, multiple submitters, no conflicts",,,,,,,
NM_006767.4(LZTR1):c.494G>A (p.Trp165Ter),LZTR1,W165*,Noonan syndrome 2,VCV003376752,22,21342392,22,20988103,3376752,3535936,,NC_000022.11:20988102:G:A,single nucleotide variant,nonsense,Pathogenic,"Jul 17, 2023","criteria provided, single submitter",,,,,,,
NM_006767.4(LZTR1):c.628C>T (p.Arg210Ter),LZTR1,R210*,Hereditary cancer-predisposing syndrome|not provided|Fetal anomalies with a likely genetic cause|Hereditary cancer-predisposing syndrome|Cardiovascular phenotype|Noonan syndrome 2|Noonan syndrome 10|LZTR1-related schwannomatosis,VCV000599030,22,21343948,22,20989659,599030,590159,rs150419186,NC_000022.11:20989658:C:T,single nucleotide variant,nonsense,Pathogenic,"Mar 20, 2026","criteria provided, multiple submitters, no conflicts",,,,,,,
NM_006767.4(LZTR1):c.740G>A (p.Ser247Asn),LZTR1,S247N,Noonan syndrome 10,VCV000209090,22,21344763,22,20990474,209090,205687,rs797045166,NC_000022.11:20990473:G:A,single nucleotide variant,missense variant,Pathogenic,"Jun 1, 2015",no assertion criteria provided,,,,,,,
NM_006767.4(LZTR1):c.743G>C (p.Gly248Ala),LZTR1,G248A,Noonan syndrome 10|not provided,VCV002499923,22,21344766,22,20990477,2499923,2477902,rs2147964105,NC_000022.11:20990476:G:C,single nucleotide variant,missense variant,Pathogenic,"Feb 29, 2024","criteria provided, multiple submitters, no conflicts",,,,,,,
NM_006767.4(LZTR1):c.842C>T (p.Pro281Leu),LZTR1,P281L,RASopathy,VCV000561683,22,21345967,22,20991678,561683,553083,rs1390048261,NC_000022.11:20991677:C:T,single nucleotide variant,missense variant,Pathogenic,"Dec 3, 2024",reviewed by expert panel,,,,,,,
NM_006767.4(LZTR1):c.993+1G>A,LZTR1,,RASopathy,VCV000973830,22,21346119,22,20991830,973830,962128,rs770368435,NC_000022.11:20991829:G:A,single nucleotide variant,splice donor variant,Pathogenic,"Dec 3, 2024",reviewed by expert panel,,,,,,,
NM_006767.4(LZTR1):c.1234C>T (p.Arg412Cys),LZTR1,R412C,RASopathy,VCV000373089,22,21347167,22,20992878,373089,360505,rs747430075,NC_000022.11:20992877:C:T,single nucleotide variant,missense variant,Pathogenic,"Jul 8, 2025",reviewed by expert panel,,,,,,,
NM_006767.4(LZTR1):c.1321C>T (p.Gln441Ter),LZTR1,Q441*,LZTR1-related schwannomatosis|Cardiovascular phenotype|Hereditary cancer-predisposing syndrome|Noonan syndrome 2|not provided,VCV002899790,22,21348011,22,20993722,2899790,3067877,rs2518620018,NC_000022.11:20993721:C:T,single nucleotide variant,nonsense,Pathogenic,"Oct 19, 2025","criteria provided, multiple submitters, no conflicts",,,,,,,
NM_006767.4(LZTR1):c.1676T>A (p.Leu559Ter),LZTR1,L559*,Noonan syndrome 2,VCV002627558,22,21348907,22,20994618,2627558,2795075,rs2518621757,NC_000022.11:20994617:T:A,single nucleotide variant,nonsense,Pathogenic,"Mar 31, 2023","criteria provided, single submitter",,,,,,,
NM_006767.4(LZTR1):c.1785+1G>C,LZTR1,,Noonan syndrome 10|not provided,VCV000984443,22,21349017,22,20994728,984443,972527,rs145594158,NC_000022.11:20994727:G:C,single nucleotide variant,splice donor variant,Pathogenic,"Jul 26, 2024","criteria provided, multiple submitters, no conflicts",,,,,,,
NM_006767.4(LZTR1):c.1943-256C>T,LZTR1,,RASopathy,VCV000522800,22,21349779,22,20995490,522800,513479,rs761685529,NC_000022.11:20995489:C:T,single nucleotide variant,intron variant,Pathogenic,"Dec 3, 2024",reviewed by expert panel,,,,,,,
NM_006767.4(LZTR1):c.2104G>T (p.Glu702Ter),LZTR1,E702*,Hereditary cancer-predisposing syndrome|Cardiovascular phenotype|Noonan syndrome 2,VCV001785966,22,21350286,22,20995997,1785966,1850223,rs199765826,NC_000022.11:20995996:G:T,single nucleotide variant,nonsense,Pathogenic,"Mar 13, 2024","criteria provided, multiple submitters, no conflicts",,,,,,,
NM_006767.4(LZTR1):c.2161G>T (p.Glu721Ter),LZTR1,E721*,Noonan syndrome 10|not provided,VCV003656415,22,21350343,22,20996054,3656415,3779225,,NC_000022.11:20996053:G:T,single nucleotide variant,nonsense,Pathogenic,"Nov 25, 2025","criteria provided, multiple submitters, no conflicts",,,,,,,
NM_006767.4(LZTR1):c.2178C>A (p.Tyr726Ter),LZTR1,Y726*,RASopathy,VCV000522799,22,21350360,22,20996071,522799,513480,rs1034395178,NC_000022.11:20996070:C:A,single nucleotide variant,nonsense,Pathogenic,"Dec 3, 2024",reviewed by expert panel,,,,,,,
NM_006767.4(LZTR1):c.2284C>T (p.Gln762Ter),LZTR1,Q762*,Cardiovascular phenotype|Hereditary cancer-predisposing syndrome|not provided,VCV001457076,22,21351049,22,20996760,1457076,1477815,rs1924868328,NC_000022.11:20996759:C:T,single nucleotide variant,nonsense,Pathogenic,"Nov 12, 2025","criteria provided, multiple submitters, no conflicts",,,,,,,
NM_002745.5(MAPK1):c.953A>G (p.Asp318Gly),MAPK1,D318G,"Intellectual disability|Abnormal facial shape|Specific learning disability|Atypical behavior|Heart, malformation of|not provided",VCV000917746,22,22127175,22,21772886,917746,905852,rs2068716907,NC_000022.11:21772885:T:C,single nucleotide variant,missense variant,Pathogenic,"May 20, 2022","criteria provided, multiple submitters, no conflicts",,,,,,,
NM_002745.5(MAPK1):c.521C>T (p.Ala174Val),MAPK1,A174V,"Macrocephaly|Abnormal facial shape|Specific learning disability|Atypical behavior|Heart, malformation of|not provided",VCV000917744,22,22153389,22,21799100,917744,905854,rs2069052012,NC_000022.11:21799099:G:A,single nucleotide variant,missense variant,Pathogenic,"Dec 30, 2021","criteria provided, multiple submitters, no conflicts",,,,,,,
NM_002745.5(MAPK1):c.238C>T (p.His80Tyr),MAPK1,H80Y,Noonan syndrome 13|not provided|Microcephaly|Specific learning disability|Atypical behavior|Abnormal facial shape|Short stature|Intellectual disability,VCV000917743,22,22162017,22,21807728,917743,905855,rs2069154005,NC_000022.11:21807727:G:A,single nucleotide variant,missense variant,Pathogenic,"Oct 16, 2025","criteria provided, multiple submitters, no conflicts",,,,,,,
NM_002745.5(MAPK1):c.221T>A (p.Ile74Asn),MAPK1,I74N,Intellectual disability|Short stature|Atypical behavior|Abnormal facial shape|Microcephaly|Specific learning disability,VCV000917742,22,22162034,22,21807745,917742,905856,rs2069154121,NC_000022.11:21807744:A:T,single nucleotide variant,missense variant,Pathogenic,"Apr 1, 2020","criteria provided, single submitter",,,,,,,
NM_032608.7(MYO18B):c.6496G>T (p.Glu2166Ter),MYO18B,"E2166*, E2167*",Nemaline myopathy,VCV000224413,22,26422436,22,26026470,224413,226149,rs869312740,NC_000022.11:26026469:G:T,single nucleotide variant,nonsense,Pathogenic,"Mar 1, 2024","criteria provided, single submitter",,,,,,,
NM_005138.3(SCO2):c.418G>A (p.Glu140Lys),NCAPH2|SCO2,E140K,"Myopia 6|Cardioencephalomyopathy, fatal infantile, due to cytochrome c oxidase deficiency 1|not provided|Cardioencephalomyopathy, fatal infantile, due to cytochrome c oxidase deficiency 1|Seizure|Severe global developmental delay|Tip-toe gait",VCV000005681,22,50962423,22,50523994,5681,20720,rs74315511,NC_000022.11:50523993:C:T,single nucleotide variant,3 prime UTR variant|missense variant,Pathogenic,"Jan 21, 2026","criteria provided, multiple submitters, no conflicts",,,,,,,
NM_005333.5(HCCS):c.589C>T (p.Arg197Ter),HCCS,R197*,Linear skin defects with multiple congenital anomalies 1,VCV000011670,X,11139094,X,11120974,11670,26709,rs121917888,NC_000023.11:11120973:C:T,single nucleotide variant,nonsense,Pathogenic,"Nov 1, 2006",no assertion criteria provided,,,,,,,
NM_001135998.3(NDUFB11):c.262C>T (p.Arg88Ter),NDUFB11,R88*,"Mitochondrial complex I deficiency, nuclear type 1|Linear skin defects with multiple congenital anomalies 1|Linear skin defects with multiple congenital anomalies 3|not provided",VCV000190302,X,47002089,X,47142690,190302,188131,rs786205225,NC_000023.11:47142689:G:A,single nucleotide variant,nonsense,Pathogenic,"Nov 11, 2025","criteria provided, multiple submitters, no conflicts",,,,,,,
NM_004493.3(HSD17B10):c.551G>A (p.Arg184Gln),HSD17B10,R184Q,HSD10 mitochondrial disease,VCV003780972,X,53458790,X,53431842,3780972,3896931,,NC_000023.11:53431841:C:T,single nucleotide variant,missense variant,Pathogenic,"Apr 15, 2025","criteria provided, single submitter",,,,,,,
NM_004493.3(HSD17B10):c.257A>G (p.Asp86Gly),HSD17B10,D86G,HSD10 mitochondrial disease,VCV000144033,X,53459295,X,53432347,144033,153772,rs587777651,NC_000023.11:53432346:T:C,single nucleotide variant,missense variant,Pathogenic,"Feb 1, 2010",no assertion criteria provided,,,,,,,
NM_001866.3(COX7B):c.41-2A>G,COX7B,,Linear skin defects with multiple congenital anomalies 2,VCV000039768,X,77158138,X,77902641,39768,48367,rs397514584,NC_000023.11:77902640:A:G,single nucleotide variant,splice acceptor variant,Pathogenic,"Nov 2, 2012",no assertion criteria provided,,,,,,,
NM_001866.2(COX7B):c.55C>T (p.Gln19Ter),COX7B,Q19*,Linear skin defects with multiple congenital anomalies 2,VCV000039769,X,77158154,X,77902657,39769,48368,rs397514585,NC_000023.11:77902656:C:T,single nucleotide variant,nonsense,Pathogenic,"Nov 2, 2012",no assertion criteria provided,,,,,,,
NM_000169.3(GLA):c.966C>A (p.Asp322Glu),GLA|RPL36A-HNRNPH2,"D322E, D363E",not provided|Fabry disease,VCV000222459,X,100653391,X,101398403,222459,223862,rs398123226,NC_000023.11:101398402:G:T,single nucleotide variant,non-coding transcript variant|intron variant|missense variant,Pathogenic,"Jan 19, 2026","criteria provided, multiple submitters, no conflicts",,,,,,,
NM_000169.3(GLA):c.902G>A (p.Arg301Gln),GLA|RPL36A-HNRNPH2,"R301Q, R342Q",Cardiovascular phenotype|not provided|Fabry disease|Primary familial hypertrophic cardiomyopathy,VCV000010715,X,100653455,X,101398467,10715,25754,rs104894828,NC_000023.11:101398466:C:T,single nucleotide variant,missense variant|non-coding transcript variant|intron variant,Pathogenic,"Jan 16, 2026","criteria provided, multiple submitters, no conflicts",,,,,,,
NM_000169.3(GLA):c.735G>A (p.Trp245Ter),RPL36A-HNRNPH2|GLA,"W245*, W286*",not provided|Fabry disease,VCV000405508,X,100653839,X,101398851,405508,404465,rs1060500747,NC_000023.11:101398850:C:T,single nucleotide variant,nonsense|non-coding transcript variant|intron variant,Pathogenic,"Sep 15, 2025","criteria provided, multiple submitters, no conflicts",,,,,,,
NM_000169.3(GLA):c.679C>T (p.Arg227Ter),GLA|RPL36A-HNRNPH2,"R227*, R268*",Fabry disease|not provided,VCV000010733,X,100653895,X,101398907,10733,25772,rs104894841,NC_000023.11:101398906:G:A,single nucleotide variant,nonsense|non-coding transcript variant|intron variant,Pathogenic,"Oct 7, 2025","criteria provided, multiple submitters, no conflicts",,,,,,,
NM_000169.3(GLA):c.640-801G>A,GLA|RPL36A-HNRNPH2,,Cardiovascular phenotype|Fabry disease|Hypertrophic cardiomyopathy|not provided|Cardiomyopathy|Fabry disease,VCV000010768,X,100654735,X,101399747,10768,25807,rs199473684,NC_000023.11:101399746:C:T,single nucleotide variant,non-coding transcript variant|intron variant,Pathogenic,"Mar 25, 2026","criteria provided, multiple submitters, no conflicts",,,,,,,
NM_002294.3(LAMP2):c.1093+1G>A,LAMP2,,not provided|Danon disease|Primary dilated cardiomyopathy,VCV000179254,X,119575584,X,120441729,179254,176316,rs727504742,NC_000023.11:120441728:C:T,single nucleotide variant,splice donor variant,Pathogenic,"Jan 27, 2026","criteria provided, multiple submitters, no conflicts",,,,,,,
NM_002294.3(LAMP2):c.1013C>G (p.Ser338Ter),LAMP2,S338*,Danon disease,VCV000409225,X,119575665,X,120441810,409225,404085,rs1060502305,NC_000023.11:120441809:G:C,single nucleotide variant,nonsense,Pathogenic,"Feb 12, 2020","criteria provided, single submitter",,,,,,,
NM_002294.3(LAMP2):c.962G>A (p.Trp321Ter),LAMP2,W321*,Danon disease,VCV000409227,X,119575716,X,120441861,409227,404054,rs1060502306,NC_000023.11:120441860:C:T,single nucleotide variant,nonsense,Pathogenic,"Apr 16, 2016","criteria provided, single submitter",,,,,,,
NM_002294.3(LAMP2):c.928+3A>T,LAMP2,,Danon disease,VCV001064624,X,119576451,X,120442596,1064624,1052878,rs2147279469,NC_000023.11:120442595:T:A,single nucleotide variant,intron variant,Pathogenic,,"criteria provided, single submitter",,,,,,,
NM_002294.3(LAMP2):c.928G>C (p.Val310Leu),LAMP2,V310L,Danon disease,VCV001452436,X,119576454,X,120442599,1452436,1364156,rs104894858,NC_000023.11:120442598:C:G,single nucleotide variant,missense variant,Pathogenic,"Mar 22, 2021","criteria provided, single submitter",,,,,,,
NM_002294.3(LAMP2):c.928G>T (p.Val310Phe),LAMP2,V310F,Danon disease,VCV000835011,X,119576454,X,120442599,835011,849579,rs104894858,NC_000023.11:120442598:C:A,single nucleotide variant,missense variant,Pathogenic,"Aug 3, 2023","criteria provided, single submitter",,,,,,,
NM_002294.3(LAMP2):c.928G>A (p.Val310Ile),LAMP2,V310I,Danon disease|Hypertrophic cardiomyopathy|Cardiovascular phenotype|Danon disease|not provided,VCV000009982,X,119576454,X,120442599,9982,25021,rs104894858,NC_000023.11:120442598:C:T,single nucleotide variant,missense variant,Pathogenic,"Mar 18, 2025","criteria provided, multiple submitters, no conflicts",,,,,,,
NM_002294.3(LAMP2):c.877C>T (p.Arg293Ter),LAMP2,R293*,Cardiovascular phenotype|Danon disease|Hypertrophic cardiomyopathy|not provided|Danon disease,VCV000163812,X,119576505,X,120442650,163812,176318,rs727503118,NC_000023.11:120442649:G:A,single nucleotide variant,nonsense,Pathogenic,"Oct 2, 2025","criteria provided, multiple submitters, no conflicts",,,,,,,
NM_002294.3(LAMP2):c.864+5G>C,LAMP2,,Danon disease,VCV000009975,X,119580155,X,120446300,9975,25014,rs1352584474,NC_000023.11:120446299:C:G,single nucleotide variant,intron variant,Pathogenic,"Aug 24, 2000",no assertion criteria provided,,,,,,,
NM_002294.3(LAMP2):c.864+4A>G,LAMP2,,Danon disease,VCV001300025,X,119580156,X,120446301,1300025,1290190,rs2147281356,NC_000023.11:120446300:T:C,single nucleotide variant,intron variant,Pathogenic,"May 26, 2022",no assertion criteria provided,,,,,,,
NM_002294.3(LAMP2):c.864+1G>A,LAMP2,,not provided|Danon disease,VCV000180876,X,119580159,X,120446304,180876,179890,rs727503119,NC_000023.11:120446303:C:T,single nucleotide variant,splice donor variant,Pathogenic,"Nov 11, 2013","criteria provided, multiple submitters, no conflicts",,,,,,,
NM_002294.3(LAMP2):c.864+1G>T,LAMP2,,not provided|Danon disease,VCV000163813,X,119580159,X,120446304,163813,176441,rs727503119,NC_000023.11:120446303:C:A,single nucleotide variant,splice donor variant,Pathogenic,"Oct 8, 2013","criteria provided, multiple submitters, no conflicts",,,,,,,
NM_002294.3(LAMP2):c.843T>G (p.Tyr281Ter),LAMP2,Y281*,Danon disease,VCV000575405,X,119580181,X,120446326,575405,575322,rs1569369194,NC_000023.11:120446325:A:C,single nucleotide variant,nonsense,Pathogenic,"Mar 9, 2022","criteria provided, single submitter",,,,,,,
NM_002294.3(LAMP2):c.741+2T>A,LAMP2,,Danon disease,VCV001514744,X,119581694,X,120447839,1514744,1485787,rs2147282355,NC_000023.11:120447838:A:T,single nucleotide variant,splice donor variant,Pathogenic,"Oct 28, 2022","criteria provided, single submitter",,,,,,,
NM_002294.3(LAMP2):c.718C>T (p.Gln240Ter),LAMP2,Q240*,not provided|Danon disease,VCV000488987,X,119581719,X,120447864,488987,482232,rs1556101420,NC_000023.11:120447863:G:A,single nucleotide variant,nonsense,Pathogenic,"Apr 28, 2021","criteria provided, multiple submitters, no conflicts",,,,,,,
NM_002294.3(LAMP2):c.696T>A (p.Cys232Ter),LAMP2,C232*,Cardiovascular phenotype|Danon disease,VCV000463159,X,119581741,X,120447886,463159,472048,rs1556101523,NC_000023.11:120447885:A:T,single nucleotide variant,nonsense,Pathogenic,"Oct 18, 2024","criteria provided, multiple submitters, no conflicts",,,,,,,
NM_002294.3(LAMP2):c.646G>T (p.Glu216Ter),LAMP2,E216*,Danon disease,VCV001074071,X,119581791,X,120447936,1074071,1065151,rs2147282434,NC_000023.11:120447935:C:A,single nucleotide variant,nonsense,Pathogenic,"Feb 3, 2022","criteria provided, single submitter",,,,,,,
NM_002294.3(LAMP2):c.520C>T (p.Gln174Ter),LAMP2,Q174*,Danon disease|not provided,VCV000009981,X,119582861,X,120449006,9981,25020,rs104894857,NC_000023.11:120449005:G:A,single nucleotide variant,nonsense,Pathogenic,"Nov 22, 2025","criteria provided, multiple submitters, no conflicts",,,,,,,
NM_002294.3(LAMP2):c.496C>T (p.Gln166Ter),LAMP2,Q166*,Danon disease,VCV003638815,X,119582885,X,120449030,3638815,3771682,,NC_000023.11:120449029:G:A,single nucleotide variant,nonsense,Pathogenic,"Feb 4, 2024","criteria provided, single submitter",,,,,,,
NM_002294.3(LAMP2):c.467T>G (p.Leu156Ter),LAMP2,L156*,Danon disease,VCV001323203,X,119582914,X,120449059,1323203,1313489,rs1385890053,NC_000023.11:120449058:A:C,single nucleotide variant,nonsense,Pathogenic,"May 21, 2021","criteria provided, single submitter",,,,,,,
NM_002294.3(LAMP2):c.440T>A (p.Leu147Ter),LAMP2,L147*,Danon disease,VCV000009974,X,119582941,X,120449086,9974,25013,rs137852527,NC_000023.11:120449085:A:T,single nucleotide variant,nonsense,Pathogenic,"Aug 24, 2000",no assertion criteria provided,,,,,,,
NM_002294.3(LAMP2):c.327T>A (p.Tyr109Ter),LAMP2,Y109*,Danon disease,VCV001323223,X,119589282,X,120455427,1323223,1313509,rs1397410765,NC_000023.11:120455426:A:T,single nucleotide variant,nonsense,Pathogenic,"Dec 8, 2021","criteria provided, single submitter",,,,,,,
NM_002294.3(LAMP2):c.294G>A (p.Trp98Ter),LAMP2,W98*,Danon disease,VCV000228356,X,119589315,X,120455460,228356,231248,rs876657696,NC_000023.11:120455459:C:T,single nucleotide variant,nonsense,Pathogenic,"Mar 18, 2015","criteria provided, single submitter",,,,,,,
NM_002294.3(LAMP2):c.293G>A (p.Trp98Ter),LAMP2,W98*,not provided|Danon disease,VCV000044423,X,119589316,X,120455461,44423,53590,rs397516740,NC_000023.11:120455460:C:T,single nucleotide variant,nonsense,Pathogenic,"Jan 19, 2021","criteria provided, multiple submitters, no conflicts",,,,,,,
NM_002294.3(LAMP2):c.271C>T (p.Gln91Ter),LAMP2,Q91*,Danon disease,VCV004731738,X,119589338,X,120455483,4731738,4836348,,NC_000023.11:120455482:G:A,single nucleotide variant,nonsense,Pathogenic,"Nov 23, 2025","criteria provided, single submitter",,,,,,,
NM_002294.3(LAMP2):c.222T>A (p.Tyr74Ter),LAMP2,Y74*,Danon disease,VCV002755105,X,119589387,X,120455532,2755105,2909804,rs2520908238,NC_000023.11:120455531:A:T,single nucleotide variant,nonsense,Pathogenic,"Aug 25, 2023","criteria provided, single submitter",,,,,,,
NM_002294.3(LAMP2):c.183+2T>C,LAMP2,,Danon disease,VCV001323222,X,119590504,X,120456649,1323222,1313508,rs2147287565,NC_000023.11:120456648:A:G,single nucleotide variant,splice donor variant,Pathogenic,"Oct 3, 2023","criteria provided, single submitter",,,,,,,
NM_002294.3(LAMP2):c.183T>G (p.Tyr61Ter),LAMP2,Y61*,Danon disease,VCV000044419,X,119590506,X,120456651,44419,53586,rs397516736,NC_000023.11:120456650:A:C,single nucleotide variant,nonsense,Pathogenic,"Apr 25, 2023","criteria provided, single submitter",,,,,,,
NM_002294.3(LAMP2):c.183T>A (p.Tyr61Ter),LAMP2,Y61*,Danon disease,VCV000044418,X,119590506,X,120456651,44418,53585,rs397516736,NC_000023.11:120456650:A:T,single nucleotide variant,nonsense,Pathogenic,"Aug 27, 2020","criteria provided, single submitter",,,,,,,
NM_002294.3(LAMP2):c.139C>T (p.Gln47Ter),LAMP2,Q47*,Danon disease,VCV001012342,X,119590550,X,120456695,1012342,1000078,rs2147287624,NC_000023.11:120456694:G:A,single nucleotide variant,nonsense,Pathogenic,"Dec 2, 2020","criteria provided, single submitter",,,,,,,
NM_002294.3(LAMP2):c.138G>A (p.Trp46Ter),LAMP2,W46*,Danon disease,VCV000560927,X,119590551,X,120456696,560927,552241,rs1271031981,NC_000023.11:120456695:C:T,single nucleotide variant,nonsense,Pathogenic,"Sep 1, 2017","criteria provided, single submitter",,,,,,,
NM_002294.3(LAMP2):c.137G>A (p.Trp46Ter),LAMP2,W46*,Danon disease,VCV000577660,X,119590552,X,120456697,577660,574266,rs1569371591,NC_000023.11:120456696:C:T,single nucleotide variant,nonsense,Pathogenic,"May 9, 2018","criteria provided, single submitter",,,,,,,
NM_002294.3(LAMP2):c.129T>A (p.Tyr43Ter),LAMP2,Y43*,Danon disease,VCV002057089,X,119590560,X,120456705,2057089,2105911,rs2520913146,NC_000023.11:120456704:A:T,single nucleotide variant,nonsense,Pathogenic,"Dec 24, 2021","criteria provided, single submitter",,,,,,,
NM_002294.3(LAMP2):c.123C>A (p.Cys41Ter),LAMP2,C41*,Danon disease,VCV002762825,X,119590566,X,120456711,2762825,2931319,rs1921109201,NC_000023.11:120456710:G:T,single nucleotide variant,nonsense,Pathogenic,"Dec 28, 2025","criteria provided, single submitter",,,,,,,
NM_002294.3(LAMP2):c.88G>T (p.Glu30Ter),LAMP2,E30*,Danon disease,VCV002850235,X,119590601,X,120456746,2850235,3015843,rs2520913492,NC_000023.11:120456745:C:A,single nucleotide variant,nonsense,Pathogenic,"Mar 27, 2023","criteria provided, single submitter",,,,,,,
NM_002294.3(LAMP2):c.65-2A>G,LAMP2,,not provided|Danon disease,VCV000044427,X,119590626,X,120456771,44427,53594,rs397516743,NC_000023.11:120456770:T:C,single nucleotide variant,splice acceptor variant,Pathogenic,"May 1, 2020","criteria provided, multiple submitters, no conflicts",,,,,,,
NM_002294.3(LAMP2):c.64+1G>C,LAMP2,,Danon disease,VCV000845902,X,119602960,X,120469105,845902,852462,rs957313991,NC_000023.11:120469104:C:G,single nucleotide variant,splice donor variant,Pathogenic,"Feb 12, 2019","criteria provided, single submitter",,,,,,,
NM_002294.3(LAMP2):c.64G>T (p.Gly22Ter),LAMP2,G22*,Danon disease,VCV001323186,X,119602961,X,120469106,1323186,1313472,rs2147294800,NC_000023.11:120469105:C:A,single nucleotide variant,nonsense,Pathogenic,"Jun 17, 2023","criteria provided, single submitter",,,,,,,
NM_002294.3(LAMP2):c.54C>A (p.Cys18Ter),LAMP2,C18*,Danon disease,VCV001398614,X,119602971,X,120469116,1398614,1427680,rs2147294814,NC_000023.11:120469115:G:T,single nucleotide variant,nonsense,Pathogenic,"Dec 22, 2022","criteria provided, single submitter",,,,,,,
NM_002294.3(LAMP2):c.1A>C (p.Met1Leu),LAMP2,M1L,Cardiovascular phenotype|Danon disease,VCV001523103,X,119603024,X,120469169,1523103,1350272,rs1556124149,NC_000023.11:120469168:T:G,single nucleotide variant,missense variant|initiator_codon_variant,Pathogenic,"May 8, 2025","criteria provided, multiple submitters, no conflicts",,,,,,,
NM_001159699.2(FHL1):c.673T>C (p.Cys225Arg),FHL1,"C209R, C225R, C238R",X-linked myopathy with postural muscle atrophy,VCV000011557,X,135290737,X,136208578,11557,26596,rs122459149,NC_000023.11:136208577:T:C,single nucleotide variant,missense variant|non-coding transcript variant|intron variant,Pathogenic,"Jun 24, 2023","criteria provided, single submitter",,,,,,,
NM_001159699.2(FHL1):c.856C>T (p.Gln286Ter),FHL1,"Q286*, Q299*, Q270*",X-linked myopathy with postural muscle atrophy,VCV002910490,X,135292149,X,136209990,2910490,3072958,rs747922027,NC_000023.11:136209989:C:T,single nucleotide variant,nonsense|3 prime UTR variant|non-coding transcript variant,Pathogenic,"May 26, 2024","criteria provided, single submitter",,,,,,,
NM_003491.4(NAA10):c.247C>T (p.Arg83Cys),NAA10,"R83C, R77C",NAA10-related disorder|not provided|Inborn genetic diseases|Ogden syndrome|Intellectual disability|See cases,VCV000208664,X,153197863,X,153932410,208664,205334,rs797044868,NC_000023.11:153932409:G:A,single nucleotide variant,missense variant,Pathogenic,"Nov 8, 2025","criteria provided, multiple submitters, no conflicts",,,,,,,
NM_000116.5(TAFAZZIN):c.110-2A>G,TAFAZZIN|DNASE1L1,,3-Methylglutaconic aciduria type 2,VCV000011109,X,153640421,X,154412084,11109,26148,rs1603376833,NC_000023.11:154412083:A:G,single nucleotide variant,5 prime UTR variant|splice acceptor variant,Pathogenic,"Sep 16, 2020","criteria provided, multiple submitters, no conflicts",,,,,,,
NM_000116.5(TAFAZZIN):c.153C>A (p.Tyr51Ter),TAFAZZIN,"Y51*, Y69*",3-Methylglutaconic aciduria type 2,VCV002112174,X,153640466,X,154412129,2112174,2171345,rs104894941,NC_000023.11:154412128:C:A,single nucleotide variant,nonsense|non-coding transcript variant,Pathogenic,"Apr 9, 2022","criteria provided, multiple submitters, no conflicts",,,,,,,
NM_000116.5(TAFAZZIN):c.154G>T (p.Glu52Ter),TAFAZZIN,"E52*, E70*",not provided|3-Methylglutaconic aciduria type 2,VCV000202091,X,153640467,X,154412130,202091,198552,rs794729166,NC_000023.11:154412129:G:T,single nucleotide variant,nonsense|non-coding transcript variant,Pathogenic,"Nov 19, 2024","criteria provided, multiple submitters, no conflicts",,,,,,,
NM_000116.5(TAFAZZIN):c.236G>A (p.Trp79Ter),TAFAZZIN,"W79*, W97*",TAFAZZIN-related disorder|3-Methylglutaconic aciduria type 2,VCV002506921,X,153640549,X,154412212,2506921,2671893,rs2522925387,NC_000023.11:154412211:G:A,single nucleotide variant,nonsense|non-coding transcript variant,Pathogenic,"Sep 17, 2023","criteria provided, multiple submitters, no conflicts",,,,,,,
NM_000116.5(TAFAZZIN):c.239-1G>C,TAFAZZIN,,3-Methylglutaconic aciduria type 2,VCV000011102,X,153641543,X,154413206,11102,26141,rs1603377590,NC_000023.11:154413205:G:C,single nucleotide variant,splice acceptor variant,Pathogenic,"Apr 1, 1996",no assertion criteria provided,,,,,,,
NM_000116.5(TAFAZZIN):c.239-1G>A,TAFAZZIN,,3-Methylglutaconic aciduria type 2,VCV000011100,X,153641543,X,154413206,11100,26139,rs1603377590,NC_000023.11:154413205:G:A,single nucleotide variant,splice acceptor variant,Pathogenic,"Apr 1, 1996",no assertion criteria provided,,,,,,,
NM_000116.5(TAFAZZIN):c.280C>A (p.Arg94Ser),TAFAZZIN,"R94S, R112S",3-Methylglutaconic aciduria type 2,VCV000011110,X,153641585,X,154413248,11110,26149,rs104894942,NC_000023.11:154413247:C:A,single nucleotide variant,missense variant|non-coding transcript variant,Pathogenic,"Jan 1, 2002",no assertion criteria provided,,,,,,,
NM_000116.5(TAFAZZIN):c.284+110G>A,TAFAZZIN,,3-Methylglutaconic aciduria type 2,VCV000011107,X,153641699,X,154413362,11107,26146,rs1603377747,NC_000023.11:154413361:G:A,single nucleotide variant,intron variant,Pathogenic,"Nov 1, 2001",no assertion criteria provided,,,,,,,
NM_000116.5(TAFAZZIN):c.367C>T (p.Arg123Ter),TAFAZZIN,"R123*, R141*",not provided|3-Methylglutaconic aciduria type 2,VCV000560626,X,153641901,X,154413564,560626,551752,rs1569552731,NC_000023.11:154413563:C:T,single nucleotide variant,nonsense|non-coding transcript variant,Pathogenic,"Feb 12, 2025","criteria provided, multiple submitters, no conflicts",,,,,,,
NM_000116.5(TAFAZZIN):c.370G>T (p.Gly124Ter),TAFAZZIN,"G142*, G124*",3-Methylglutaconic aciduria type 2,VCV000638931,X,153641904,X,154413567,638931,649885,rs1603377945,NC_000023.11:154413566:G:T,single nucleotide variant,nonsense|non-coding transcript variant,Pathogenic,"Apr 22, 2024","criteria provided, multiple submitters, no conflicts",,,,,,,
NM_000116.5(TAFAZZIN):c.461-2A>G,TAFAZZIN,,not provided|3-Methylglutaconic aciduria type 2,VCV000234475,X,153647880,X,154419541,234475,232141,rs876661038,NC_000023.11:154419540:A:G,single nucleotide variant,splice acceptor variant,Pathogenic,"Jul 22, 2020","criteria provided, multiple submitters, no conflicts",,,,,,,
NM_000116.5(TAFAZZIN):c.497T>A (p.Leu166Ter),TAFAZZIN,"L136*, L154*, L166*, L184*",3-Methylglutaconic aciduria type 2,VCV002506891,X,153647918,X,154419579,2506891,2671863,rs2522985080,NC_000023.11:154419578:T:A,single nucleotide variant,nonsense|non-coding transcript variant,Pathogenic,"Aug 5, 2020","criteria provided, single submitter",,,,,,,
NM_000116.5(TAFAZZIN):c.562G>T (p.Glu188Ter),TAFAZZIN,"E176*, E188*, E158*",3-Methylglutaconic aciduria type 2,VCV002737444,X,153648064,X,154419725,2737444,2899091,rs375663114,NC_000023.11:154419724:G:T,single nucleotide variant,intron variant|nonsense|non-coding transcript variant,Pathogenic,"Aug 30, 2023","criteria provided, single submitter",,,,,,,
NM_000116.5(TAFAZZIN):c.582G>A (p.Trp194Ter),TAFAZZIN,"W194*, W164*",not provided|3-Methylglutaconic aciduria type 2,VCV000202093,X,153648084,X,154419745,202093,198556,rs794729167,NC_000023.11:154419744:G:A,single nucleotide variant,nonsense|non-coding transcript variant|intron variant,Pathogenic,"May 24, 2023","criteria provided, multiple submitters, no conflicts",,,,,,,
NM_000116.5(TAFAZZIN):c.583G>T (p.Gly195Ter),TAFAZZIN,"G195*, G165*",not provided|3-Methylglutaconic aciduria type 2,VCV000559336,X,153648085,X,154419746,559336,550110,rs878853656,NC_000023.11:154419745:G:T,single nucleotide variant,nonsense|non-coding transcript variant|intron variant,Pathogenic,"Jun 6, 2025","criteria provided, multiple submitters, no conflicts",,,,,,,
NM_000116.5(TAFAZZIN):c.647-1G>C,TAFAZZIN,,3-Methylglutaconic aciduria type 2,VCV000011112,X,153648550,X,154420211,11112,26151,rs587776741,NC_000023.11:154420210:G:C,single nucleotide variant,splice acceptor variant,Pathogenic,"Dec 1, 2002",no assertion criteria provided,,,,,,,
NM_000116.5(TAFAZZIN):c.697C>T (p.Gln233Ter),TAFAZZIN,"Q203*, Q233*, Q189*, Q219*, Q237*",3-Methylglutaconic aciduria type 2,VCV000662186,X,153648601,X,154420262,662186,649892,rs1603381860,NC_000023.11:154420261:C:T,single nucleotide variant,nonsense|non-coding transcript variant,Pathogenic,"Dec 22, 2018","criteria provided, single submitter",,,,,,,
NM_000116.5(TAFAZZIN):c.700-1G>A,TAFAZZIN,,3-Methylglutaconic aciduria type 2,VCV000042265,X,153648996,X,154420657,42265,51435,rs397515747,NC_000023.11:154420656:G:A,single nucleotide variant,splice acceptor variant,Pathogenic,"May 18, 2017","criteria provided, single submitter",,,,,,,
NC_012920.1(MT-TL1):m.3243A>G,MT-TL1,,Mitochondrial disease,VCV000009589,MT,3243,MT,3243,9589,24628,rs199474657,NC_012920.1:3242:A:G,single nucleotide variant,,Pathogenic,"Aug 20, 2020",reviewed by expert panel,,,,,,,
NC_012920.1(MT-TL1):m.3271T>C,MT-TL1,,Mitochondrial disease,VCV000009590,MT,3271,MT,3271,9590,24629,rs199474658,NC_012920.1:3270:T:C,single nucleotide variant,,Pathogenic,"Apr 25, 2023",reviewed by expert panel,,,,,,,
NC_012920.1(MT-CO2):m.7896G>A,MT-CO2,,Mitochondrial disease,VCV000009662,MT,7896,MT,7896,9662,24701,rs199474829,NC_012920.1:7895:G:A,single nucleotide variant,,Pathogenic,"Feb 12, 2024",reviewed by expert panel,,,,,,,
NC_012920.1(MT-ATP6):m.8993T>G,MT-ATP6|MT-ATP8|MT-CO1|MT-CO2|MT-CO3|MT-ND1|MT-ND2|MT-ND3|MT-ND4|MT-ND4L|MT-ND5|MT-TA|MT-TC|MT-TD|MT-TG|MT-TH|MT-TI|MT-TK|MT-TM|MT-TN|MT-TQ|MT-TR|MT-TS1|MT-TS2|MT-TW|MT-TY,,Mitochondrial disease,VCV000009641,MT,8993,MT,8993,9641,24680,rs199476133,NC_012920.1:8992:T:G,single nucleotide variant,,Pathogenic,"Mar 22, 2021",reviewed by expert panel,,,,,,,
NC_012920.1(MT-ATP6):m.9176T>C,MT-ATP6,,Mitochondrial disease,VCV000009644,MT,9176,MT,9176,9644,24683,rs199476135,NC_012920.1:9175:T:C,single nucleotide variant,,Pathogenic,"Jun 30, 2022",reviewed by expert panel,,,,,,,
